kayit_id,satir_no,boy,bolum_tipi,karakter_1,karakter_1_id,karakter_1_tipi,karakter_2,karakter_2_id,karakter_2_tipi,iliski_ham,iliski_turu,katman,agirlik,kutupluluk,yonluluk,cikarma_yontemi,not,ham_satir,kaynak_notu,source_file
DKR0001,2.0,Girizgah,girizgah,Dede Korkut,dede_korkut,kişi,Bayat Boyu,bayat_boyu,grup,bayat boyu,kimlik/unvan,kimlik,2,nötr,yönlü,açık_ilişki,,Dede korkut - bayat boyu,ham_okuma_notu; araştırmacı tarafından standartlaştırıldı,01_girizgah.csv
DKR0003,6.0,Dirse Han Oglu boğaç Han Boyu,boy,Bayındır Han,bayindir_han,kişi,Kam Gan,kam_gan,kişi,oğlu,akrabalık,akrabalık,5,pozitif,yönsüz,çıkarımsal_akrabalık,hanlar hanı,Kam Gan oğlu bayındır han - hanlar hanı,ham_okuma_notu; araştırmacı tarafından standartlaştırıldı,02_dirse_han_oglu_bogac_han_boyu.csv
DKR0006,9.0,Dirse Han Oglu boğaç Han Boyu,boy,Dirse Han,dirse_han,kişi,Bayındır Han'ın Adamları,bayindir_hanin_adamlari,grup,diy0,diyalog_nötr,iletişim,2,nötr,yönlü,açık_ilişki,diy0,Dirse Han - bayındır han'ın adamları (diy0),ham_okuma_notu; araştırmacı tarafından standartlaştırıldı,02_dirse_han_oglu_bogac_han_boyu.csv
DKR0007,10.0,Dirse Han Oglu boğaç Han Boyu,boy,Dirse Han,dirse_han,kişi,Dirse Han'ın Karısı,dirse_hanin_karisi,kişi,diy0,diyalog_nötr,iletişim,2,nötr,yönlü,açık_ilişki,diy0,Dirse Han - Dirse han'ın Karısı (diy0),ham_okuma_notu; araştırmacı tarafından standartlaştırıldı,02_dirse_han_oglu_bogac_han_boyu.csv
DKR0008,11.0,Dirse Han Oglu boğaç Han Boyu,boy,Dirse Han'ın Karısı,dirse_hanin_karisi,kişi,Dirse Han,dirse_han,kişi,diy0,diyalog_nötr,iletişim,2,nötr,yönlü,açık_ilişki,diy0,Dirse Han'ın Karısı - Dirse Han (diy0),ham_okuma_notu; araştırmacı tarafından standartlaştırıldı,02_dirse_han_oglu_bogac_han_boyu.csv
DKR0013,16.0,Dirse Han Oglu boğaç Han Boyu,boy,Boğaç Han,bogac_han,kişi,Dirse Han,dirse_han,kişi,oğlu,akrabalık,akrabalık,5,pozitif,yönsüz,çıkarımsal_akrabalık,,Dirse han oğlu boğaç han,ham_okuma_notu; araştırmacı tarafından standartlaştırıldı,02_dirse_han_oglu_bogac_han_boyu.csv
DKR0016,19.0,Dirse Han Oglu boğaç Han Boyu,boy,Dirse Han'ın 40 Adamı,dirse_hanin_40_adami,grup,Dirse Han,dirse_han,kişi,diy - 2 kez iftira,diyalog_olumsuz,iletişim,3,negatif,yönlü,açık_ilişki,diy - 2 kez iftira,Dirse Han'ın 40 adamı - dirse (diy - 2 kez iftira),ham_okuma_notu; araştırmacı tarafından standartlaştırıldı,02_dirse_han_oglu_bogac_han_boyu.csv
DKR0017,20.0,Dirse Han Oglu boğaç Han Boyu,boy,Dirse Han'ın 40 Adamı,dirse_hanin_40_adami,grup,Dirse Han,dirse_han,kişi,ikna,ikna/müzakere,iletişim,3,karışık,yönlü,açık_ilişki,ikna,Dirse han'ın 40 adamı - dirse (ikna),ham_okuma_notu; araştırmacı tarafından standartlaştırıldı,02_dirse_han_oglu_bogac_han_boyu.csv
DKR0018,21.0,Dirse Han Oglu boğaç Han Boyu,boy,Dirse Han,dirse_han,kişi,Oğlu ve 40 Adamı,oglu_ve_40_adami,grup,emir - av,otorite/emir,otorite,3,nötr,yönlü,açık_ilişki,emir - av,Dirse - oğlu ve 40 adamı (emir - av),ham_okuma_notu; araştırmacı tarafından standartlaştırıldı,02_dirse_han_oglu_bogac_han_boyu.csv
DKR0019,22.0,Dirse Han Oglu boğaç Han Boyu,boy,Dirse Han'ın 40 Adamı,dirse_hanin_40_adami,grup,Boğaç Han,bogac_han,kişi,tuzağa çekme,gerilim,çatışma,4,negatif,yönsüz,açık_ilişki,tuzağa çekme,Dirse'nin 40 adamı - boğaç han (tuzağa çekme),ham_okuma_notu; araştırmacı tarafından standartlaştırıldı,02_dirse_han_oglu_bogac_han_boyu.csv
DKR0020,23.0,Dirse Han Oglu boğaç Han Boyu,boy,Dirse Han'ın 40 Adamı,dirse_hanin_40_adami,grup,Dirse Han,dirse_han,kişi,ikna - boğaç'ı öldür,ikna/müzakere,iletişim,3,karışık,yönlü,açık_ilişki,ikna - boğaç'ı öldür,Dirse'nin 40 adamı - dirse (ikna - boğaç'ı öldür),ham_okuma_notu; araştırmacı tarafından standartlaştırıldı,02_dirse_han_oglu_bogac_han_boyu.csv
DKR0021,24.0,Dirse Han Oglu boğaç Han Boyu,boy,Dirse Han'ın Karısı,dirse_hanin_karisi,kişi,Dirse Han,dirse_han,kişi,diy0,diyalog_nötr,iletişim,2,nötr,yönlü,açık_ilişki,diy0,Dirse'nin karısı - dirse (diy0),ham_okuma_notu; araştırmacı tarafından standartlaştırıldı,02_dirse_han_oglu_bogac_han_boyu.csv
DKR0022,25.0,Dirse Han Oglu boğaç Han Boyu,boy,Dirse Han'ın 40 Adamı,dirse_hanin_40_adami,grup,Dirse Han,dirse_han,kişi,ikna - obaya dön,ikna/müzakere,iletişim,3,karışık,yönlü,açık_ilişki,ikna - obaya dön,Dirse'nin 40 adamı - Dirse (ikna - obaya dön),ham_okuma_notu; araştırmacı tarafından standartlaştırıldı,02_dirse_han_oglu_bogac_han_boyu.csv
DKR0023,26.0,Dirse Han Oglu boğaç Han Boyu,boy,Dirse Han'ın 40 Adamı,dirse_hanin_40_adami,grup,Dirse Han'ın Karısı,dirse_hanin_karisi,kişi,ikna - Boğaç avda,ikna/müzakere,iletişim,3,karışık,yönlü,açık_ilişki,ikna - Boğaç avda,Dirse'nin 40 adamı - dirse'nin karısı (ikna - Boğaç avda),ham_okuma_notu; araştırmacı tarafından standartlaştırıldı,02_dirse_han_oglu_bogac_han_boyu.csv
DKR0024,27.0,Dirse Han Oglu boğaç Han Boyu,boy,Dirse Han'ın Karısı,dirse_hanin_karisi,kişi,40 Ince Belli Kız,40_ince_belli_kiz,kişi,emir - boğaç'ı bulun,otorite/emir,otorite,3,nötr,yönlü,açık_ilişki,emir - boğaç'ı bulun,Dirse'nin karısı - 40 ince belli kız (emir - boğaç'ı bulun),ham_okuma_notu; araştırmacı tarafından standartlaştırıldı,02_dirse_han_oglu_bogac_han_boyu.csv
DKR0026,29.0,Dirse Han Oglu boğaç Han Boyu,boy,Hızır,hizir,mitolojik/ilahi,Boğaç,bogac,kişi,diy+ şifanın yolu,diyalog_olumlu,iletişim,3,pozitif,yönlü,açık_ilişki,diy+ şifanın yolu,Hızır - boğaç (diy+ şifanın yolu),ham_okuma_notu; araştırmacı tarafından standartlaştırıldı,02_dirse_han_oglu_bogac_han_boyu.csv
DKR0027,30.0,Dirse Han Oglu boğaç Han Boyu,boy,Dirse Han'ın Karısı,dirse_hanin_karisi,kişi,Boğaç,bogac,kişi,diy0,diyalog_nötr,iletişim,2,nötr,yönlü,açık_ilişki,diy0,Dirse'nin karısı - boğaç (diy0),ham_okuma_notu; araştırmacı tarafından standartlaştırıldı,02_dirse_han_oglu_bogac_han_boyu.csv
DKR0028,31.0,Dirse Han Oglu boğaç Han Boyu,boy,Boğaç,bogac,kişi,Hekimler,hekimler,grup,iyileştirme,destek/yardım,olay,4,pozitif,yönlü,açık_ilişki,iyileştirme,boğaç - hekimler (iyileştirme),ham_okuma_notu; araştırmacı tarafından standartlaştırıldı,02_dirse_han_oglu_bogac_han_boyu.csv
DKR0030,33.0,Dirse Han Oglu boğaç Han Boyu,boy,Dirse Han'ın 40 Adamı,dirse_hanin_40_adami,grup,Dirse Han,dirse_han,kişi,çatışma - dirse esir alındı,çatışma,çatışma,5,negatif,yönsüz,açık_ilişki,çatışma - dirse esir alındı,dirse'nin 40 adamı - dirse (çatışma - dirse esir alındı),ham_okuma_notu; araştırmacı tarafından standartlaştırıldı,02_dirse_han_oglu_bogac_han_boyu.csv
DKR0031,34.0,Dirse Han Oglu boğaç Han Boyu,boy,Dirse Han'ın Karısı,dirse_hanin_karisi,kişi,Boğaç,bogac,kişi,ikna babanı kurtar,ikna/müzakere,iletişim,3,karışık,yönlü,açık_ilişki,ikna babanı kurtar,Dirse'nin karısı - boğaç (ikna babanı kurtar),ham_okuma_notu; araştırmacı tarafından standartlaştırıldı,02_dirse_han_oglu_bogac_han_boyu.csv
DKR0032,35.0,Dirse Han Oglu boğaç Han Boyu,boy,Boğaç,bogac,kişi,Boğaç'ın 40 Adamı,bogacin_40_adami,grup,hareket,hareket/eylem,olay,2,nötr,yönlü,açık_ilişki,hareket,Boğaç - boğaç'ın 40 adamı (hareket),ham_okuma_notu; araştırmacı tarafından standartlaştırıldı,02_dirse_han_oglu_bogac_han_boyu.csv
DKR0033,36.0,Dirse Han Oglu boğaç Han Boyu,boy,Dire,dire,kişi,Dirse Han'ın 40 Adamı,dirse_hanin_40_adami,grup,ikna - boğaç'a karşı savaş,ikna/müzakere,iletişim,3,karışık,yönlü,açık_ilişki,ikna - boğaç'a karşı savaş,Dire - dirse'nin 40 adamı (ikna - boğaç'a karşı savaş),ham_okuma_notu; araştırmacı tarafından standartlaştırıldı,02_dirse_han_oglu_bogac_han_boyu.csv
DKR0034,37.0,Dirse Han Oglu boğaç Han Boyu,boy,Dirse Han,dirse_han,kişi,Boğaç,bogac,kişi,diy+,diyalog_olumlu,iletişim,3,pozitif,yönlü,açık_ilişki,diy+,dirse - boğaç (diy+),ham_okuma_notu; araştırmacı tarafından standartlaştırıldı,02_dirse_han_oglu_bogac_han_boyu.csv
DKR0035,38.0,Dirse Han Oglu boğaç Han Boyu,boy,Boğaç ve Boğaç'ın 40 Adamı,bogac_ve_bogacin_40_adami,grup,Dirse Han'ın 40 Adamı,dirse_hanin_40_adami,grup,çatışma,çatışma,çatışma,5,negatif,yönsüz,açık_ilişki,çatışma,Boğaç ve boğaç'ın 40 adamı - Dirse'nin 40 adamı (çatışma),ham_okuma_notu; araştırmacı tarafından standartlaştırıldı,02_dirse_han_oglu_bogac_han_boyu.csv
DKR0037,42.0,Salur Kazan'ın Evinin Yağmalandığı,boy,Salur Kazan,salur_kazan,kişi,Ulaş,ulas,kişi,oğlu,akrabalık,akrabalık,5,pozitif,yönsüz,çıkarımsal_akrabalık,,ulaş oğlu salur kazan,ham_okuma_notu; araştırmacı tarafından standartlaştırıldı,03_salur_kazanin_evinin_yagmalandigi.csv
DKR0039,44.0,Salur Kazan'ın Evinin Yağmalandığı,boy,Salur Kazan,salur_kazan,kişi,Bayındır Han,bayindir_han,kişi,damadı,akrabalık,akrabalık,5,pozitif,yönsüz,çıkarımsal_akrabalık,,bayındır han'ın damadı salur kazan,ham_okuma_notu; araştırmacı tarafından standartlaştırıldı,03_salur_kazanin_evinin_yagmalandigi.csv
DKR0041,46.0,Salur Kazan'ın Evinin Yağmalandığı,boy,Salur Kazan,salur_kazan,kişi,Beyler (Ev Yağması Boyu),beyler_ev_yagmasi_boyu,grup,emir ava çıkalım,otorite/emir,otorite,3,nötr,yönlü,açık_ilişki,emir ava çıkalım,salur kazan - beyler (emir ava çıkalım),ham_okuma_notu; araştırmacı tarafından standartlaştırıldı,03_salur_kazanin_evinin_yagmalandigi.csv
DKR0043,48.0,Salur Kazan'ın Evinin Yağmalandığı,boy,Kıyan Selçuk Oğlu Deli Dündar,kiyan_selcuk_oglu_deli_dundar,kişi,Salur Kazan,salur_kazan,kişi,diy+,diyalog_olumlu,iletişim,3,pozitif,yönlü,açık_ilişki,diy+,kıyan selçuk oğlu deli dündar - kazan (diy+),ham_okuma_notu; araştırmacı tarafından standartlaştırıldı,03_salur_kazanin_evinin_yagmalandigi.csv
DKR0045,50.0,Salur Kazan'ın Evinin Yağmalandığı,boy,Kara Göne Oğlu Kara Budak,kara_gone_oglu_kara_budak,kişi,Salur Kazan,salur_kazan,kişi,diy+,diyalog_olumlu,iletişim,3,pozitif,yönlü,açık_ilişki,diy+,kara göne oğlu kara budak - kazan (diy+),ham_okuma_notu; araştırmacı tarafından standartlaştırıldı,03_salur_kazanin_evinin_yagmalandigi.csv
DKR0046,51.0,Salur Kazan'ın Evinin Yağmalandığı,boy,Salur Kazan,salur_kazan,kişi,At Ağızlı Aruz Koca,at_agizli_aruz_koca,kişi,dayısı,akrabalık,akrabalık,5,pozitif,yönsüz,çıkarımsal_akrabalık,diy0,kazan'ın dayısı at ağızlı aruz koca (diy0),ham_okuma_notu; araştırmacı tarafından standartlaştırıldı,03_salur_kazanin_evinin_yagmalandigi.csv
DKR0047,52.0,Salur Kazan'ın Evinin Yağmalandığı,boy,Salur Kazan,salur_kazan,kişi,Uruz ve 300 Asker,uruz_ve_300_asker,grup,emir - obaya sahip çık,otorite/emir,otorite,3,nötr,yönlü,açık_ilişki,emir - obaya sahip çık,kazan - uruz ve 300 asker (emir - obaya sahip çık),ham_okuma_notu; araştırmacı tarafından standartlaştırıldı,03_salur_kazanin_evinin_yagmalandigi.csv
DKR0052,57.0,Salur Kazan'ın Evinin Yağmalandığı,boy,Şökli Melik ve Adamları,sokli_melik_ve_adamlari,grup,Kazan'ın Evi,kazanin_evi,kişi,çatışma,çatışma,çatışma,5,negatif,yönsüz,açık_ilişki,çatışma,şökli melik ve adamları - kazan'ın evi (çatışma),ham_okuma_notu; araştırmacı tarafından standartlaştırıldı,03_salur_kazanin_evinin_yagmalandigi.csv
DKR0053,58.0,Salur Kazan'ın Evinin Yağmalandığı,boy,Boyu Uzun Burla Hatun ve 40 Ince Belli Kız,boyu_uzun_burla_hatun_ve_40_ince_belli_kiz,grup,Şökli Melik,sokli_melik,kişi,çatışma,çatışma,çatışma,5,negatif,yönsüz,açık_ilişki,çatışma,boyu uzun burla hatun ve 40 ince belli kız - şökli melik (çatışma),ham_okuma_notu; araştırmacı tarafından standartlaştırıldı,03_salur_kazanin_evinin_yagmalandigi.csv
DKR0054,59.0,Salur Kazan'ın Evinin Yağmalandığı,boy,Kazan'ın Karıçuk Anası,kazanin_karicuk_anasi,kişi,Şökli Melik,sokli_melik,kişi,çatışma,çatışma,çatışma,5,negatif,yönsüz,açık_ilişki,çatışma,kazan'ın karıçuk anası - şökli melik (çatışma),ham_okuma_notu; araştırmacı tarafından standartlaştırıldı,03_salur_kazanin_evinin_yagmalandigi.csv
DKR0056,61.0,Salur Kazan'ın Evinin Yağmalandığı,boy,Eylik Koca Oğlu Saru Kulmaş,eylik_koca_oglu_saru_kulmas,kişi,Şökli Melik,sokli_melik,kişi,çatışma,çatışma,çatışma,5,negatif,yönsüz,açık_ilişki,çatışma,eylik koca oğlu saru kulmaş - şökli melik (çatışma),ham_okuma_notu; araştırmacı tarafından standartlaştırıldı,03_salur_kazanin_evinin_yagmalandigi.csv
DKR0057,62.0,Salur Kazan'ın Evinin Yağmalandığı,boy,600 Kafir,600_kafir,kişi,Karaçuk Çoban,karacuk_coban,kişi,çatışma,çatışma,çatışma,5,negatif,yönsüz,açık_ilişki,çatışma,600 kafir - karaçuk çoban (çatışma),ham_okuma_notu; araştırmacı tarafından standartlaştırıldı,03_salur_kazanin_evinin_yagmalandigi.csv
DKR0058,63.0,Salur Kazan'ın Evinin Yağmalandığı,boy,600 Kafir,600_kafir,kişi,Kıyan Güci,kiyan_guci,kişi,çatışma,çatışma,çatışma,5,negatif,yönsüz,açık_ilişki,çatışma,600 kafir - kıyan güci (çatışma),ham_okuma_notu; araştırmacı tarafından standartlaştırıldı,03_salur_kazanin_evinin_yagmalandigi.csv
DKR0059,64.0,Salur Kazan'ın Evinin Yağmalandığı,boy,600 Kafir,600_kafir,kişi,Demir Güci,demir_guci,kişi,çatışma,çatışma,çatışma,5,negatif,yönsüz,açık_ilişki,çatışma,600 kafir - demir güci (çatışma),ham_okuma_notu; araştırmacı tarafından standartlaştırıldı,03_salur_kazanin_evinin_yagmalandigi.csv
DKR0060,65.0,Salur Kazan'ın Evinin Yağmalandığı,boy,Karaçuk Çoban,karacuk_coban,kişi,Kıyan Güci,kiyan_guci,kişi,kardeş,belirsiz,olay,1,nötr,yönlü,açık_ilişki,kardeş,karaçuk çoban - kıyan güci (kardeş),ham_okuma_notu; araştırmacı tarafından standartlaştırıldı,03_salur_kazanin_evinin_yagmalandigi.csv
DKR0061,66.0,Salur Kazan'ın Evinin Yağmalandığı,boy,Karaçuk Çoban,karacuk_coban,kişi,Demir Güci,demir_guci,kişi,kardeş,belirsiz,olay,1,nötr,yönlü,açık_ilişki,kardeş,karaçuk çoban - demir güci (kardeş),ham_okuma_notu; araştırmacı tarafından standartlaştırıldı,03_salur_kazanin_evinin_yagmalandigi.csv
DKR0062,67.0,Salur Kazan'ın Evinin Yağmalandığı,boy,600 Kafir,600_kafir,kişi,Karaçuk Çoban,karacuk_coban,kişi,gerilim diy -,gerilim,çatışma,4,negatif,yönsüz,açık_ilişki,gerilim diy -,600 kafir - karaçuk çoban (gerilim diy - ),ham_okuma_notu; araştırmacı tarafından standartlaştırıldı,03_salur_kazanin_evinin_yagmalandigi.csv
DKR0063,68.0,Salur Kazan'ın Evinin Yağmalandığı,boy,Salur Kazan,salur_kazan,kişi,Kara Göne,kara_gone,kişi,diy0,diyalog_nötr,iletişim,2,nötr,yönlü,açık_ilişki,diy0,kazan - kara göne (diy0),ham_okuma_notu; araştırmacı tarafından standartlaştırıldı,03_salur_kazanin_evinin_yagmalandigi.csv
DKR0064,69.0,Salur Kazan'ın Evinin Yağmalandığı,boy,Salur Kazan,salur_kazan,kişi,Yurt,yurt,nesne/doğa,diy0,diyalog_nötr,iletişim,2,nötr,yönlü,açık_ilişki,diy0,kazan - yurt (diy0),ham_okuma_notu; araştırmacı tarafından standartlaştırıldı,03_salur_kazanin_evinin_yagmalandigi.csv
DKR0065,70.0,Salur Kazan'ın Evinin Yağmalandığı,boy,Salur Kazan,salur_kazan,kişi,Su,su,nesne/doğa,diy0,diyalog_nötr,iletişim,2,nötr,yönlü,açık_ilişki,diy0,kazan - su (diy0),ham_okuma_notu; araştırmacı tarafından standartlaştırıldı,03_salur_kazanin_evinin_yagmalandigi.csv
DKR0066,71.0,Salur Kazan'ın Evinin Yağmalandığı,boy,Salur Kazan,salur_kazan,kişi,Kurt,kurt,hayvan,diy0,diyalog_nötr,iletişim,2,nötr,yönlü,açık_ilişki,diy0,kazan - kurt (diy0),ham_okuma_notu; araştırmacı tarafından standartlaştırıldı,03_salur_kazanin_evinin_yagmalandigi.csv
DKR0067,72.0,Salur Kazan'ın Evinin Yağmalandığı,boy,Salur Kazan,salur_kazan,kişi,Karaçuk Çoban'ın Kara Köpeği,karacuk_cobanin_kara_kopegi,hayvan,diy0,diyalog_nötr,iletişim,2,nötr,yönlü,açık_ilişki,diy0,kazan - karaçuk çoban'ın kara köpeği (diy0),ham_okuma_notu; araştırmacı tarafından standartlaştırıldı,03_salur_kazanin_evinin_yagmalandigi.csv
DKR0068,73.0,Salur Kazan'ın Evinin Yağmalandığı,boy,Salur Kazan,salur_kazan,kişi,Karaçuk Çoban,karacuk_coban,kişi,diy0,diyalog_nötr,iletişim,2,nötr,yönlü,açık_ilişki,diy0,kazan - karaçuk çoban (diy0),ham_okuma_notu; araştırmacı tarafından standartlaştırıldı,03_salur_kazanin_evinin_yagmalandigi.csv
DKR0069,74.0,Salur Kazan'ın Evinin Yağmalandığı,boy,Salur Kazan,salur_kazan,kişi,Karaçuk Çoban,karacuk_coban,kişi,yemek yeme,tören/ritüel,olay,2,pozitif,yönlü,açık_ilişki,yemek yeme,kazan - karaçuk çoban (yemek yeme),ham_okuma_notu; araştırmacı tarafından standartlaştırıldı,03_salur_kazanin_evinin_yagmalandigi.csv
DKR0070,75.0,Salur Kazan'ın Evinin Yağmalandığı,boy,Şökli Melik,sokli_melik,kişi,Kafirler (Ev Yağması Boyu),kafirler_ev_yagmasi_boyu,grup,ikna - burla hatun'a kötülük,ikna/müzakere,iletişim,3,karışık,yönlü,açık_ilişki,ikna - burla hatun'a kötülük,şökli melik - kafirler (ikna - burla hatun'a kötülük),ham_okuma_notu; araştırmacı tarafından standartlaştırıldı,03_salur_kazanin_evinin_yagmalandigi.csv
DKR0071,76.0,Salur Kazan'ın Evinin Yağmalandığı,boy,Burla Hatun,burla_hatun,kişi,40 Ince Belli Kız,40_ince_belli_kiz,kişi,emir,otorite/emir,otorite,3,nötr,yönlü,açık_ilişki,emir,burla hatun - 40 ince belli kız (emir),ham_okuma_notu; araştırmacı tarafından standartlaştırıldı,03_salur_kazanin_evinin_yagmalandigi.csv
DKR0072,77.0,Salur Kazan'ın Evinin Yağmalandığı,boy,Kafir,kafir,kişi,Uruz,uruz,kişi,çatışma işkence,çatışma,çatışma,5,negatif,yönsüz,açık_ilişki,çatışma işkence,kafir - uruz (çatışma işkence),ham_okuma_notu; araştırmacı tarafından standartlaştırıldı,03_salur_kazanin_evinin_yagmalandigi.csv
DKR0073,78.0,Salur Kazan'ın Evinin Yağmalandığı,boy,Burla Hatun,burla_hatun,kişi,Uruz,uruz,kişi,diy0,diyalog_nötr,iletişim,2,nötr,yönlü,açık_ilişki,diy0,burla hatun - uruz (diy0),ham_okuma_notu; araştırmacı tarafından standartlaştırıldı,03_salur_kazanin_evinin_yagmalandigi.csv
DKR0074,79.0,Salur Kazan'ın Evinin Yağmalandığı,boy,Uruz,uruz,kişi,Ağaç,agac,nesne/doğa,diy0,diyalog_nötr,iletişim,2,nötr,yönlü,açık_ilişki,diy0,uruz - ağaç (diy0),ham_okuma_notu; araştırmacı tarafından standartlaştırıldı,03_salur_kazanin_evinin_yagmalandigi.csv
DKR0075,80.0,Salur Kazan'ın Evinin Yağmalandığı,boy,Kazan ve Karaçuk Çoban,kazan_ve_karacuk_coban,grup,Kafirler (Ev Yağması Boyu),kafirler_ev_yagmasi_boyu,grup,çatışma,çatışma,çatışma,5,negatif,yönsüz,açık_ilişki,çatışma,kazan ve karaçuk çoban - kafirler (çatışma),ham_okuma_notu; araştırmacı tarafından standartlaştırıldı,03_salur_kazanin_evinin_yagmalandigi.csv
DKR0076,81.0,Salur Kazan'ın Evinin Yağmalandığı,boy,Salur Kazan,salur_kazan,kişi,Karaçuk Çoban,karacuk_coban,kişi,ikna,ikna/müzakere,iletişim,3,karışık,yönlü,açık_ilişki,ikna,kazan - karaçuk çoban (ikna),ham_okuma_notu; araştırmacı tarafından standartlaştırıldı,03_salur_kazanin_evinin_yagmalandigi.csv
DKR0077,82.0,Salur Kazan'ın Evinin Yağmalandığı,boy,Salur Kazan,salur_kazan,kişi,Şökli Melik,sokli_melik,kişi,diy -,diyalog_olumsuz,iletişim,3,negatif,yönlü,açık_ilişki,diy -,kazan - şökli melik (diy - ),ham_okuma_notu; araştırmacı tarafından standartlaştırıldı,03_salur_kazanin_evinin_yagmalandigi.csv
DKR0079,84.0,Salur Kazan'ın Evinin Yağmalandığı,boy,Karaçuk Çoban,karacuk_coban,kişi,Şökli Melik,sokli_melik,kişi,diy -,diyalog_olumsuz,iletişim,3,negatif,yönlü,açık_ilişki,diy -,karaçuk çoban - şökli melik (diy - ),ham_okuma_notu; araştırmacı tarafından standartlaştırıldı,03_salur_kazanin_evinin_yagmalandigi.csv
DKR0080,85.0,Salur Kazan'ın Evinin Yağmalandığı,boy,"Kara Göne, Deli Dündar, Kara Budak",kara_gone_deli_dundar_kara_budak,kişi,Kafirler (Ev Yağması Boyu),kafirler_ev_yagmasi_boyu,grup,çatışma,çatışma,çatışma,5,negatif,yönsüz,açık_ilişki,çatışma,"kara göne, deli dündar, kara budak - kafirler (çatışma)",ham_okuma_notu; araştırmacı tarafından standartlaştırıldı,03_salur_kazanin_evinin_yagmalandigi.csv
DKR0081,86.0,Salur Kazan'ın Evinin Yağmalandığı,boy,Kapçak Melik,kapcak_melik,kişi,Kara Budak,kara_budak,kişi,çatışma,çatışma,çatışma,5,negatif,yönsüz,açık_ilişki,çatışma,kapçak melik - kara budak (çatışma),ham_okuma_notu; araştırmacı tarafından standartlaştırıldı,03_salur_kazanin_evinin_yagmalandigi.csv
DKR0083,88.0,Salur Kazan'ın Evinin Yağmalandığı,boy,Bamsı Beyrek,bamsi_beyrek,kişi,Kafirler (Ev Yağması Boyu),kafirler_ev_yagmasi_boyu,grup,çatışma,çatışma,çatışma,5,negatif,yönsüz,açık_ilişki,çatışma,beyrek - kafirler (çatışma),ham_okuma_notu; araştırmacı tarafından standartlaştırıldı,03_salur_kazanin_evinin_yagmalandigi.csv
DKR0085,90.0,Salur Kazan'ın Evinin Yağmalandığı,boy,Kazılık Koca Oğlu Bey Yigenek,kazilik_koca_oglu_bey_yigenek,kişi,Kafirler (Ev Yağması Boyu),kafirler_ev_yagmasi_boyu,grup,çatışma,çatışma,çatışma,5,negatif,yönsüz,açık_ilişki,çatışma,kazılık koca oğlu bey yigenek - kafirler (çatışma),ham_okuma_notu; araştırmacı tarafından standartlaştırıldı,03_salur_kazanin_evinin_yagmalandigi.csv
DKR0086,91.0,Salur Kazan'ın Evinin Yağmalandığı,boy,Salur Kazan,salur_kazan,kişi,At Ağızlı Aruz Koca,at_agizli_aruz_koca,kişi,dayısı,akrabalık,akrabalık,5,pozitif,yönsüz,çıkarımsal_akrabalık,,kazan'ın dayısı at ağızlı aruz koca,ham_okuma_notu; araştırmacı tarafından standartlaştırıldı,03_salur_kazanin_evinin_yagmalandigi.csv
DKR0087,92.0,Salur Kazan'ın Evinin Yağmalandığı,boy,Aruz Koca,aruz_koca,kişi,Kafirler (Ev Yağması Boyu),kafirler_ev_yagmasi_boyu,grup,çatışma,çatışma,çatışma,5,negatif,yönsüz,açık_ilişki,çatışma,aruz koca - kafirler (çatışma),ham_okuma_notu; araştırmacı tarafından standartlaştırıldı,03_salur_kazanin_evinin_yagmalandigi.csv
DKR0088,93.0,Salur Kazan'ın Evinin Yağmalandığı,boy,Peygamber Sahabesi Kanlı Bügdüz Emen,peygamber_sahabesi_kanli_bugduz_emen,kişi,Kafirler (Ev Yağması Boyu),kafirler_ev_yagmasi_boyu,grup,çatışma,çatışma,çatışma,5,negatif,yönsüz,açık_ilişki,çatışma,peygamber sahabesi kanlı bügdüz emen - kafirler (çatışma),ham_okuma_notu; araştırmacı tarafından standartlaştırıldı,03_salur_kazanin_evinin_yagmalandigi.csv
DKR0093,98.0,Salur Kazan'ın Evinin Yağmalandığı,boy,Alp Eren,alp_eren,kişi,Eylik Koca,eylik_koca,kişi,oğlu,akrabalık,akrabalık,5,pozitif,yönsüz,çıkarımsal_akrabalık,,eylik koca oğlu alp eren,ham_okuma_notu; araştırmacı tarafından standartlaştırıldı,03_salur_kazanin_evinin_yagmalandigi.csv
DKR0094,99.0,Salur Kazan'ın Evinin Yağmalandığı,boy,Ak Melik,ak_melik,kişi,Alp Eren,alp_eren,kişi,alp eren damat,evlilik/bağlaşıklık,akrabalık,5,pozitif,yönsüz,açık_ilişki,alp eren damat,ak melik - alp eren (alp eren damat),ham_okuma_notu; araştırmacı tarafından standartlaştırıldı,03_salur_kazanin_evinin_yagmalandigi.csv
DKR0095,100.0,Salur Kazan'ın Evinin Yağmalandığı,boy,Alp Eren,alp_eren,kişi,Kafirler (Ev Yağması Boyu),kafirler_ev_yagmasi_boyu,grup,çatışma,çatışma,çatışma,5,negatif,yönsüz,açık_ilişki,çatışma,alp eren - kafirler (çatışma),ham_okuma_notu; araştırmacı tarafından standartlaştırıldı,03_salur_kazanin_evinin_yagmalandigi.csv
DKR0096,101.0,Salur Kazan'ın Evinin Yağmalandığı,boy,Dış Oğuz Beyleri ve Deli Dündar,dis_oguz_beyleri_ve_deli_dundar,grup,Kafirler (Ev Yağması Boyu),kafirler_ev_yagmasi_boyu,grup,çatışma,çatışma,çatışma,5,negatif,yönsüz,açık_ilişki,çatışma,dış oğuz beyleri ve deli dündar - kafirler (çatışma),ham_okuma_notu; araştırmacı tarafından standartlaştırıldı,03_salur_kazanin_evinin_yagmalandigi.csv
DKR0097,102.0,Salur Kazan'ın Evinin Yağmalandığı,boy,Cilasun Yiğitler ve Kara Budak,cilasun_yigitler_ve_kara_budak,grup,Kafirler (Ev Yağması Boyu),kafirler_ev_yagmasi_boyu,grup,çatışma,çatışma,çatışma,5,negatif,yönsüz,açık_ilişki,çatışma,cilasun yiğitler ve kara budak - kafirler (çatışma),ham_okuma_notu; araştırmacı tarafından standartlaştırıldı,03_salur_kazanin_evinin_yagmalandigi.csv
DKR0098,103.0,Salur Kazan'ın Evinin Yağmalandığı,boy,Iç Oğuz ve Kazan,ic_oguz_ve_kazan,grup,Şökli Melik,sokli_melik,kişi,çatışma,çatışma,çatışma,5,negatif,yönsüz,açık_ilişki,çatışma,iç oğuz ve kazan - şökli melik (çatışma),ham_okuma_notu; araştırmacı tarafından standartlaştırıldı,03_salur_kazanin_evinin_yagmalandigi.csv
DKR0099,104.0,Salur Kazan'ın Evinin Yağmalandığı,boy,Deli Budak,deli_budak,kişi,Boğaçuk Melik,bogacuk_melik,kişi,çatışma,çatışma,çatışma,5,negatif,yönsüz,açık_ilişki,çatışma,deli budak - boğaçuk melik (çatışma),ham_okuma_notu; araştırmacı tarafından standartlaştırıldı,03_salur_kazanin_evinin_yagmalandigi.csv
DKR0100,105.0,Salur Kazan'ın Evinin Yağmalandığı,boy,Deli Dündar,deli_dundar,kişi,Kara Tüken Melik,kara_tuken_melik,kişi,çatışma,çatışma,çatışma,5,negatif,yönsüz,açık_ilişki,çatışma,deli dündar - kara tüken melik (çatışma),ham_okuma_notu; araştırmacı tarafından standartlaştırıldı,03_salur_kazanin_evinin_yagmalandigi.csv
DKR0101,106.0,Salur Kazan'ın Evinin Yağmalandığı,boy,Salur Kazan,salur_kazan,kişi,Karaçuk Çoban,karacuk_coban,kişi,ödül - imrahor,ödül/değişim,otorite,3,pozitif,yönlü,açık_ilişki,ödül - imrahor,kazan - karaçuk çoban (ödül - imrahor),ham_okuma_notu; araştırmacı tarafından standartlaştırıldı,03_salur_kazanin_evinin_yagmalandigi.csv
DKR0814,,Salur Kazan'ın Evinin Yağmalandığı,boy,Salur Kazan,salur_kazan,kişi,Türkistan,turkistan,yer/coğrafya,Türkistan'ın direği,coğrafi_epitet,mekân,3,pozitif,yönlü,manuel_turkistan_ekleme,Salur Kazan için kullanılan coğrafi-epitet; kullanıcı talebine göre eklendi.,Salur Kazan - Türkistan (Türkistan'ın direği),ham_okuma_notu; araştırmacı tarafından standartlaştırıldı,03_salur_kazanin_evinin_yagmalandigi.csv
DKR0815,,Salur Kazan'ın Evinin Yağmalandığı,boy,Salur Kazan,salur_kazan,kişi,Türkistan,turkistan,yer/coğrafya,Türkistan'ın her yanında tanınan,coğrafi_epitet,mekân,2,pozitif,yönlü,manuel_turkistan_ekleme,Türkistan bağlantısını görünür kılmak için ayrı satır olarak eklendi.,Salur Kazan - Türkistan (Türkistan'ın her yanında tanınan),ham_okuma_notu; araştırmacı tarafından standartlaştırıldı,03_salur_kazanin_evinin_yagmalandigi.csv
DKR0104,111.0,Kam Püre'nin Oğlu Bamsı Beyrek Boyu,boy,Bayındır Han,bayindir_han,kişi,Kam Gan,kam_gan,kişi,oğlu,akrabalık,akrabalık,5,pozitif,yönsüz,çıkarımsal_akrabalık,,kam gan oğlu bayındır han,ham_okuma_notu; araştırmacı tarafından standartlaştırıldı,04_kam_purenin_oglu_bamsi_beyrek_boyu.csv
DKR0107,114.0,Kam Püre'nin Oğlu Bamsı Beyrek Boyu,boy,Bayındır Han,bayindir_han,kişi,"Iç Oğuz Beyleri, Dış Oğuz Beyleri, Pay Püre Bey, Kara Budak, Uruz, Bey Yigenek, Salur Kazan, Pay Biçen",ic_oguz_beyleri_dis_oguz_beyleri_pay_pure_bey_kara_budak_uruz_bey_yigenek_salur_kazan_pay_bicen,grup,toy yemek,tören/ritüel,olay,2,pozitif,yönlü,açık_ilişki,toy yemek,"bayındır han - iç oğuz beyleri, dış oğuz beyleri, pay püre bey, kara budak, uruz, bey yigenek, salur kazan, pay biçen (toy yemek)",ham_okuma_notu; araştırmacı tarafından standartlaştırıldı,04_kam_purenin_oglu_bamsi_beyrek_boyu.csv
DKR0110,117.0,Kam Püre'nin Oğlu Bamsı Beyrek Boyu,boy,Salur Kazan,salur_kazan,kişi,Bayındır Han,bayindir_han,kişi,bayındır han'ın damadı,akrabalık,akrabalık,5,pozitif,yönsüz,açık_ilişki,bayındır han'ın damadı,salur kazan - bayındır han (bayındır han'ın damadı),ham_okuma_notu; araştırmacı tarafından standartlaştırıldı,04_kam_purenin_oglu_bamsi_beyrek_boyu.csv
DKR0111,118.0,Kam Püre'nin Oğlu Bamsı Beyrek Boyu,boy,Salur Kazan,salur_kazan,kişi,Pay Püre,pay_pure,kişi,diy0 x 3 çocuğu yok,diyalog_nötr,iletişim,2,nötr,yönlü,açık_ilişki,diy0 x 3 çocuğu yok,salur kazan - pay püre (diy0 x 3 çocuğu yok),ham_okuma_notu; araştırmacı tarafından standartlaştırıldı,04_kam_purenin_oglu_bamsi_beyrek_boyu.csv
DKR0112,119.0,Kam Püre'nin Oğlu Bamsı Beyrek Boyu,boy,Pay Piçen Bey,pay_picen_bey,kişi,Beyler (Bamsı Beyrek Boyu),beyler_bamsi_beyrek_boyu,grup,,ikna/müzakere,iletişim,3,nötr,yönlü,açık_ilişki,"Pay Piçen Bey, kız çocuğu için dua etmelerini ister.",pay piçen bey - beyler (diy0 ; kız çocuğum olsun diye dua edin; kızım olursa,ham_okuma_notu; araştırmacı tarafından standartlaştırıldı,04_kam_purenin_oglu_bamsi_beyrek_boyu.csv
DKR0114,121.0,Kam Püre'nin Oğlu Bamsı Beyrek Boyu,boy,Pay Püre Bey,pay_pure_bey,kişi,Bezirganlar,bezirganlar,grup,emir oğluma hediyeler alın,akrabalık,akrabalık,5,pozitif,yönsüz,açık_ilişki,emir oğluma hediyeler alın,pay püre bey - bezirganlar (emir oğluma hediyeler alın),ham_okuma_notu; araştırmacı tarafından standartlaştırıldı,04_kam_purenin_oglu_bamsi_beyrek_boyu.csv
DKR0115,122.0,Kam Püre'nin Oğlu Bamsı Beyrek Boyu,boy,Pay Püre'nin Oğlu,pay_purenin_oglu,kişi,Imrahor,imrahor,kişi,konuk ağırlamak,ödül/değişim,otorite,3,pozitif,yönlü,açık_ilişki,konuk ağırlamak,pay püre'nin oğlu - imrahor (konuk ağırlamak),ham_okuma_notu; araştırmacı tarafından standartlaştırıldı,04_kam_purenin_oglu_bamsi_beyrek_boyu.csv
DKR0116,123.0,Kam Püre'nin Oğlu Bamsı Beyrek Boyu,boy,Evnük Kalesi Kafirleri,evnuk_kalesi_kafirleri,grup,Bezirganlar,bezirganlar,grup,çatışma,çatışma,çatışma,5,negatif,yönsüz,açık_ilişki,çatışma,evnük kalesi kafirleri - bezirganlar (çatışma),ham_okuma_notu; araştırmacı tarafından standartlaştırıldı,04_kam_purenin_oglu_bamsi_beyrek_boyu.csv
DKR0118,125.0,Kam Püre'nin Oğlu Bamsı Beyrek Boyu,boy,Pay Püre'nin Oğlu,pay_purenin_oglu,kişi,Evnük Kalesi Kafirleri,evnuk_kalesi_kafirleri,grup,çatışma,çatışma,çatışma,5,negatif,yönsüz,açık_ilişki,çatışma,pay püre'nin oğlu - evnük kalesi kafirleri (çatışma),ham_okuma_notu; araştırmacı tarafından standartlaştırıldı,04_kam_purenin_oglu_bamsi_beyrek_boyu.csv
DKR0119,126.0,Kam Püre'nin Oğlu Bamsı Beyrek Boyu,boy,Bezirganlar,bezirganlar,grup,Bamsı Beyrek,bamsi_beyrek,kişi,diy+ istediğini al ödül olarak,diyalog_olumlu,iletişim,3,pozitif,yönlü,açık_ilişki,diy+ istediğini al ödül olarak,bezirganlar - bamsı beyrek (diy+ istediğini al ödül olarak),ham_okuma_notu; araştırmacı tarafından standartlaştırıldı,04_kam_purenin_oglu_bamsi_beyrek_boyu.csv
DKR0120,127.0,Kam Püre'nin Oğlu Bamsı Beyrek Boyu,boy,Bamsı Beyrek,bamsi_beyrek,kişi,Bezirganlar,bezirganlar,grup,"diy+ kendine gelen hediyeleri seçer, bezirganlar bey oğluna götürdüklerini söylerler bamsı bırakır",akrabalık,akrabalık,5,pozitif,yönsüz,açık_ilişki,"diy+ kendine gelen hediyeleri seçer, bezirganlar bey oğluna götürdüklerini söylerler bamsı bırakır","bamsı beyrek - bezirganlar (diy+ kendine gelen hediyeleri seçer, bezirganlar bey oğluna götürdüklerini söylerler bamsı bırakır)",ham_okuma_notu; araştırmacı tarafından standartlaştırıldı,04_kam_purenin_oglu_bamsi_beyrek_boyu.csv
DKR0123,130.0,Kam Püre'nin Oğlu Bamsı Beyrek Boyu,boy,Pay Püre,pay_pure,kişi,Bezirganlar,bezirganlar,grup,diy+,diyalog_olumlu,iletişim,3,pozitif,yönlü,açık_ilişki,diy+,pay püre - bezirganlar (diy+),ham_okuma_notu; araştırmacı tarafından standartlaştırıldı,04_kam_purenin_oglu_bamsi_beyrek_boyu.csv
DKR0126,133.0,Kam Püre'nin Oğlu Bamsı Beyrek Boyu,boy,Banu Çiçek,banu_cicek,kişi,Dayalar,dayalar,grup,emir,otorite/emir,otorite,3,nötr,yönlü,açık_ilişki,emir,banu çiçek - dayalar (çevresine) (emir),ham_okuma_notu; araştırmacı tarafından standartlaştırıldı,04_kam_purenin_oglu_bamsi_beyrek_boyu.csv
DKR0128,135.0,Kam Püre'nin Oğlu Bamsı Beyrek Boyu,boy,Kısırca Yenge,kisirca_yenge,kişi,Bamsı Beyrek,bamsi_beyrek,kişi,diy0,diyalog_nötr,iletişim,2,nötr,yönlü,açık_ilişki,diy0,kısırca yenge - bamsı (diy0),ham_okuma_notu; araştırmacı tarafından standartlaştırıldı,04_kam_purenin_oglu_bamsi_beyrek_boyu.csv
DKR0129,136.0,Kam Püre'nin Oğlu Bamsı Beyrek Boyu,boy,Banu Çiçek,banu_cicek,kişi,Dadı ve Diğer Kızlar,dadi_ve_diger_kizlar,grup,diy0,diyalog_nötr,iletişim,2,nötr,yönlü,açık_ilişki,diy0,banu çiçek - dadı ve diğer kızlar (diy0),ham_okuma_notu; araştırmacı tarafından standartlaştırıldı,04_kam_purenin_oglu_bamsi_beyrek_boyu.csv
DKR0130,137.0,Kam Püre'nin Oğlu Bamsı Beyrek Boyu,boy,Banu Çiçek,banu_cicek,kişi,Bamsı Beyrek,bamsi_beyrek,kişi,diy+ bamsı'yı sınama,diyalog_olumlu,iletişim,3,pozitif,yönlü,açık_ilişki,diy+ bamsı'yı sınama,banu çiçek - bamsı (diy+ bamsı'yı sınama),ham_okuma_notu; araştırmacı tarafından standartlaştırıldı,04_kam_purenin_oglu_bamsi_beyrek_boyu.csv
DKR0131,138.0,Kam Püre'nin Oğlu Bamsı Beyrek Boyu,boy,Banu Çiçek,banu_cicek,kişi,Bamsı Beyrek,bamsi_beyrek,kişi,diy+ nişan,evlilik/bağlaşıklık,akrabalık,5,pozitif,yönsüz,açık_ilişki,diy+ nişan,banu çiçek - bamsı (diy+ nişan),ham_okuma_notu; araştırmacı tarafından standartlaştırıldı,04_kam_purenin_oglu_bamsi_beyrek_boyu.csv
DKR0132,139.0,Kam Püre'nin Oğlu Bamsı Beyrek Boyu,boy,Bamsı Beyrek,bamsi_beyrek,kişi,Pay Püre,pay_pure,kişi,diy+ kız isteme,diyalog_olumlu,iletişim,3,pozitif,yönlü,açık_ilişki,diy+ kız isteme,bamsı - pay püre (diy+ kız isteme),ham_okuma_notu; araştırmacı tarafından standartlaştırıldı,04_kam_purenin_oglu_bamsi_beyrek_boyu.csv
DKR0134,141.0,Kam Püre'nin Oğlu Bamsı Beyrek Boyu,boy,Pay Püre Bey,pay_pure_bey,kişi,Oğuz Beyleri,oguz_beyleri,grup,beyleri misafir etme,ödül/değişim,otorite,3,pozitif,yönlü,açık_ilişki,beyleri misafir etme,pay püre bey - oğuz beyleri (beyleri misafir etme),ham_okuma_notu; araştırmacı tarafından standartlaştırıldı,04_kam_purenin_oglu_bamsi_beyrek_boyu.csv
DKR0135,142.0,Kam Püre'nin Oğlu Bamsı Beyrek Boyu,boy,Dede Korkut,dede_korkut,kişi,Oğuz Beyleri,oguz_beyleri,grup,ikna; canını kurtarmak için bayındır han'ın atlarından istedi,ikna/müzakere,iletişim,3,karışık,yönlü,açık_ilişki,ikna; canını kurtarmak için bayındır han'ın atlarından istedi,dede korkut - oğuz beyleri (ikna; canını kurtarmak için bayındır han'ın atlarından istedi),ham_okuma_notu; araştırmacı tarafından standartlaştırıldı,04_kam_purenin_oglu_bamsi_beyrek_boyu.csv
DKR0136,143.0,Kam Püre'nin Oğlu Bamsı Beyrek Boyu,boy,Deli Karçar,deli_karcar,kişi,Dede Korkut,dede_korkut,kişi,diy -,diyalog_olumsuz,iletişim,3,negatif,yönlü,açık_ilişki,diy -,deli karçar - dede korkut (diy - ),ham_okuma_notu; araştırmacı tarafından standartlaştırıldı,04_kam_purenin_oglu_bamsi_beyrek_boyu.csv
DKR0137,144.0,Kam Püre'nin Oğlu Bamsı Beyrek Boyu,boy,Dede Korkut,dede_korkut,kişi,Deli Karçar,deli_karcar,kişi,diy+ kızı istiyor,akrabalık,akrabalık,5,pozitif,yönsüz,açık_ilişki,diy+ kızı istiyor,dede korkut - deli karçar (diy+ kızı istiyor),ham_okuma_notu; araştırmacı tarafından standartlaştırıldı,04_kam_purenin_oglu_bamsi_beyrek_boyu.csv
DKR0138,145.0,Kam Püre'nin Oğlu Bamsı Beyrek Boyu,boy,Deli Karçar,deli_karcar,kişi,Dede Korkut,dede_korkut,kişi,gerilim,gerilim,çatışma,4,negatif,yönsüz,açık_ilişki,gerilim,deli karçar - dede korkut (gerilim),ham_okuma_notu; araştırmacı tarafından standartlaştırıldı,04_kam_purenin_oglu_bamsi_beyrek_boyu.csv
DKR0139,146.0,Kam Püre'nin Oğlu Bamsı Beyrek Boyu,boy,Dede Korkut,dede_korkut,kişi,Deli Karçar,deli_karcar,kişi,gerilim; karçar'ın eli kuruyor,gerilim,çatışma,4,negatif,yönsüz,açık_ilişki,gerilim; karçar'ın eli kuruyor,dede korkut - deli karçar (gerilim; karçar'ın eli kuruyor),ham_okuma_notu; araştırmacı tarafından standartlaştırıldı,04_kam_purenin_oglu_bamsi_beyrek_boyu.csv
DKR0140,147.0,Kam Püre'nin Oğlu Bamsı Beyrek Boyu,boy,Deli Karçar,deli_karcar,kişi,Dede Korkut,dede_korkut,kişi,diy+ yalvarma af isteme,diyalog_olumlu,iletişim,3,pozitif,yönlü,açık_ilişki,diy+ yalvarma af isteme,deli karçar - dede korkut (diy+ yalvarma af isteme),ham_okuma_notu; araştırmacı tarafından standartlaştırıldı,04_kam_purenin_oglu_bamsi_beyrek_boyu.csv
DKR0141,148.0,Kam Püre'nin Oğlu Bamsı Beyrek Boyu,boy,Deli Karçar,deli_karcar,kişi,Dede Korkut,dede_korkut,kişi,diy0 başlık için istediklerini iletiyor,diyalog_nötr,iletişim,2,nötr,yönlü,açık_ilişki,diy0 başlık için istediklerini iletiyor,deli karçar - dede korkut (diy0 başlık için istediklerini iletiyor),ham_okuma_notu; araştırmacı tarafından standartlaştırıldı,04_kam_purenin_oglu_bamsi_beyrek_boyu.csv
DKR0142,149.0,Kam Püre'nin Oğlu Bamsı Beyrek Boyu,boy,Pay Püre,pay_pure,kişi,Dede Korkut,dede_korkut,kişi,diy+,diyalog_olumlu,iletişim,3,pozitif,yönlü,açık_ilişki,diy+,pay püre - dede korkut (diy+),ham_okuma_notu; araştırmacı tarafından standartlaştırıldı,04_kam_purenin_oglu_bamsi_beyrek_boyu.csv
DKR0143,150.0,Kam Püre'nin Oğlu Bamsı Beyrek Boyu,boy,Pay Püre,pay_pure,kişi,Dede Korkut,dede_korkut,kişi,diy+ istenenleri toplama,diyalog_olumlu,iletişim,3,pozitif,yönlü,açık_ilişki,diy+ istenenleri toplama,pay püre - dede korkut (diy+ istenenleri toplama),ham_okuma_notu; araştırmacı tarafından standartlaştırıldı,04_kam_purenin_oglu_bamsi_beyrek_boyu.csv
DKR0144,151.0,Kam Püre'nin Oğlu Bamsı Beyrek Boyu,boy,Dede Korkut,dede_korkut,kişi,Deli Karçar,deli_karcar,kişi,diy0 istenenleri getirme,diyalog_nötr,iletişim,2,nötr,yönlü,açık_ilişki,diy0 istenenleri getirme,dede korkut - deli karçar (diy0 istenenleri getirme),ham_okuma_notu; araştırmacı tarafından standartlaştırıldı,04_kam_purenin_oglu_bamsi_beyrek_boyu.csv
DKR0145,152.0,Kam Püre'nin Oğlu Bamsı Beyrek Boyu,boy,Deli Karçar,deli_karcar,kişi,Dede Korkut,dede_korkut,kişi,diy+ pirelerden aman dileme,diyalog_olumlu,iletişim,3,pozitif,yönlü,açık_ilişki,diy+ pirelerden aman dileme,deli karçar - dede korkut (diy+ pirelerden aman dileme),ham_okuma_notu; araştırmacı tarafından standartlaştırıldı,04_kam_purenin_oglu_bamsi_beyrek_boyu.csv
DKR0146,153.0,Kam Püre'nin Oğlu Bamsı Beyrek Boyu,boy,Dede Korkut,dede_korkut,kişi,Deli Karçar,deli_karcar,kişi,diy+ suya atla,diyalog_olumlu,iletişim,3,pozitif,yönlü,açık_ilişki,diy+ suya atla,dede korkut - deli karçar (diy+ suya atla),ham_okuma_notu; araştırmacı tarafından standartlaştırıldı,04_kam_purenin_oglu_bamsi_beyrek_boyu.csv
DKR0147,154.0,Kam Püre'nin Oğlu Bamsı Beyrek Boyu,boy,Beyrek'in Yoldaşları,beyrekin_yoldaslari,grup,Bamsı Beyrek,bamsi_beyrek,kişi,diy - (bamsının kırmızı kaftan giymesi zorlarına gidiyor),diyalog_olumsuz,iletişim,3,negatif,yönlü,açık_ilişki,diy - (bamsının kırmızı kaftan giymesi zorlarına gidiyor),beyrek'in yoldaşları - beyrek (diy - (bamsının kırmızı kaftan giymesi zorlarına gidiyor)),ham_okuma_notu; araştırmacı tarafından standartlaştırıldı,04_kam_purenin_oglu_bamsi_beyrek_boyu.csv
DKR0148,155.0,Kam Püre'nin Oğlu Bamsı Beyrek Boyu,boy,Bamsı Beyrek,bamsi_beyrek,kişi,Beyrek'in 40 Yoldaşları,beyrek_in_40_yoldaslari,grup,ikna,ikna/müzakere,iletişim,3,karışık,yönlü,açık_ilişki,ikna,beyrek - beyrek'in 40 yoldaşı (ikna),ham_okuma_notu; araştırmacı tarafından standartlaştırıldı; v3 bağlamsal standardizasyon,04_kam_purenin_oglu_bamsi_beyrek_boyu.csv
DKR0149,156.0,Kam Püre'nin Oğlu Bamsı Beyrek Boyu,boy,Kafirin Casusu,kafirin_casusu,kişi,Bayburt Hisarı Beyi,bayburt_hisari_beyi,kişi,gerilim bamsıya hasımlık için kışkırtma,çatışma,çatışma,5,negatif,yönsüz,açık_ilişki,gerilim bamsıya hasımlık için kışkırtma,kafirin casusu - bayburt hisarı beyi (gerilim bamsıya hasımlık için kışkırtma),ham_okuma_notu; araştırmacı tarafından standartlaştırıldı,04_kam_purenin_oglu_bamsi_beyrek_boyu.csv
DKR0150,157.0,Kam Püre'nin Oğlu Bamsı Beyrek Boyu,boy,300 Kafir,300_kafir,kişi,Bamsı ve Bamsının 40 Yiğidi,bamsi_ve_bamsinin_40_yigidi,grup,çatışma / esir olma,çatışma,çatışma,5,negatif,yönsüz,açık_ilişki,çatışma / esir olma,300 kafir - bamsı ve bamsının 40 yiğidi (çatışma / esir olma),ham_okuma_notu; araştırmacı tarafından standartlaştırıldı,04_kam_purenin_oglu_bamsi_beyrek_boyu.csv
DKR0151,158.0,Kam Püre'nin Oğlu Bamsı Beyrek Boyu,boy,300 Kafir,300_kafir,kişi,Bamsı'nın Naibi,bamsinin_naibi,kişi,çatışma / şehit,çatışma,çatışma,5,negatif,yönsüz,açık_ilişki,çatışma / şehit,300 kafir - bamsı'nın naibi (çatışma / şehit),ham_okuma_notu; araştırmacı tarafından standartlaştırıldı,04_kam_purenin_oglu_bamsi_beyrek_boyu.csv
DKR0156,163.0,Kam Püre'nin Oğlu Bamsı Beyrek Boyu,boy,Deli Dündar,deli_dundar,kişi,Kıyan Selçuk,kiyan_selcuk,kişi,oğlu,akrabalık,akrabalık,5,pozitif,yönsüz,çıkarımsal_akrabalık,yas tutma,kıyan selçuk oğlu deli dündar (yas tutma),ham_okuma_notu; araştırmacı tarafından standartlaştırıldı,04_kam_purenin_oglu_bamsi_beyrek_boyu.csv
DKR0159,166.0,Kam Püre'nin Oğlu Bamsı Beyrek Boyu,boy,Deli Karçar,deli_karcar,kişi,Bayındır Han,bayindir_han,kişi,ikna - beyrek sağ mı ölü mü? öğrenelim,ikna/müzakere,iletişim,3,karışık,yönlü,açık_ilişki,ikna - beyrek sağ mı ölü mü? öğrenelim,deli karçar - bayındır han (ikna - beyrek sağ mı ölü mü? öğrenelim),ham_okuma_notu; araştırmacı tarafından standartlaştırıldı,04_kam_purenin_oglu_bamsi_beyrek_boyu.csv
DKR0160,167.0,Kam Püre'nin Oğlu Bamsı Beyrek Boyu,boy,Yalançı Oğlu Yaltaçuk,yalanci_oglu_yaltacuk,kişi,Bayındır Han,bayindir_han,kişi,ikna beyrek'in haberi,ikna/müzakere,iletişim,3,karışık,yönlü,açık_ilişki,ikna beyrek'in haberi,yalancı oğlu yaltaçuk - bayındır han (ikna beyrek'in haberi),ham_okuma_notu; araştırmacı tarafından standartlaştırıldı; v3 bağlamsal standardizasyon; v3 bağlamsal standardizasyon,04_kam_purenin_oglu_bamsi_beyrek_boyu.csv
DKR0161,168.0,Kam Püre'nin Oğlu Bamsı Beyrek Boyu,boy,Yalançı Oğlu Yaltaçuk,yalanci_oglu_yaltacuk,kişi,Bayındır Han,bayindir_han,kişi,yalan - bamsı öldü,diyalog_olumsuz,iletişim,3,negatif,yönlü,açık_ilişki,yalan - bamsı öldü,yalancı oğlu yaltaçuk - bayındır han (yalan - bamsı öldü),ham_okuma_notu; araştırmacı tarafından standartlaştırıldı; v3 bağlamsal standardizasyon; v3 bağlamsal standardizasyon,04_kam_purenin_oglu_bamsi_beyrek_boyu.csv
DKR0163,170.0,Kam Püre'nin Oğlu Bamsı Beyrek Boyu,boy,Bayındır Han,bayindir_han,kişi,Beyler (Bamsı Beyrek Boyu),beyler_bamsi_beyrek_boyu,grup,emir; gömleği banu çiçek'e gösterin,otorite/emir,otorite,3,nötr,yönlü,açık_ilişki,emir; gömleği banu çiçek'e gösterin,bayındır han - beyler (emir; gömleği banu çiçek'e gösterin),ham_okuma_notu; araştırmacı tarafından standartlaştırıldı,04_kam_purenin_oglu_bamsi_beyrek_boyu.csv
DKR0165,172.0,Kam Püre'nin Oğlu Bamsı Beyrek Boyu,boy,Bamsı'nın Anne Babası,bamsinin_anne_babasi,grup,Bamsı'nın Haberi Gelince,bamsinin_haberi_gelince,kişi,yas tutma,duygusal_tepki,olay,2,negatif,yönlü,açık_ilişki,yas tutma,bamsı'nın anne babası - bamsı'nın haberi gelince (yas tutma),ham_okuma_notu; araştırmacı tarafından standartlaştırıldı,04_kam_purenin_oglu_bamsi_beyrek_boyu.csv
DKR0166,173.0,Kam Püre'nin Oğlu Bamsı Beyrek Boyu,boy,Pay Püre Bey'in Ordusu,pay_pure_beyin_ordusu,grup,Bamsı'nın Haberi Gelince Siyah Giyme Yas Tutma,bamsinin_haberi_gelince_siyah_giyme_yas_tutma,kişi,,belirsiz,olay,1,nötr,yönlü,açık_ilişki,,pay püre bey'in ordusu - bamsı'nın haberi gelince siyah giyme yas tutma,ham_okuma_notu; araştırmacı tarafından standartlaştırıldı,04_kam_purenin_oglu_bamsi_beyrek_boyu.csv
DKR0168,175.0,Kam Püre'nin Oğlu Bamsı Beyrek Boyu,boy,Pay Püre Bey,pay_pure_bey,kişi,Bezirganlar,bezirganlar,grup,emir; beyrek'in ölüsünü dirisini bulunuz,otorite/emir,otorite,3,nötr,yönlü,açık_ilişki,emir; beyrek'in ölüsünü dirisini bulunuz,pay püre bey - bezirganlar (emir; beyrek'in ölüsünü dirisini bulunuz),ham_okuma_notu; araştırmacı tarafından standartlaştırıldı,04_kam_purenin_oglu_bamsi_beyrek_boyu.csv
DKR0169,176.0,Kam Püre'nin Oğlu Bamsı Beyrek Boyu,boy,Bayburd Hisarındaki Kafirler,bayburd_hisarindaki_kafirler,grup,Bamsı Beyrek,bamsi_beyrek,kişi,beyrek kafirlere kopuz çalıyor,destek/yardım,olay,4,pozitif,yönlü,açık_ilişki,beyrek kafirlere kopuz çalıyor,bayburd hisarındaki kafirler - beyrek (beyrek kafirlere kopuz çalıyor),ham_okuma_notu; araştırmacı tarafından standartlaştırıldı,04_kam_purenin_oglu_bamsi_beyrek_boyu.csv
DKR0170,177.0,Kam Püre'nin Oğlu Bamsı Beyrek Boyu,boy,Bamsı Beyrek,bamsi_beyrek,kişi,Bezirganlar,bezirganlar,grup,diy0 - durumu soruyor bezirganlar genel durumu anlatıyor,diyalog_nötr,iletişim,2,nötr,yönlü,açık_ilişki,diy0 - durumu soruyor bezirganlar genel durumu anlatıyor,beyrek - bezirganlar (diy0 - durumu soruyor bezirganlar genel durumu anlatıyor),ham_okuma_notu; araştırmacı tarafından standartlaştırıldı,04_kam_purenin_oglu_bamsi_beyrek_boyu.csv
DKR0171,178.0,Kam Püre'nin Oğlu Bamsı Beyrek Boyu,boy,Kafir Beyi'nin Kızı,kafir_beyinin_kizi,kişi,Bamsı Beyrek,bamsi_beyrek,kişi,diy0; neden üzgünsün,diyalog_nötr,iletişim,2,nötr,yönlü,açık_ilişki,diy0; neden üzgünsün,kafir beyi'nin kızı - beyrek (diy0; neden üzgünsün),ham_okuma_notu; araştırmacı tarafından standartlaştırıldı,04_kam_purenin_oglu_bamsi_beyrek_boyu.csv
DKR0172,179.0,Kam Püre'nin Oğlu Bamsı Beyrek Boyu,boy,Kafir Beyinin Kızı,kafir_beyinin_kizi,kişi,Bamsı Beyrek,bamsi_beyrek,kişi,aşk,evlilik/bağlaşıklık,akrabalık,5,pozitif,yönsüz,açık_ilişki,aşk,kafir beyinin kızı - beyrek (aşk),ham_okuma_notu; araştırmacı tarafından standartlaştırıldı,04_kam_purenin_oglu_bamsi_beyrek_boyu.csv
DKR0173,180.0,Kam Püre'nin Oğlu Bamsı Beyrek Boyu,boy,Kafir Beyinin Kızı,kafir_beyinin_kizi,kişi,Bamsı Beyrek,bamsi_beyrek,kişi,kaleden kaçmana yardım edeyim,destek/yardım,olay,4,pozitif,yönlü,açık_ilişki,kaleden kaçmana yardım edeyim,kafir beyinin kızı - beyrek (kaleden kaçmana yardım edeyim),ham_okuma_notu; araştırmacı tarafından standartlaştırıldı,04_kam_purenin_oglu_bamsi_beyrek_boyu.csv
DKR0174,181.0,Kam Püre'nin Oğlu Bamsı Beyrek Boyu,boy,Bamsı Beyrek,bamsi_beyrek,kişi,Beyrek'in 40 Adamı,beyrekin_40_adami,grup,vedalaşma,hareket/eylem,olay,2,nötr,yönlü,açık_ilişki,vedalaşma,beyrek - beyrek'in 40 adamı (vedalaşma),ham_okuma_notu; araştırmacı tarafından standartlaştırıldı,04_kam_purenin_oglu_bamsi_beyrek_boyu.csv
DKR0175,182.0,Kam Püre'nin Oğlu Bamsı Beyrek Boyu,boy,Kafirin 40 Atlısı,kafirin_40_atlisi,kişi,Bamsı Beyrek,bamsi_beyrek,kişi,kovalamaca,çatışma,çatışma,5,negatif,yönsüz,açık_ilişki,kovalamaca,kafirin 40 atlısı - beyrek (kovalamaca),ham_okuma_notu; araştırmacı tarafından standartlaştırıldı,04_kam_purenin_oglu_bamsi_beyrek_boyu.csv
DKR0176,183.0,Kam Püre'nin Oğlu Bamsı Beyrek Boyu,boy,Bamsı Beyrek,bamsi_beyrek,kişi,Ozan,ozan,kişi,ikna: kopuzunu bana ver,ikna/müzakere,iletişim,3,karışık,yönlü,açık_ilişki,ikna: kopuzunu bana ver,beyrek - ozan (ikna: kopuzunu bana ver),ham_okuma_notu; araştırmacı tarafından standartlaştırıldı,04_kam_purenin_oglu_bamsi_beyrek_boyu.csv
DKR0177,184.0,Kam Püre'nin Oğlu Bamsı Beyrek Boyu,boy,Bamsı Beyrek,bamsi_beyrek,kişi,Çobanlar,cobanlar,kişi,diy0; yaşananları haberleşiyorlar,diyalog_nötr,iletişim,2,nötr,yönlü,açık_ilişki,diy0; yaşananları haberleşiyorlar,beyrek - çobanlar (diy0; yaşananları haberleşiyorlar),ham_okuma_notu; araştırmacı tarafından standartlaştırıldı,04_kam_purenin_oglu_bamsi_beyrek_boyu.csv
DKR0178,185.0,Kam Püre'nin Oğlu Bamsı Beyrek Boyu,boy,Bamsı Beyrek,bamsi_beyrek,kişi,Beyrek'in Küçük Kız Kardeşi,beyrekin_kucuk_kiz_kardesi,kişi,diy0; haberleşme,diyalog_nötr,iletişim,2,nötr,yönlü,açık_ilişki,diy0; haberleşme,beyrek - beyrek'in küçük kız kardeşi (diy0; haberleşme),ham_okuma_notu; araştırmacı tarafından standartlaştırıldı,04_kam_purenin_oglu_bamsi_beyrek_boyu.csv
DKR0179,186.0,Kam Püre'nin Oğlu Bamsı Beyrek Boyu,boy,Bamsı Beyrek,bamsi_beyrek,kişi,Beyrek'in Büyük Kız Kardeşi,beyrekin_buyuk_kiz_kardesi,kişi,diy0; yemek ve kaftan isteme,diyalog_nötr,iletişim,2,nötr,yönlü,açık_ilişki,diy0; yemek ve kaftan isteme,beyrek - beyrek'in büyük kız kardeşi (diy0; yemek ve kaftan isteme),ham_okuma_notu; araştırmacı tarafından standartlaştırıldı,04_kam_purenin_oglu_bamsi_beyrek_boyu.csv
DKR0181,188.0,Kam Püre'nin Oğlu Bamsı Beyrek Boyu,boy,Bamsı Beyrek,bamsi_beyrek,kişi,Beyrek'in Büyük Kız Kardeşi,beyrekin_buyuk_kiz_kardesi,kişi,kaftanı yere atıp üstüne çuval giyme,destek/yardım,olay,4,pozitif,yönlü,açık_ilişki,kaftanı yere atıp üstüne çuval giyme,beyrek - beyrek'in büyük kız kardeşi (kaftanı yere atıp üstüne çuval giyme),ham_okuma_notu; araştırmacı tarafından standartlaştırıldı,04_kam_purenin_oglu_bamsi_beyrek_boyu.csv
DKR0183,190.0,Kam Püre'nin Oğlu Bamsı Beyrek Boyu,boy,"Kara Budak, Kazan Oğlu Uruz, Beyler Başı Yigenek, Gaflet Koca Oğlu Şir Şemseddin, Deli Karçar, Düğünde Ok Atarlar",kara_budak_kazan_oglu_uruz_beyler_basi_yigenek_gaflet_koca_oglu_sir_semseddin_deli_karcar_dugunde_ok_atarlar,grup,"Beyrek'in Kayın Babası, Kara Göne",beyrekin_kayin_babasi_kara_gone,kişi,oğlu,akrabalık,akrabalık,5,pozitif,yönsüz,çıkarımsal_akrabalık,,"beyrek'in kayın babası, kara göne oğlu kara budak, kazan oğlu uruz, beyler başı yigenek, gaflet koca oğlu şir şemseddin, deli karçar, düğünde ok atarlar",ham_okuma_notu; araştırmacı tarafından standartlaştırıldı,04_kam_purenin_oglu_bamsi_beyrek_boyu.csv
DKR0184,191.0,Kam Püre'nin Oğlu Bamsı Beyrek Boyu,boy,Bamsı Beyrek,bamsi_beyrek,kişi,Kara Budak,kara_budak,kişi,ok atınca elin var olsun - diy0,diyalog_nötr,iletişim,2,nötr,yönlü,açık_ilişki,ok atınca elin var olsun - diy0,beyrek - kara budak (ok atınca elin var olsun - diy0),ham_okuma_notu; araştırmacı tarafından standartlaştırıldı,04_kam_purenin_oglu_bamsi_beyrek_boyu.csv
DKR0185,192.0,Kam Püre'nin Oğlu Bamsı Beyrek Boyu,boy,Bamsı Beyrek,bamsi_beyrek,kişi,Uruz,uruz,kişi,ok atınca elin var olsun - diy0,diyalog_nötr,iletişim,2,nötr,yönlü,açık_ilişki,ok atınca elin var olsun - diy0,beyrek - uruz (ok atınca elin var olsun - diy0),ham_okuma_notu; araştırmacı tarafından standartlaştırıldı,04_kam_purenin_oglu_bamsi_beyrek_boyu.csv
DKR0186,193.0,Kam Püre'nin Oğlu Bamsı Beyrek Boyu,boy,Bamsı Beyrek,bamsi_beyrek,kişi,Yigenek,yigenek,kişi,ok atınca elin var olsun - diy0,diyalog_nötr,iletişim,2,nötr,yönlü,açık_ilişki,ok atınca elin var olsun - diy0,beyrek - yigenek (ok atınca elin var olsun - diy0),ham_okuma_notu; araştırmacı tarafından standartlaştırıldı,04_kam_purenin_oglu_bamsi_beyrek_boyu.csv
DKR0187,194.0,Kam Püre'nin Oğlu Bamsı Beyrek Boyu,boy,Bamsı Beyrek,bamsi_beyrek,kişi,Şir Şemseddin,sir_semseddin,kişi,ok atınca elin var olsun - diy0,diyalog_nötr,iletişim,2,nötr,yönlü,açık_ilişki,ok atınca elin var olsun - diy0,beyrek - şir şemseddin (ok atınca elin var olsun - diy0),ham_okuma_notu; araştırmacı tarafından standartlaştırıldı,04_kam_purenin_oglu_bamsi_beyrek_boyu.csv
DKR0188,195.0,Kam Püre'nin Oğlu Bamsı Beyrek Boyu,boy,Bamsı Beyrek,bamsi_beyrek,kişi,Pay Püre Bey,pay_pure_bey,kişi,"ok atınca elin kurusun, parmağın çürüsün diy -",diyalog_olumsuz,iletişim,3,negatif,yönlü,açık_ilişki,"ok atınca elin kurusun, parmağın çürüsün diy -","beyrek - pay püre bey (ok atınca elin kurusun, parmağın çürüsün diy - )",ham_okuma_notu; araştırmacı tarafından standartlaştırıldı,04_kam_purenin_oglu_bamsi_beyrek_boyu.csv
DKR0189,196.0,Kam Püre'nin Oğlu Bamsı Beyrek Boyu,boy,Yalançı Oğlu Yaltaçuk,yalanci_oglu_yaltacuk,kişi,Bamsı Beyrek,bamsi_beyrek,kişi,meydan okuma; yayı germe,gerilim,çatışma,4,negatif,yönsüz,açık_ilişki,meydan okuma; yayı germe,yalançı oğlu yaltaçuk - beyrek (meydan okuma; yayı germe),ham_okuma_notu; araştırmacı tarafından standartlaştırıldı,04_kam_purenin_oglu_bamsi_beyrek_boyu.csv
DKR0190,197.0,Kam Püre'nin Oğlu Bamsı Beyrek Boyu,boy,Bamsı Beyrek,bamsi_beyrek,kişi,Yalançı Oğlu Yaltaçuk,yalanci_oglu_yaltacuk,kişi,yaltaçuk'un yayını kırar,belirsiz,olay,1,nötr,yönlü,açık_ilişki,yaltaçuk'un yayını kırar,beyrek - yalançı oğlu yaltaçuk (yaltaçuk'un yayını kırar),ham_okuma_notu; araştırmacı tarafından standartlaştırıldı,04_kam_purenin_oglu_bamsi_beyrek_boyu.csv
DKR0191,198.0,Kam Püre'nin Oğlu Bamsı Beyrek Boyu,boy,Yalançı Oğlu Yaltaçuk,yalanci_oglu_yaltacuk,kişi,Beyler (Bamsı Beyrek Boyu),beyler_bamsi_beyrek_boyu,grup,emir; beyrek'in yayını getirin,otorite/emir,otorite,3,nötr,yönlü,açık_ilişki,emir; beyrek'in yayını getirin,yaltaçuk - beylere (emir; beyrek'in yayını getirin),ham_okuma_notu; araştırmacı tarafından standartlaştırıldı; v3 bağlamsal standardizasyon; v3 bağlamsal standardizasyon,04_kam_purenin_oglu_bamsi_beyrek_boyu.csv
DKR0193,200.0,Kam Püre'nin Oğlu Bamsı Beyrek Boyu,boy,Bamsı Beyrek,bamsi_beyrek,kişi,Beyler (Bamsı Beyrek Boyu),beyler_bamsi_beyrek_boyu,grup,diy0,diyalog_nötr,iletişim,2,nötr,yönlü,açık_ilişki,diy0,beyrek - beyler (diy0),ham_okuma_notu; araştırmacı tarafından standartlaştırıldı,04_kam_purenin_oglu_bamsi_beyrek_boyu.csv
DKR0196,203.0,Kam Püre'nin Oğlu Bamsı Beyrek Boyu,boy,Salur Kazan,salur_kazan,kişi,Kazan'ın Adamı,kazanin_adami,grup,emir; beyrek'i çağır,otorite/emir,otorite,3,nötr,yönlü,açık_ilişki,emir; beyrek'i çağır,kazan - kazan'ın adamı (emir; beyrek'i çağır),ham_okuma_notu; araştırmacı tarafından standartlaştırıldı,04_kam_purenin_oglu_bamsi_beyrek_boyu.csv
DKR0197,204.0,Kam Püre'nin Oğlu Bamsı Beyrek Boyu,boy,Bamsı Beyrek,bamsi_beyrek,kişi,Salur Kazan,salur_kazan,kişi,diy+,diyalog_olumlu,iletişim,3,pozitif,yönlü,açık_ilişki,diy+,beyrek - kazan (diy+),ham_okuma_notu; araştırmacı tarafından standartlaştırıldı,04_kam_purenin_oglu_bamsi_beyrek_boyu.csv
DKR0198,205.0,Kam Püre'nin Oğlu Bamsı Beyrek Boyu,boy,Salur Kazan,salur_kazan,kişi,Bamsı Beyrek,bamsi_beyrek,kişi,ne dilersen dile,belirsiz,olay,1,nötr,yönlü,açık_ilişki,ne dilersen dile,kazan - beyrek (ne dilersen dile),ham_okuma_notu; araştırmacı tarafından standartlaştırıldı,04_kam_purenin_oglu_bamsi_beyrek_boyu.csv
DKR0199,206.0,Kam Püre'nin Oğlu Bamsı Beyrek Boyu,boy,Bamsı Beyrek,bamsi_beyrek,kişi,Salur Kazan,salur_kazan,kişi,açım yemeğin başına gidip yemek yiyeyim,tören/ritüel,olay,2,pozitif,yönlü,açık_ilişki,açım yemeğin başına gidip yemek yiyeyim,beyrek - kazan (açım yemeğin başına gidip yemek yiyeyim),ham_okuma_notu; araştırmacı tarafından standartlaştırıldı,04_kam_purenin_oglu_bamsi_beyrek_boyu.csv
DKR0200,207.0,Kam Püre'nin Oğlu Bamsı Beyrek Boyu,boy,Salur Kazan,salur_kazan,kişi,Beyler ve Beyrek,beyler_ve_beyrek,grup,"ödül; bugün beyrek (deli ozan) ne isterse yapsın karışmayın, benim beyliğim bugün onun olsun",ödül/değişim,otorite,3,pozitif,yönlü,açık_ilişki,"ödül; bugün beyrek (deli ozan) ne isterse yapsın karışmayın, benim beyliğim bugün onun olsun","kazan - beyler ve beyrek (ödül; bugün beyrek (deli ozan) ne isterse yapsın karışmayın, benim beyliğim bugün onun olsun)",ham_okuma_notu; araştırmacı tarafından standartlaştırıldı,04_kam_purenin_oglu_bamsi_beyrek_boyu.csv
DKR0202,209.0,Kam Püre'nin Oğlu Bamsı Beyrek Boyu,boy,Kazan'ın Adamları,kazanin_adamlari,grup,Salur Kazan,salur_kazan,kişi,deli ozan kazanları devirdi şimdi kızların yanına gitmek ister,belirsiz,olay,1,nötr,yönlü,açık_ilişki,deli ozan kazanları devirdi şimdi kızların yanına gitmek ister,kazan'ın adamları - kazan (deli ozan kazanları devirdi şimdi kızların yanına gitmek ister),ham_okuma_notu; araştırmacı tarafından standartlaştırıldı,04_kam_purenin_oglu_bamsi_beyrek_boyu.csv
DKR0203,210.0,Kam Püre'nin Oğlu Bamsı Beyrek Boyu,boy,Salur Kazan,salur_kazan,kişi,Kazan'ın Adamları,kazanin_adamlari,grup,icazet; bırakın beyrek ne isterse yapsın,otorite/emir,otorite,3,nötr,yönlü,açık_ilişki,icazet; bırakın beyrek ne isterse yapsın,kazan - kazan'ın adamları (icazet; bırakın beyrek ne isterse yapsın),ham_okuma_notu; araştırmacı tarafından standartlaştırıldı,04_kam_purenin_oglu_bamsi_beyrek_boyu.csv
DKR0205,212.0,Kam Püre'nin Oğlu Bamsı Beyrek Boyu,boy,Burla Hatun,burla_hatun,kişi,Bamsı Beyrek,bamsi_beyrek,kişi,gerginlik,belirsiz,olay,1,nötr,yönlü,açık_ilişki,gerginlik,uzun boylu burla hatun - beyrek (gerginlik),ham_okuma_notu; araştırmacı tarafından standartlaştırıldı; v3 bağlamsal standardizasyon; v3 bağlamsal standardizasyon,04_kam_purenin_oglu_bamsi_beyrek_boyu.csv
DKR0206,213.0,Kam Püre'nin Oğlu Bamsı Beyrek Boyu,boy,Bamsı Beyrek,bamsi_beyrek,kişi,Burla Hatun,burla_hatun,kişi,diy0; kazan'dan emir var ne istersem yapacağım,diyalog_nötr,iletişim,2,nötr,yönlü,açık_ilişki,diy0; kazan'dan emir var ne istersem yapacağım,beyrek - uzun boylu burla hatun (diy0; kazan'dan emir var ne istersem yapacağım),ham_okuma_notu; araştırmacı tarafından standartlaştırıldı; v3 bağlamsal standardizasyon; v3 bağlamsal standardizasyon,04_kam_purenin_oglu_bamsi_beyrek_boyu.csv
DKR0207,214.0,Kam Püre'nin Oğlu Bamsı Beyrek Boyu,boy,Burla Hatun,burla_hatun,kişi,Çevresindekiler,cevresindekiler,grup,emir; ozanı bırakın istediğini yapsın,otorite/emir,otorite,3,nötr,yönlü,açık_ilişki,emir; ozanı bırakın istediğini yapsın,uzun boylu burla hatun - çevresindekilere (emir; ozanı bırakın istediğini yapsın),ham_okuma_notu; araştırmacı tarafından standartlaştırıldı; v3 bağlamsal standardizasyon; v3 bağlamsal standardizasyon,04_kam_purenin_oglu_bamsi_beyrek_boyu.csv
DKR0208,215.0,Kam Püre'nin Oğlu Bamsı Beyrek Boyu,boy,Burla Hatun,burla_hatun,kişi,Bamsı Beyrek,bamsi_beyrek,kişi,ne istersin,belirsiz,olay,1,nötr,yönlü,açık_ilişki,ne istersin,burla hatun - beyrek (ne istersin),ham_okuma_notu; araştırmacı tarafından standartlaştırıldı,04_kam_purenin_oglu_bamsi_beyrek_boyu.csv
DKR0209,216.0,Kam Püre'nin Oğlu Bamsı Beyrek Boyu,boy,Bamsı Beyrek,bamsi_beyrek,kişi,Burla Hatun,burla_hatun,kişi,ere varan kız kalksın oynasın,belirsiz,olay,1,nötr,yönlü,açık_ilişki,ere varan kız kalksın oynasın,beyrek - burla hatun (ere varan kız kalksın oynasın),ham_okuma_notu; araştırmacı tarafından standartlaştırıldı,04_kam_purenin_oglu_bamsi_beyrek_boyu.csv
DKR0210,217.0,Kam Püre'nin Oğlu Bamsı Beyrek Boyu,boy,Kadınlar,kadinlar,grup,Kısırca Yenge,kisirca_yenge,kişi,ikna; kalk sen oyna,ikna/müzakere,iletişim,3,karışık,yönlü,açık_ilişki,ikna; kalk sen oyna,kadınlar - kısırca yenge (ikna; kalk sen oyna),ham_okuma_notu; araştırmacı tarafından standartlaştırıldı,04_kam_purenin_oglu_bamsi_beyrek_boyu.csv
DKR0211,218.0,Kam Püre'nin Oğlu Bamsı Beyrek Boyu,boy,Kısırca Yenge,kisirca_yenge,kişi,Bamsı Beyrek,bamsi_beyrek,kişi,gelin benim diyerek oynamaya başladı,evlilik/bağlaşıklık,akrabalık,5,pozitif,yönsüz,açık_ilişki,gelin benim diyerek oynamaya başladı,kısırca yenge - beyrek (gelin benim diyerek oynamaya başladı),ham_okuma_notu; araştırmacı tarafından standartlaştırıldı,04_kam_purenin_oglu_bamsi_beyrek_boyu.csv
DKR0212,219.0,Kam Püre'nin Oğlu Bamsı Beyrek Boyu,boy,Bamsı Beyrek,bamsi_beyrek,kişi,Deyiş,deyis,nesne/doğa,kısırca kısrak vs. sen otur ere varan kız oynasın,belirsiz,olay,1,nötr,yönlü,açık_ilişki,kısırca kısrak vs. sen otur ere varan kız oynasın,beyrek - deyiş (kısırca kısrak vs. sen otur ere varan kız oynasın),ham_okuma_notu; araştırmacı tarafından standartlaştırıldı,04_kam_purenin_oglu_bamsi_beyrek_boyu.csv
DKR0213,220.0,Kam Püre'nin Oğlu Bamsı Beyrek Boyu,boy,Kadınlar,kadinlar,grup,Boğazça Fatma,bogazca_fatma,kişi,gelin benim diyip oynamaya başladı,evlilik/bağlaşıklık,akrabalık,5,pozitif,yönsüz,açık_ilişki,gelin benim diyip oynamaya başladı,kadınlar - boğazça fatma (gelin benim diyip oynamaya başladı),ham_okuma_notu; araştırmacı tarafından standartlaştırıldı,04_kam_purenin_oglu_bamsi_beyrek_boyu.csv
DKR0214,221.0,Kam Püre'nin Oğlu Bamsı Beyrek Boyu,boy,Bamsı Beyrek,bamsi_beyrek,kişi,Deyiş,deyis,nesne/doğa,"boğaz kısrağa bindiğim yok, senin adın 40 oynaşlı fatma değil mi vs. sen otur ere varan kız oynasın",belirsiz,olay,1,nötr,yönlü,açık_ilişki,"boğaz kısrağa bindiğim yok, senin adın 40 oynaşlı fatma değil mi vs. sen otur ere varan kız oynasın","beyrek - deyiş (boğaz kısrağa bindiğim yok, senin adın 40 oynaşlı fatma değil mi vs. sen otur ere varan kız oynasın)",ham_okuma_notu; araştırmacı tarafından standartlaştırıldı,04_kam_purenin_oglu_bamsi_beyrek_boyu.csv
DKR0215,222.0,Kam Püre'nin Oğlu Bamsı Beyrek Boyu,boy,Boğazça Fatma,bogazca_fatma,kişi,Banu Çiçek,banu_cicek,kişi,kalk oyna benim ayıplarımı ortaya döktü,belirsiz,olay,1,nötr,yönlü,açık_ilişki,kalk oyna benim ayıplarımı ortaya döktü,boğazça fatma - banu çiçek (kalk oyna benim ayıplarımı ortaya döktü),ham_okuma_notu; araştırmacı tarafından standartlaştırıldı,04_kam_purenin_oglu_bamsi_beyrek_boyu.csv
DKR0216,223.0,Kam Püre'nin Oğlu Bamsı Beyrek Boyu,boy,Burla Hatun,burla_hatun,kişi,Banu Çiçek,banu_cicek,kişi,ikna: kalk oyna,ikna/müzakere,iletişim,3,karışık,yönlü,açık_ilişki,ikna: kalk oyna,burla hatun - banu çiçek (ikna: kalk oyna),ham_okuma_notu; araştırmacı tarafından standartlaştırıldı,04_kam_purenin_oglu_bamsi_beyrek_boyu.csv
DKR0218,225.0,Kam Püre'nin Oğlu Bamsı Beyrek Boyu,boy,Bamsı Beyrek,bamsi_beyrek,kişi,Banu Çiçek,banu_cicek,kişi,ay oldukça han kızı ere varmak ayıb olur,akrabalık,akrabalık,5,pozitif,yönsüz,açık_ilişki,ay oldukça han kızı ere varmak ayıb olur,beyrek - banu çiçek (ay oldukça han kızı ere varmak ayıb olur),ham_okuma_notu; araştırmacı tarafından standartlaştırıldı,04_kam_purenin_oglu_bamsi_beyrek_boyu.csv
DKR0219,226.0,Kam Püre'nin Oğlu Bamsı Beyrek Boyu,boy,Banu Çiçek,banu_cicek,kişi,Bamsı Beyrek,bamsi_beyrek,kişi,"ben ayıplı mıyım, bana ayıp koşarsın diye bileğinin açılıp parmağındaki yüzüğü gördü",belirsiz,olay,1,nötr,yönlü,açık_ilişki,"ben ayıplı mıyım, bana ayıp koşarsın diye bileğinin açılıp parmağındaki yüzüğü gördü","banu çiçek - beyrek (ben ayıplı mıyım, bana ayıp koşarsın diye bileğinin açılıp parmağındaki yüzüğü gördü)",ham_okuma_notu; araştırmacı tarafından standartlaştırıldı,04_kam_purenin_oglu_bamsi_beyrek_boyu.csv
DKR0220,227.0,Kam Püre'nin Oğlu Bamsı Beyrek Boyu,boy,Bamsı Beyrek,bamsi_beyrek,kişi,Bamsı Beyrek,bamsi_beyrek,kişi,diy0,diyalog_nötr,iletişim,2,nötr,yönlü,açık_ilişki,diy0,beyrek - bamsı (diy0),ham_okuma_notu; araştırmacı tarafından standartlaştırıldı,04_kam_purenin_oglu_bamsi_beyrek_boyu.csv
DKR0221,228.0,Kam Püre'nin Oğlu Bamsı Beyrek Boyu,boy,Bamsı Beyrek,bamsi_beyrek,kişi,Banu Çiçek,banu_cicek,kişi,beyrek kendisi olduğunu anlatır,belirsiz,olay,1,nötr,yönlü,açık_ilişki,beyrek kendisi olduğunu anlatır,beyrek - banu çiçek (beyrek kendisi olduğunu anlatır),ham_okuma_notu; araştırmacı tarafından standartlaştırıldı,04_kam_purenin_oglu_bamsi_beyrek_boyu.csv
DKR0222,229.0,Kam Püre'nin Oğlu Bamsı Beyrek Boyu,boy,Banu Çiçek,banu_cicek,kişi,Beyrek'in Anne Babası,beyrekin_anne_babasi,grup,beyrek'in yaşadığını haber verdi,belirsiz,olay,1,nötr,yönlü,açık_ilişki,beyrek'in yaşadığını haber verdi,banu çiçek - beyrek'in anne babası (beyrek'in yaşadığını haber verdi),ham_okuma_notu; araştırmacı tarafından standartlaştırıldı,04_kam_purenin_oglu_bamsi_beyrek_boyu.csv
DKR0224,231.0,Kam Püre'nin Oğlu Bamsı Beyrek Boyu,boy,Salur Kazan,salur_kazan,kişi,Paypüre,paypure,kişi,diy+; oğlun yaşıyor,akrabalık,akrabalık,5,pozitif,yönsüz,açık_ilişki,diy+; oğlun yaşıyor,kazan - paypüre (diy+; oğlun yaşıyor),ham_okuma_notu; araştırmacı tarafından standartlaştırıldı,04_kam_purenin_oglu_bamsi_beyrek_boyu.csv
DKR0225,232.0,Kam Püre'nin Oğlu Bamsı Beyrek Boyu,boy,Pay Püre,pay_pure,kişi,Salur Kazan,salur_kazan,kişi,serçe parmağını kanatıp beze damlatsın benim gözüm açılırsa oğlumdur,akrabalık,akrabalık,5,pozitif,yönsüz,açık_ilişki,serçe parmağını kanatıp beze damlatsın benim gözüm açılırsa oğlumdur,pay püre - kazan (serçe parmağını kanatıp beze damlatsın benim gözüm açılırsa oğlumdur),ham_okuma_notu; araştırmacı tarafından standartlaştırıldı,04_kam_purenin_oglu_bamsi_beyrek_boyu.csv
DKR0229,236.0,Kam Püre'nin Oğlu Bamsı Beyrek Boyu,boy,Bamsı Beyrek,bamsi_beyrek,kişi,Yalançı Oğlu Yaltaçuk,yalanci_oglu_yaltacuk,kişi,çatışma; yaltaçuk teslim oldu,çatışma,çatışma,5,negatif,yönsüz,açık_ilişki,çatışma; yaltaçuk teslim oldu,beyrek - yaltaçuk (çatışma; yaltaçuk teslim oldu),ham_okuma_notu; araştırmacı tarafından standartlaştırıldı; v3 bağlamsal standardizasyon; v3 bağlamsal standardizasyon,04_kam_purenin_oglu_bamsi_beyrek_boyu.csv
DKR0230,237.0,Kam Püre'nin Oğlu Bamsı Beyrek Boyu,boy,Bamsı Beyrek,bamsi_beyrek,kişi,Yalançı Oğlu Yaltaçuk,yalanci_oglu_yaltacuk,kişi,affetme,destek/yardım,olay,4,pozitif,yönlü,açık_ilişki,affetme,beyrek - yaltaçuk (affetme),ham_okuma_notu; araştırmacı tarafından standartlaştırıldı; v3 bağlamsal standardizasyon; v3 bağlamsal standardizasyon,04_kam_purenin_oglu_bamsi_beyrek_boyu.csv
DKR0231,238.0,Kam Püre'nin Oğlu Bamsı Beyrek Boyu,boy,Salur Kazan,salur_kazan,kişi,Bamsı Beyrek,bamsi_beyrek,kişi,"muradına eriş, diy+",diyalog_olumlu,iletişim,3,pozitif,yönlü,açık_ilişki,"muradına eriş, diy+","kazan - beyrek (muradına eriş, diy+)",ham_okuma_notu; araştırmacı tarafından standartlaştırıldı,04_kam_purenin_oglu_bamsi_beyrek_boyu.csv
DKR0232,239.0,Kam Püre'nin Oğlu Bamsı Beyrek Boyu,boy,Bamsı Beyrek,bamsi_beyrek,kişi,Salur Kazan,salur_kazan,kişi,yoldaşlarını kurtarmayı ve hisarı almayınca dmurada ermem,destek/yardım,olay,4,pozitif,yönlü,açık_ilişki,yoldaşlarını kurtarmayı ve hisarı almayınca dmurada ermem,beyrek - kazan (yoldaşlarını kurtarmayı ve hisarı almayınca dmurada ermem),ham_okuma_notu; araştırmacı tarafından standartlaştırıldı,04_kam_purenin_oglu_bamsi_beyrek_boyu.csv
DKR0233,240.0,Kam Püre'nin Oğlu Bamsı Beyrek Boyu,boy,Salur Kazan,salur_kazan,kişi,Beyler (Bamsı Beyrek Boyu),beyler_bamsi_beyrek_boyu,grup,emir; beni seven atına binsin,otorite/emir,otorite,3,nötr,yönlü,açık_ilişki,emir; beni seven atına binsin,kazan - beyler (emir; beni seven atına binsin),ham_okuma_notu; araştırmacı tarafından standartlaştırıldı,04_kam_purenin_oglu_bamsi_beyrek_boyu.csv
DKR0235,242.0,Kam Püre'nin Oğlu Bamsı Beyrek Boyu,boy,Oğuz Beyleri,oguz_beyleri,grup,Kafirler (Bamsı Beyrek Boyu),kafirler_bamsi_beyrek_boyu,grup,çatışma,çatışma,çatışma,5,negatif,yönsüz,açık_ilişki,çatışma,oğuz beyleri - kafirler (çatışma),ham_okuma_notu; araştırmacı tarafından standartlaştırıldı,04_kam_purenin_oglu_bamsi_beyrek_boyu.csv
DKR0236,243.0,Kam Püre'nin Oğlu Bamsı Beyrek Boyu,boy,Salur Kazan,salur_kazan,kişi,Şökli Melik,sokli_melik,kişi,çatışma,çatışma,çatışma,5,negatif,yönsüz,açık_ilişki,çatışma,kazan - şökli melik (çatışma),ham_okuma_notu; araştırmacı tarafından standartlaştırıldı,04_kam_purenin_oglu_bamsi_beyrek_boyu.csv
DKR0237,244.0,Kam Püre'nin Oğlu Bamsı Beyrek Boyu,boy,Deli Dündar,deli_dundar,kişi,Kara Tekfur,kara_tekfur,kişi,çatışma,çatışma,çatışma,5,negatif,yönsüz,açık_ilişki,çatışma,deli dündar - kara tekfur (çatışma),ham_okuma_notu; araştırmacı tarafından standartlaştırıldı,04_kam_purenin_oglu_bamsi_beyrek_boyu.csv
DKR0238,245.0,Kam Püre'nin Oğlu Bamsı Beyrek Boyu,boy,Kara Budak,kara_budak,kişi,Kara Arslan Melik,kara_arslan_melik,kişi,çatışma,çatışma,çatışma,5,negatif,yönsüz,açık_ilişki,çatışma,kara budak - kara arslan melik (çatışma),ham_okuma_notu; araştırmacı tarafından standartlaştırıldı,04_kam_purenin_oglu_bamsi_beyrek_boyu.csv
DKR0239,246.0,Kam Püre'nin Oğlu Bamsı Beyrek Boyu,boy,Oğuz Beyleri,oguz_beyleri,grup,Yedi Kafir Beyi,yedi_kafir_beyi,kişi,çatışma,çatışma,çatışma,5,negatif,yönsüz,açık_ilişki,çatışma,oğuz beyleri - yedi kafir beyi (çatışma),ham_okuma_notu; araştırmacı tarafından standartlaştırıldı,04_kam_purenin_oglu_bamsi_beyrek_boyu.csv
DKR0241,248.0,Kam Püre'nin Oğlu Bamsı Beyrek Boyu,boy,Bamsı Beyrek,bamsi_beyrek,kişi,Beyrek'in 40 Yiğidi,beyrekin_40_yigidi,grup,beyrek yoldaşlarını kurtardı,destek/yardım,olay,4,pozitif,yönlü,açık_ilişki,beyrek yoldaşlarını kurtardı,beyrek - beyrek'in 40 yiğidi (beyrek yoldaşlarını kurtardı),ham_okuma_notu; araştırmacı tarafından standartlaştırıldı,04_kam_purenin_oglu_bamsi_beyrek_boyu.csv
DKR0242,249.0,Kam Püre'nin Oğlu Bamsı Beyrek Boyu,boy,Kaleye Hücum Edenler,kaleye_hucum_edenler,grup,Keşişler,kesisler,grup,çatışma,çatışma,çatışma,5,negatif,yönsüz,açık_ilişki,çatışma,kaleye hucüm edenler - keşişler (çatışma),ham_okuma_notu; araştırmacı tarafından standartlaştırıldı,04_kam_purenin_oglu_bamsi_beyrek_boyu.csv
DKR0243,250.0,Kam Püre'nin Oğlu Bamsı Beyrek Boyu,boy,Bamsı Beyrek,bamsi_beyrek,kişi,Bayburt Hisrası Meliki'nin Kızı,bayburt_hisrasi_melikinin_kizi,kişi,"evlilik, nişan",evlilik/bağlaşıklık,akrabalık,5,pozitif,yönsüz,açık_ilişki,"evlilik, nişan","beyrek - bayburt hisrası meliki'nin kızı (evlilik, nişan)",ham_okuma_notu; araştırmacı tarafından standartlaştırıldı,04_kam_purenin_oglu_bamsi_beyrek_boyu.csv
DKR0244,251.0,Kam Püre'nin Oğlu Bamsı Beyrek Boyu,boy,Kazan ve Bayındır Han,kazan_ve_bayindir_han,grup,Beyrek'in 40 Yiğidi,beyrekin_40_yigidi,grup,evlenme,evlilik/bağlaşıklık,akrabalık,5,pozitif,yönsüz,açık_ilişki,evlenme,kazan ve bayındır han - beyrek'in 40 yiğidi'ne kız verdi (evlenme),ham_okuma_notu; araştırmacı tarafından standartlaştırıldı,04_kam_purenin_oglu_bamsi_beyrek_boyu.csv
DKR0245,252.0,Kam Püre'nin Oğlu Bamsı Beyrek Boyu,boy,Beyrek'in Yedi Kız Kardeşi,beyrekin_yedi_kiz_kardesi,kişi,Yedi Yiğit,yedi_yigit,grup,evlenme,evlilik/bağlaşıklık,akrabalık,5,pozitif,yönsüz,açık_ilişki,evlenme,beyrek'in yedi kız kardeşi - yedi yiğit (evlenme),ham_okuma_notu; araştırmacı tarafından standartlaştırıldı,04_kam_purenin_oglu_bamsi_beyrek_boyu.csv
DKR0249,258.0,Kazan Bey Oğlu Uruz Bey'in Tutsak Olduğu Boy,boy,Salur Kazan,salur_kazan,kişi,Ulaş,ulas,kişi,oğlu,akrabalık,akrabalık,5,pozitif,yönsüz,çıkarımsal_akrabalık,,ulaş oğlu kazan bey,ham_okuma_notu; araştırmacı tarafından standartlaştırıldı,05_kazan_bey_oglu_uruz_beyin_tutsak_oldugu_boy.csv
DKR0250,259.0,Kazan Bey Oğlu Uruz Bey'in Tutsak Olduğu Boy,boy,Salur Kazan,salur_kazan,kişi,Doksan Tümen Oğuz,doksan_tumen_oguz,grup,ikramda bulunma toy,ödül/değişim,otorite,3,pozitif,yönlü,açık_ilişki,ikramda bulunma toy,kazan bey - doksan tümen oğuz (ikramda bulunma toy),ham_okuma_notu; araştırmacı tarafından standartlaştırıldı,05_kazan_bey_oglu_uruz_beyin_tutsak_oldugu_boy.csv
DKR0254,263.0,Kazan Bey Oğlu Uruz Bey'in Tutsak Olduğu Boy,boy,Salur Kazan,salur_kazan,kişi,Kara Göne,kara_gone,kişi,diy+,diyalog_olumlu,iletişim,3,pozitif,yönlü,açık_ilişki,diy+,kazan - kara göne (diy+),ham_okuma_notu; araştırmacı tarafından standartlaştırıldı,05_kazan_bey_oglu_uruz_beyin_tutsak_oldugu_boy.csv
DKR0255,264.0,Kazan Bey Oğlu Uruz Bey'in Tutsak Olduğu Boy,boy,Salur Kazan,salur_kazan,kişi,At Ağızlı Aruz,at_agizli_aruz,kişi,diy+,diyalog_olumlu,iletişim,3,pozitif,yönlü,açık_ilişki,diy+,kazan - at ağızlı aruz (diy+),ham_okuma_notu; araştırmacı tarafından standartlaştırıldı,05_kazan_bey_oglu_uruz_beyin_tutsak_oldugu_boy.csv
DKR0256,265.0,Kazan Bey Oğlu Uruz Bey'in Tutsak Olduğu Boy,boy,Salur Kazan,salur_kazan,kişi,Uruz,uruz,kişi,diy -,diyalog_olumsuz,iletişim,3,negatif,yönlü,açık_ilişki,diy -,kazan - uruz (diy - ),ham_okuma_notu; araştırmacı tarafından standartlaştırıldı,05_kazan_bey_oglu_uruz_beyin_tutsak_oldugu_boy.csv
DKR0257,266.0,Kazan Bey Oğlu Uruz Bey'in Tutsak Olduğu Boy,boy,Uruz,uruz,kişi,Salur Kazan,salur_kazan,kişi,diy0; neden üzüldüğünü sorar,diyalog_nötr,iletişim,2,nötr,yönlü,açık_ilişki,diy0; neden üzüldüğünü sorar,uruz - kazan (diy0; neden üzüldüğünü sorar),ham_okuma_notu; araştırmacı tarafından standartlaştırıldı,05_kazan_bey_oglu_uruz_beyin_tutsak_oldugu_boy.csv
DKR0258,267.0,Kazan Bey Oğlu Uruz Bey'in Tutsak Olduğu Boy,boy,Salur Kazan,salur_kazan,kişi,Uruz,uruz,kişi,diy - ; oğlunun tecrübesiz olduğuna üzüldüğünü iletir,akrabalık,akrabalık,5,pozitif,yönsüz,açık_ilişki,diy - ; oğlunun tecrübesiz olduğuna üzüldüğünü iletir,kazan - uruz (diy - ; oğlunun tecrübesiz olduğuna üzüldüğünü iletir),ham_okuma_notu; araştırmacı tarafından standartlaştırıldı,05_kazan_bey_oglu_uruz_beyin_tutsak_oldugu_boy.csv
DKR0259,268.0,Kazan Bey Oğlu Uruz Bey'in Tutsak Olduğu Boy,boy,Uruz,uruz,kişi,Salur Kazan,salur_kazan,kişi,ikna; oğul hüneri babadan öğrenir,ikna/müzakere,iletişim,3,karışık,yönlü,açık_ilişki,ikna; oğul hüneri babadan öğrenir,uruz - kazan (ikna; oğul hüneri babadan öğrenir),ham_okuma_notu; araştırmacı tarafından standartlaştırıldı,05_kazan_bey_oglu_uruz_beyin_tutsak_oldugu_boy.csv
DKR0260,269.0,Kazan Bey Oğlu Uruz Bey'in Tutsak Olduğu Boy,boy,Salur Kazan,salur_kazan,kişi,Beyler (Uruz Tutsak Boyu),beyler_uruz_tutsak_boyu,grup,emir; ziyafete devam edin,otorite/emir,otorite,3,nötr,yönlü,açık_ilişki,emir; ziyafete devam edin,kazan - beyler (emir; ziyafete devam edin),ham_okuma_notu; araştırmacı tarafından standartlaştırıldı,05_kazan_bey_oglu_uruz_beyin_tutsak_oldugu_boy.csv
DKR0261,270.0,Kazan Bey Oğlu Uruz Bey'in Tutsak Olduğu Boy,boy,Salur Kazan,salur_kazan,kişi,Uruz,uruz,kişi,emir; ava çıkalım; hudutları oğluma göstereyim,akrabalık,akrabalık,5,pozitif,yönsüz,açık_ilişki,emir; ava çıkalım; hudutları oğluma göstereyim,kazan - uruz (emir; ava çıkalım; hudutları oğluma göstereyim),ham_okuma_notu; araştırmacı tarafından standartlaştırıldı,05_kazan_bey_oglu_uruz_beyin_tutsak_oldugu_boy.csv
DKR0262,271.0,Kazan Bey Oğlu Uruz Bey'in Tutsak Olduğu Boy,boy,Salur Kazan,salur_kazan,kişi,300 Asker,300_asker,grup,emir; silah kuşanıp atlandı; hareket ettiler,otorite/emir,otorite,3,nötr,yönlü,açık_ilişki,emir; silah kuşanıp atlandı; hareket ettiler,kazan - 300 asker (emir; silah kuşanıp atlandı; hareket ettiler),ham_okuma_notu; araştırmacı tarafından standartlaştırıldı,05_kazan_bey_oglu_uruz_beyin_tutsak_oldugu_boy.csv
DKR0263,272.0,Kazan Bey Oğlu Uruz Bey'in Tutsak Olduğu Boy,boy,Uruz,uruz,kişi,40 Askeri,40_askeri,grup,emir; uruz'un emrine verildi,otorite/emir,otorite,3,nötr,yönlü,açık_ilişki,emir; uruz'un emrine verildi,uruz - 40 askeri (emir; uruz'un emrine verildi),ham_okuma_notu; araştırmacı tarafından standartlaştırıldı,05_kazan_bey_oglu_uruz_beyin_tutsak_oldugu_boy.csv
DKR0265,274.0,Kazan Bey Oğlu Uruz Bey'in Tutsak Olduğu Boy,boy,Tatyan Kalesi Casusları,tatyan_kalesi_casuslari,grup,Tekfur (Uruz Tutsak Boyu),tekfur_uruz_tutsak_boyu,kişi,kazan ve oğlu avdalar bilgisini verdi,destek/yardım,iletişim,2,pozitif,yönlü,açık_ilişki,kazan ve oğlu avdalar bilgisini verdi,tatyan kalesi casusları - tekfur (kazan ve oğlu avdalar bilgisini verdi),ham_okuma_notu; araştırmacı tarafından standartlaştırıldı,05_kazan_bey_oglu_uruz_beyin_tutsak_oldugu_boy.csv
DKR0266,275.0,Kazan Bey Oğlu Uruz Bey'in Tutsak Olduğu Boy,boy,Ak Saka Kalesi Casusları,ak_saka_kalesi_casuslari,grup,Tekfur (Uruz Tutsak Boyu),tekfur_uruz_tutsak_boyu,kişi,kazan ve oğlu avda bilgsini verdi,destek/yardım,iletişim,2,pozitif,yönlü,açık_ilişki,kazan ve oğlu avda bilgsini verdi,ak saka kalesi casusları - tekfur (kazan ve oğlu avda bilgsini verdi),ham_okuma_notu; araştırmacı tarafından standartlaştırıldı,05_kazan_bey_oglu_uruz_beyin_tutsak_oldugu_boy.csv
DKR0268,277.0,Kazan Bey Oğlu Uruz Bey'in Tutsak Olduğu Boy,boy,16 Bin Kafir,16_bin_kafir,kişi,"Kazan, Uruz ve Askerleri",kazan_uruz_ve_askerleri,grup,çatışma,çatışma,çatışma,5,negatif,yönsüz,açık_ilişki,çatışma,"16 bin kafir - kazan, uruz ve askerleri (çatışma)",ham_okuma_notu; araştırmacı tarafından standartlaştırıldı,05_kazan_bey_oglu_uruz_beyin_tutsak_oldugu_boy.csv
DKR0269,278.0,Kazan Bey Oğlu Uruz Bey'in Tutsak Olduğu Boy,boy,Uruz,uruz,kişi,Salur Kazan,salur_kazan,kişi,diy0,diyalog_nötr,iletişim,2,nötr,yönlü,açık_ilişki,diy0,uruz - kazan (diy0),ham_okuma_notu; araştırmacı tarafından standartlaştırıldı,05_kazan_bey_oglu_uruz_beyin_tutsak_oldugu_boy.csv
DKR0270,279.0,Kazan Bey Oğlu Uruz Bey'in Tutsak Olduğu Boy,boy,Salur Kazan,salur_kazan,kişi,Uruz,uruz,kişi,emir; savaştan uzağa 40 adamınla birlikte git,otorite/emir,otorite,3,nötr,yönlü,açık_ilişki,emir; savaştan uzağa 40 adamınla birlikte git,kazan - uruz (emir; savaştan uzağa 40 adamınla birlikte git),ham_okuma_notu; araştırmacı tarafından standartlaştırıldı,05_kazan_bey_oglu_uruz_beyin_tutsak_oldugu_boy.csv
DKR0271,280.0,Kazan Bey Oğlu Uruz Bey'in Tutsak Olduğu Boy,boy,Salur Kazan,salur_kazan,kişi,Kafirler (Uruz Tutsak Boyu),kafirler_uruz_tutsak_boyu,grup,çatışma,çatışma,çatışma,5,negatif,yönsüz,açık_ilişki,çatışma,kazan - kafirler (çatışma),ham_okuma_notu; araştırmacı tarafından standartlaştırıldı,05_kazan_bey_oglu_uruz_beyin_tutsak_oldugu_boy.csv
DKR0272,281.0,Kazan Bey Oğlu Uruz Bey'in Tutsak Olduğu Boy,boy,Uruz,uruz,kişi,Uruz'un 40 Askeri,uruzun_40_askeri,grup,emir; düşmana hucüm edin,çatışma,çatışma,5,negatif,yönsüz,açık_ilişki,emir; düşmana hucüm edin,uruz - uruz'un 40 askeri (emir; düşmana hucüm edin),ham_okuma_notu; araştırmacı tarafından standartlaştırıldı,05_kazan_bey_oglu_uruz_beyin_tutsak_oldugu_boy.csv
DKR0273,282.0,Kazan Bey Oğlu Uruz Bey'in Tutsak Olduğu Boy,boy,Uruz ve Uruzun 40 Askeri,uruz_ve_uruzun_40_askeri,grup,Kafirlerin Sağ Cenahı,kafirlerin_sag_cenahi,grup,çatışma,çatışma,çatışma,5,negatif,yönsüz,açık_ilişki,çatışma,uruz ve uruzun 40 askeri - kafirlerin sağ cenahı (çatışma),ham_okuma_notu; araştırmacı tarafından standartlaştırıldı,05_kazan_bey_oglu_uruz_beyin_tutsak_oldugu_boy.csv
DKR0274,283.0,Kazan Bey Oğlu Uruz Bey'in Tutsak Olduğu Boy,boy,Kafirler (Uruz Tutsak Boyu),kafirler_uruz_tutsak_boyu,grup,Uruzun 40 Adamını Şehit Ettiler,uruzun_40_adamini_sehit_ettiler,grup,çat,belirsiz,olay,1,nötr,yönlü,açık_ilişki,çat,kafirler - uruzun 40 adamını şehit ettiler (çat),ham_okuma_notu; araştırmacı tarafından standartlaştırıldı,05_kazan_bey_oglu_uruz_beyin_tutsak_oldugu_boy.csv
DKR0275,284.0,Kazan Bey Oğlu Uruz Bey'in Tutsak Olduğu Boy,boy,Kafirler (Uruz Tutsak Boyu),kafirler_uruz_tutsak_boyu,grup,Uruz,uruz,kişi,uruz esir alındı,çatışma,çatışma,5,negatif,yönsüz,açık_ilişki,uruz esir alındı,kafirler - uruz (uruz esir alındı),ham_okuma_notu; araştırmacı tarafından standartlaştırıldı,05_kazan_bey_oglu_uruz_beyin_tutsak_oldugu_boy.csv
DKR0276,285.0,Kazan Bey Oğlu Uruz Bey'in Tutsak Olduğu Boy,boy,Salur Kazan,salur_kazan,kişi,Beyler (Uruz Tutsak Boyu),beyler_uruz_tutsak_boyu,grup,diy0; beylere uruz'u soruyor,diyalog_nötr,iletişim,2,nötr,yönlü,açık_ilişki,diy0; beylere uruz'u soruyor,kazan - beyler (diy0; beylere uruz'u soruyor),ham_okuma_notu; araştırmacı tarafından standartlaştırıldı,05_kazan_bey_oglu_uruz_beyin_tutsak_oldugu_boy.csv
DKR0278,287.0,Kazan Bey Oğlu Uruz Bey'in Tutsak Olduğu Boy,boy,Burla Hatun,burla_hatun,kişi,Salur Kazan,salur_kazan,kişi,diy0 - uruzun nerede olduğunu soruyor,diyalog_nötr,iletişim,2,nötr,yönlü,açık_ilişki,diy0 - uruzun nerede olduğunu soruyor,burla - kazan (diy0 - uruzun nerede olduğunu soruyor),ham_okuma_notu; araştırmacı tarafından standartlaştırıldı; v3 bağlamsal standardizasyon; v3 bağlamsal standardizasyon,05_kazan_bey_oglu_uruz_beyin_tutsak_oldugu_boy.csv
DKR0279,288.0,Kazan Bey Oğlu Uruz Bey'in Tutsak Olduğu Boy,boy,Burla Hatun,burla_hatun,kişi,Salur Kazan,salur_kazan,kişi,emir - uruz'u bulması için mühlet veriyor,otorite/emir,otorite,3,nötr,yönlü,açık_ilişki,emir - uruz'u bulması için mühlet veriyor,burla - kazan (emir - uruz'u bulması için mühlet veriyor),ham_okuma_notu; araştırmacı tarafından standartlaştırıldı; v3 bağlamsal standardizasyon; v3 bağlamsal standardizasyon,05_kazan_bey_oglu_uruz_beyin_tutsak_oldugu_boy.csv
DKR0280,289.0,Kazan Bey Oğlu Uruz Bey'in Tutsak Olduğu Boy,boy,Salur Kazan,salur_kazan,kişi,Dokuz Tümen Oğuz,dokuz_tumen_oguz,grup,emir; uruz tutsaktır bulun kurtaralım,otorite/emir,otorite,3,nötr,yönlü,açık_ilişki,emir; uruz tutsaktır bulun kurtaralım,kazan - dokuz tümen oğuz (emir; uruz tutsaktır bulun kurtaralım),ham_okuma_notu; araştırmacı tarafından standartlaştırıldı,05_kazan_bey_oglu_uruz_beyin_tutsak_oldugu_boy.csv
DKR0282,291.0,Kazan Bey Oğlu Uruz Bey'in Tutsak Olduğu Boy,boy,Kafir,kafir,kişi,Uruz,uruz,kişi,uruz'u kara dervend'in kapı eşiğine yatırdılar; işkence ettiler,çatışma,çatışma,5,negatif,yönsüz,açık_ilişki,uruz'u kara dervend'in kapı eşiğine yatırdılar; işkence ettiler,kafir - uruz (uruz'u kara dervend'in kapı eşiğine yatırdılar; işkence ettiler),ham_okuma_notu; araştırmacı tarafından standartlaştırıldı,05_kazan_bey_oglu_uruz_beyin_tutsak_oldugu_boy.csv
DKR0283,292.0,Kazan Bey Oğlu Uruz Bey'in Tutsak Olduğu Boy,boy,Kazan ve Askerleri,kazan_ve_askerleri,grup,Kafirler (Uruz Tutsak Boyu),kafirler_uruz_tutsak_boyu,grup,çatışma,çatışma,çatışma,5,negatif,yönsüz,açık_ilişki,çatışma,kazan ve askerleri - kafirler (çatışma),ham_okuma_notu; araştırmacı tarafından standartlaştırıldı,05_kazan_bey_oglu_uruz_beyin_tutsak_oldugu_boy.csv
DKR0284,293.0,Kazan Bey Oğlu Uruz Bey'in Tutsak Olduğu Boy,boy,Uruz,uruz,kişi,Kafir,kafir,kişi,uruz kafirlerden aman diliyor,destek/yardım,olay,4,pozitif,yönlü,açık_ilişki,uruz kafirlerden aman diliyor,uruz - kafir (uruz kafirlerden aman diliyor),ham_okuma_notu; araştırmacı tarafından standartlaştırıldı,05_kazan_bey_oglu_uruz_beyin_tutsak_oldugu_boy.csv
DKR0285,294.0,Kazan Bey Oğlu Uruz Bey'in Tutsak Olduğu Boy,boy,Uruz,uruz,kişi,Salur Kazan,salur_kazan,kişi,diy0 - babasından geri dönmesini istiyor,akrabalık,akrabalık,5,pozitif,yönsüz,açık_ilişki,diy0 - babasından geri dönmesini istiyor,uruz - kazan (diy0 - babasından geri dönmesini istiyor),ham_okuma_notu; araştırmacı tarafından standartlaştırıldı,05_kazan_bey_oglu_uruz_beyin_tutsak_oldugu_boy.csv
DKR0286,295.0,Kazan Bey Oğlu Uruz Bey'in Tutsak Olduğu Boy,boy,Salur Kazan,salur_kazan,kişi,Kafirler (Uruz Tutsak Boyu),kafirler_uruz_tutsak_boyu,grup,çatışma; kafir kazan'ın gözünü yaralıyor ve kazan zayıf düşüyor,çatışma,çatışma,5,negatif,yönsüz,açık_ilişki,çatışma; kafir kazan'ın gözünü yaralıyor ve kazan zayıf düşüyor,kazan - kafirler (çatışma; kafir kazan'ın gözünü yaralıyor ve kazan zayıf düşüyor),ham_okuma_notu; araştırmacı tarafından standartlaştırıldı,05_kazan_bey_oglu_uruz_beyin_tutsak_oldugu_boy.csv
DKR0287,296.0,Kazan Bey Oğlu Uruz Bey'in Tutsak Olduğu Boy,boy,Burla Hatun,burla_hatun,kişi,40 Ince Belli Kız,40_ince_belli_kiz,kişi,emir; kazan'ı aramaya gidelim,otorite/emir,otorite,3,nötr,yönlü,açık_ilişki,emir; kazan'ı aramaya gidelim,burla - 40 ince belli kız (emir; kazan'ı aramaya gidelim),ham_okuma_notu; araştırmacı tarafından standartlaştırıldı; v3 bağlamsal standardizasyon; v3 bağlamsal standardizasyon,05_kazan_bey_oglu_uruz_beyin_tutsak_oldugu_boy.csv
DKR0288,297.0,Kazan Bey Oğlu Uruz Bey'in Tutsak Olduğu Boy,boy,Salur Kazan,salur_kazan,kişi,Burla Hatun,burla_hatun,kişi,diy0; kazan kendisine desteğe gelenin kim olduğunu soruyor,diyalog_nötr,iletişim,2,nötr,yönlü,açık_ilişki,diy0; kazan kendisine desteğe gelenin kim olduğunu soruyor,kazan - burla (diy0; kazan kendisine desteğe gelenin kim olduğunu soruyor),ham_okuma_notu; araştırmacı tarafından standartlaştırıldı; v3 bağlamsal standardizasyon; v3 bağlamsal standardizasyon,05_kazan_bey_oglu_uruz_beyin_tutsak_oldugu_boy.csv
DKR0289,298.0,Kazan Bey Oğlu Uruz Bey'in Tutsak Olduğu Boy,boy,"Kazan Kardeşi Kara Göne, Kıyan Selçuk Oğlu Deli Dündar, Gaflet Koca Oğlu Şir Şemseddin, Beyrek, Kazılık Koca Oğlu Bey Yigenek, Dör Boyun Okşayan Deli Dündar, Bin Kavim Başları Düger, Bin Bügdüz Başları Emen, Dokuz Koca Başları Aruz, Kazan'ın Beyleri",kazan_kardesi_kara_gone_kiyan_selcuk_oglu_deli_dundar_gaflet_koca_oglu_sir_semseddin_beyrek_kazilik_koca_oglu_bey_yigenek_dor_boyun_oksayan_deli_dundar_bin_kavim_baslari_duger_bin_bugduz_baslari_emen_dokuz_koca_baslari_aruz_kazanin_beyleri,grup,Kafirler (Uruz Tutsak Boyu),kafirler_uruz_tutsak_boyu,grup,"çatışma, kazan'a yardıma geldiler",çatışma,çatışma,5,negatif,yönsüz,açık_ilişki,"çatışma, kazan'a yardıma geldiler","kazan kardeşi kara göne, kıyan selçuk oğlu deli dündar, gaflet koca oğlu şir şemseddin, beyrek, kazılık koca oğlu bey yigenek, dör boyun okşayan deli dündar, bin kavim başları düger, bin bügdüz başları emen, dokuz koca başları aruz, kazan'ın beyleri - kafirler (çatışma, kazan'a yardıma geldiler)",ham_okuma_notu; araştırmacı tarafından standartlaştırıldı,05_kazan_bey_oglu_uruz_beyin_tutsak_oldugu_boy.csv
DKR0290,299.0,Kazan Bey Oğlu Uruz Bey'in Tutsak Olduğu Boy,boy,Dış Oğuz Beyleri ve Deli Dündar,dis_oguz_beyleri_ve_deli_dundar,grup,Kafirin Sağına Saldırdılar,kafirin_sagina_saldirdilar,kişi,çatışma,çatışma,çatışma,5,negatif,yönsüz,açık_ilişki,çatışma,dış oğuz beyleri ve deli dündar - kafirin sağına saldırdılar (çatışma),ham_okuma_notu; araştırmacı tarafından standartlaştırıldı,05_kazan_bey_oglu_uruz_beyin_tutsak_oldugu_boy.csv
DKR0291,300.0,Kazan Bey Oğlu Uruz Bey'in Tutsak Olduğu Boy,boy,Cilasun Yiğitleri ve Deli Dündar,cilasun_yigitleri_ve_deli_dundar,grup,Kafirin Soluna Saldırdılar,kafirin_soluna_saldirdilar,kişi,çatışma,çatışma,çatışma,5,negatif,yönsüz,açık_ilişki,çatışma,cilasun yiğitleri ve deli dündar - kafirin soluna saldırdılar (çatışma),ham_okuma_notu; araştırmacı tarafından standartlaştırıldı,05_kazan_bey_oglu_uruz_beyin_tutsak_oldugu_boy.csv
DKR0292,301.0,Kazan Bey Oğlu Uruz Bey'in Tutsak Olduğu Boy,boy,Salur Kazan,salur_kazan,kişi,Tekfur ve Şökli Melik,tekfur_ve_sokli_melik,grup,çatışma,çatışma,çatışma,5,negatif,yönsüz,açık_ilişki,çatışma,kazan - tekfur ve şökli melik (çatışma),ham_okuma_notu; araştırmacı tarafından standartlaştırıldı,05_kazan_bey_oglu_uruz_beyin_tutsak_oldugu_boy.csv
DKR0293,302.0,Kazan Bey Oğlu Uruz Bey'in Tutsak Olduğu Boy,boy,Deli Dündar,deli_dundar,kişi,Kara Tüken Melik,kara_tuken_melik,kişi,çatışma,çatışma,çatışma,5,negatif,yönsüz,açık_ilişki,çatışma,deli dündar - kara tüken melik (çatışma),ham_okuma_notu; araştırmacı tarafından standartlaştırıldı,05_kazan_bey_oglu_uruz_beyin_tutsak_oldugu_boy.csv
DKR0294,303.0,Kazan Bey Oğlu Uruz Bey'in Tutsak Olduğu Boy,boy,Kara Budak,kara_budak,kişi,Buğaçuk Melik,bugacuk_melik,kişi,çatışma,çatışma,çatışma,5,negatif,yönsüz,açık_ilişki,çatışma,kara budak - buğaçuk melik (çatışma),ham_okuma_notu; araştırmacı tarafından standartlaştırıldı,05_kazan_bey_oglu_uruz_beyin_tutsak_oldugu_boy.csv
DKR0295,304.0,Kazan Bey Oğlu Uruz Bey'in Tutsak Olduğu Boy,boy,Burla Hatun,burla_hatun,kişi,Kafirin Sancağını Kılıçladı,kafirin_sancagini_kilicladi,kişi,çatışma,çatışma,çatışma,5,negatif,yönsüz,açık_ilişki,çatışma,burla hatun - kafirin sancağını kılıçladı (çatışma),ham_okuma_notu; araştırmacı tarafından standartlaştırıldı,05_kazan_bey_oglu_uruz_beyin_tutsak_oldugu_boy.csv
DKR0298,309.0,Duha Koca Oğlu Deli Dumrul,boy,Deli Dumrul,deli_dumrul,kişi,Duha Koca,duha_koca,kişi,oğlu,akrabalık,akrabalık,5,pozitif,yönsüz,çıkarımsal_akrabalık,,duha koca oğlu deli dumrul,ham_okuma_notu; araştırmacı tarafından standartlaştırıldı,06_duha_koca_oglu_deli_dumrul.csv
DKR0300,311.0,Duha Koca Oğlu Deli Dumrul,boy,Deli Dumrul,deli_dumrul,kişi,Oba,oba,grup,diy0; neden ağlarsınız,diyalog_nötr,iletişim,2,nötr,yönlü,açık_ilişki,diy0; neden ağlarsınız,deli dumrul - oba (diy0; neden ağlarsınız),ham_okuma_notu; araştırmacı tarafından standartlaştırıldı,06_duha_koca_oglu_deli_dumrul.csv
DKR0302,313.0,Duha Koca Oğlu Deli Dumrul,boy,Tanrı,tanri,mitolojik/ilahi,Deli Dumrul,deli_dumrul,kişi,hasımlık,çatışma,çatışma,5,negatif,yönsüz,açık_ilişki,hasımlık,tanrı - deli dumrul (hasımlık),ham_okuma_notu; araştırmacı tarafından standartlaştırıldı,06_duha_koca_oglu_deli_dumrul.csv
DKR0303,314.0,Duha Koca Oğlu Deli Dumrul,boy,Tanrı,tanri,mitolojik/ilahi,Azrail,azrail,mitolojik/ilahi,emir; deli dumrul'un canını al,otorite/emir,otorite,3,nötr,yönlü,açık_ilişki,emir; deli dumrul'un canını al,tanrı - azrail (emir; deli dumrul'un canını al),ham_okuma_notu; araştırmacı tarafından standartlaştırıldı,06_duha_koca_oglu_deli_dumrul.csv
DKR0304,315.0,Duha Koca Oğlu Deli Dumrul,boy,Deli Dumrul,deli_dumrul,kişi,40 Yiğit,40_yigit,grup,"yiyip, içme, oturma",belirsiz,olay,1,nötr,yönlü,açık_ilişki,"yiyip, içme, oturma","deli dumrul - 40 yiğit (yiyip, içme, oturma)",ham_okuma_notu; araştırmacı tarafından standartlaştırıldı,06_duha_koca_oglu_deli_dumrul.csv
DKR0305,316.0,Duha Koca Oğlu Deli Dumrul,boy,Deli Dumrul,deli_dumrul,kişi,Azrail,azrail,mitolojik/ilahi,diy - ; çatışma,çatışma,çatışma,5,negatif,yönsüz,açık_ilişki,diy - ; çatışma,deli dumrul - azrail (diy - ; çatışma),ham_okuma_notu; araştırmacı tarafından standartlaştırıldı,06_duha_koca_oglu_deli_dumrul.csv
DKR0306,317.0,Duha Koca Oğlu Deli Dumrul,boy,Deli Durmrul,deli_durmrul,kişi,Dumrul'un 40 Adamı,dumrulun_40_adami,grup,diy+; azraili korkuttum,diyalog_olumlu,iletişim,3,pozitif,yönlü,açık_ilişki,diy+; azraili korkuttum,deli durmrul - dumrul'un 40 adamı (diy+; azraili korkuttum),ham_okuma_notu; araştırmacı tarafından standartlaştırıldı,06_duha_koca_oglu_deli_dumrul.csv
DKR0307,318.0,Duha Koca Oğlu Deli Dumrul,boy,Deli Dumrul,deli_dumrul,kişi,Azrail,azrail,mitolojik/ilahi,azrail kuş oldu; dumrul doğanına yakalatmaya çalıştı,belirsiz,olay,1,nötr,yönlü,açık_ilişki,azrail kuş oldu; dumrul doğanına yakalatmaya çalıştı,deli dumrul - azrail (azrail kuş oldu; dumrul doğanına yakalatmaya çalıştı),ham_okuma_notu; araştırmacı tarafından standartlaştırıldı,06_duha_koca_oglu_deli_dumrul.csv
DKR0308,319.0,Duha Koca Oğlu Deli Dumrul,boy,Deli Dumrul,deli_dumrul,kişi,Azrail,azrail,mitolojik/ilahi,azrailden medet istiyor,belirsiz,olay,1,nötr,yönlü,açık_ilişki,azrailden medet istiyor,deli dumrul - azrail (azrailden medet istiyor),ham_okuma_notu; araştırmacı tarafından standartlaştırıldı,06_duha_koca_oglu_deli_dumrul.csv
DKR0309,320.0,Duha Koca Oğlu Deli Dumrul,boy,Deli Dumrul,deli_dumrul,kişi,Tanrı,tanri,mitolojik/ilahi,dua - ikna; canımı bağışla; diy+,diyalog_olumlu,iletişim,3,pozitif,yönlü,açık_ilişki,dua - ikna; canımı bağışla; diy+,deli dumrul - Tanrı (dua - ikna; canımı bağışla; diy+),ham_okuma_notu; araştırmacı tarafından standartlaştırıldı,06_duha_koca_oglu_deli_dumrul.csv
DKR0310,321.0,Duha Koca Oğlu Deli Dumrul,boy,Tanrı,tanri,mitolojik/ilahi,Azrail,azrail,mitolojik/ilahi,emir; dumrul canı yerine can bulsun onun canını bağışlarım,otorite/emir,otorite,3,nötr,yönlü,açık_ilişki,emir; dumrul canı yerine can bulsun onun canını bağışlarım,tanrı - azrail (emir; dumrul canı yerine can bulsun onun canını bağışlarım),ham_okuma_notu; araştırmacı tarafından standartlaştırıldı,06_duha_koca_oglu_deli_dumrul.csv
DKR0311,322.0,Duha Koca Oğlu Deli Dumrul,boy,Azrail,azrail,mitolojik/ilahi,Dumrul,dumrul,kişi,diy0; tanrının emrini söyleme,diyalog_nötr,iletişim,2,nötr,yönlü,açık_ilişki,diy0; tanrının emrini söyleme,azrail - dumrul (diy0; tanrının emrini söyleme),ham_okuma_notu; araştırmacı tarafından standartlaştırıldı,06_duha_koca_oglu_deli_dumrul.csv
DKR0312,323.0,Duha Koca Oğlu Deli Dumrul,boy,Dumrul,dumrul,kişi,Duha Koca,duha_koca,kişi,diy0; yaşananları anlatıp benim yerime canını ver,diyalog_nötr,iletişim,2,nötr,yönlü,açık_ilişki,diy0; yaşananları anlatıp benim yerime canını ver,dumrul - duha koca (diy0; yaşananları anlatıp benim yerime canını ver),ham_okuma_notu; araştırmacı tarafından standartlaştırıldı,06_duha_koca_oglu_deli_dumrul.csv
DKR0313,324.0,Duha Koca Oğlu Deli Dumrul,boy,Duha Koca,duha_koca,kişi,Dumrul,dumrul,kişi,diy - ; ben senin yerine can vermem,diyalog_olumsuz,iletişim,3,negatif,yönlü,açık_ilişki,diy - ; ben senin yerine can vermem,duha koca - dumrul (diy - ; ben senin yerine can vermem),ham_okuma_notu; araştırmacı tarafından standartlaştırıldı,06_duha_koca_oglu_deli_dumrul.csv
DKR0314,325.0,Duha Koca Oğlu Deli Dumrul,boy,Dumrul,dumrul,kişi,Dumrul'un Annesi,dumrulun_annesi,kişi,diy0; yaşananları anlatıp benim yerime canını ver,diyalog_nötr,iletişim,2,nötr,yönlü,açık_ilişki,diy0; yaşananları anlatıp benim yerime canını ver,dumrul - dumrul'un annesi (diy0; yaşananları anlatıp benim yerime canını ver),ham_okuma_notu; araştırmacı tarafından standartlaştırıldı,06_duha_koca_oglu_deli_dumrul.csv
DKR0315,326.0,Duha Koca Oğlu Deli Dumrul,boy,Dumrul'un Annesi,dumrulun_annesi,kişi,Dumrul,dumrul,kişi,diy - ; ben senin yerine can vermem,diyalog_olumsuz,iletişim,3,negatif,yönlü,açık_ilişki,diy - ; ben senin yerine can vermem,dumrul'un annesi - dumrul (diy - ; ben senin yerine can vermem),ham_okuma_notu; araştırmacı tarafından standartlaştırıldı,06_duha_koca_oglu_deli_dumrul.csv
DKR0316,327.0,Duha Koca Oğlu Deli Dumrul,boy,Dumrul,dumrul,kişi,Azrail,azrail,mitolojik/ilahi,"aman dileme, karıma çocuklarıma veda edeyim",ikna/müzakere,iletişim,3,karışık,yönlü,açık_ilişki,"aman dileme, karıma çocuklarıma veda edeyim","dumrul - azrail (aman dileme, karıma çocuklarıma veda edeyim)",ham_okuma_notu; araştırmacı tarafından standartlaştırıldı,06_duha_koca_oglu_deli_dumrul.csv
DKR0317,328.0,Duha Koca Oğlu Deli Dumrul,boy,Dumrul,dumrul,kişi,Dumrul'un Karısı,dumrulun_karisi,kişi,diy0; yaşananları anlatıyor,diyalog_nötr,iletişim,2,nötr,yönlü,açık_ilişki,diy0; yaşananları anlatıyor,dumrul - dumrul'un karısı (diy0; yaşananları anlatıyor),ham_okuma_notu; araştırmacı tarafından standartlaştırıldı,06_duha_koca_oglu_deli_dumrul.csv
DKR0318,329.0,Duha Koca Oğlu Deli Dumrul,boy,Dumrul'un Karısı,dumrulun_karisi,kişi,Dumrul,dumrul,kişi,diy+; ben senin yerine canımı vererim,diyalog_olumlu,iletişim,3,pozitif,yönlü,açık_ilişki,diy+; ben senin yerine canımı vererim,dumrul'un karısı - dumrul (diy+; ben senin yerine canımı vererim),ham_okuma_notu; araştırmacı tarafından standartlaştırıldı,06_duha_koca_oglu_deli_dumrul.csv
DKR0319,330.0,Duha Koca Oğlu Deli Dumrul,boy,Dumrul,dumrul,kişi,Tanrı,tanri,mitolojik/ilahi,yalvarma; af dileme,ikna/müzakere,iletişim,3,karışık,yönlü,açık_ilişki,yalvarma; af dileme,dumrul - tanrı (yalvarma; af dileme),ham_okuma_notu; araştırmacı tarafından standartlaştırıldı,06_duha_koca_oglu_deli_dumrul.csv
DKR0320,331.0,Duha Koca Oğlu Deli Dumrul,boy,Tanrı,tanri,mitolojik/ilahi,Azrail,azrail,mitolojik/ilahi,emir; dumrul ve karısını bağışladım,otorite/emir,otorite,3,pozitif,yönlü,açık_ilişki,emir; dumrul ve karısını bağışladım,tanrı - azrail (emir; dumrul ve karısını bağışladım),ham_okuma_notu; araştırmacı tarafından standartlaştırıldı,06_duha_koca_oglu_deli_dumrul.csv
DKR0321,332.0,Duha Koca Oğlu Deli Dumrul,boy,Tanrı,tanri,mitolojik/ilahi,Azrail,azrail,mitolojik/ilahi,emir; dumrul'un anne babasının canını al,otorite/emir,otorite,3,pozitif,yönlü,açık_ilişki,emir; dumrul'un anne babasının canını al,tanrı - azrail (emir; dumrul'un anne babasının canını al),ham_okuma_notu; araştırmacı tarafından standartlaştırıldı,06_duha_koca_oglu_deli_dumrul.csv
DKR0324,337.0,Kanlı Koca Oğlu Kan Turalı Boyu,boy,Kan Turalı,kan_turali,kişi,Kanlı Koca,kanli_koca,kişi,oğlu,akrabalık,akrabalık,5,pozitif,yönsüz,çıkarımsal_akrabalık,,kanlı koca oğlu kan turalı,ham_okuma_notu; araştırmacı tarafından standartlaştırıldı,07_kanli_koca_oglu_kan_turali_boyu.csv
DKR0325,338.0,Kanlı Koca Oğlu Kan Turalı Boyu,boy,Kanlı Koca,kanli_koca,kişi,Kan Turalı,kan_turali,kişi,diy+; kan turalı nasıl kız aradığını anlatıyor,diyalog_olumlu,iletişim,3,pozitif,yönlü,açık_ilişki,diy+; kan turalı nasıl kız aradığını anlatıyor,kanlı koca - kan turalı (diy+; kan turalı nasıl kız aradığını anlatıyor),ham_okuma_notu; araştırmacı tarafından standartlaştırıldı,07_kanli_koca_oglu_kan_turali_boyu.csv
DKR0326,339.0,Kanlı Koca Oğlu Kan Turalı Boyu,boy,Kanlı Koca,kanli_koca,kişi,Kan Turalı,kan_turali,kişi,diy+; kız bulmak senden; mal rızık benden,diyalog_olumlu,iletişim,3,pozitif,yönlü,açık_ilişki,diy+; kız bulmak senden; mal rızık benden,kanlı koca - kan turalı (diy+; kız bulmak senden; mal rızık benden),ham_okuma_notu; araştırmacı tarafından standartlaştırıldı,07_kanli_koca_oglu_kan_turali_boyu.csv
DKR0327,340.0,Kanlı Koca Oğlu Kan Turalı Boyu,boy,Kan Turalı,kan_turali,kişi,Kan Turalının 40 Adamı,kan_turalinin_40_adami,grup,"hareket, bilrikte iç oğuzu gezdiler",hareket/eylem,olay,2,nötr,yönlü,açık_ilişki,"hareket, bilrikte iç oğuzu gezdiler","kan turalı - kan turalının 40 adamı (hareket, bilrikte iç oğuzu gezdiler)",ham_okuma_notu; araştırmacı tarafından standartlaştırıldı,07_kanli_koca_oglu_kan_turali_boyu.csv
DKR0328,341.0,Kanlı Koca Oğlu Kan Turalı Boyu,boy,Kanlı Koca,kanli_koca,kişi,Kan Turalı,kan_turali,kişi,kız öyle aranmaz; sen mala sahip ol; ben kız arayayım,belirsiz,olay,1,nötr,yönlü,açık_ilişki,kız öyle aranmaz; sen mala sahip ol; ben kız arayayım,kanlı koca - kan turalı (kız öyle aranmaz; sen mala sahip ol; ben kız arayayım),ham_okuma_notu; araştırmacı tarafından standartlaştırıldı,07_kanli_koca_oglu_kan_turali_boyu.csv
DKR0332,345.0,Kanlı Koca Oğlu Kan Turalı Boyu,boy,Selcen Hatun,selcen_hatun,kişi,Trabzon Tekfuru,trabzon_tekfuru,kişi,kızı,akrabalık,akrabalık,5,pozitif,yönsüz,çıkarımsal_akrabalık,,trabzon tekfurunun kızı selcen hatun,ham_okuma_notu; araştırmacı tarafından standartlaştırıldı,07_kanli_koca_oglu_kan_turali_boyu.csv
DKR0337,350.0,Kanlı Koca Oğlu Kan Turalı Boyu,boy,Kan Turalı,kan_turali,kişi,Kanlı Koca,kanli_koca,kişi,bana kız buldun mu,belirsiz,olay,1,nötr,yönlü,açık_ilişki,bana kız buldun mu,kan turalı - kanlı koca (bana kız buldun mu),ham_okuma_notu; araştırmacı tarafından standartlaştırıldı,07_kanli_koca_oglu_kan_turali_boyu.csv
DKR0338,351.0,Kanlı Koca Oğlu Kan Turalı Boyu,boy,Kanlı Koca,kanli_koca,kişi,Kan Turalı,kan_turali,kişi,buldum ; ama hünerin varsa,belirsiz,olay,1,nötr,yönlü,açık_ilişki,buldum ; ama hünerin varsa,kanlı koca - kan turalı (buldum ; ama hünerin varsa),ham_okuma_notu; araştırmacı tarafından standartlaştırıldı,07_kanli_koca_oglu_kan_turali_boyu.csv
DKR0339,352.0,Kanlı Koca Oğlu Kan Turalı Boyu,boy,Kanlı Koca,kanli_koca,kişi,Kan Turalı,kan_turali,kişi,"hüner nedir onu anlatıyor, oğlunun gözünü korkutup bu işten vazgeçmesini istiyor",akrabalık,akrabalık,5,pozitif,yönsüz,açık_ilişki,"hüner nedir onu anlatıyor, oğlunun gözünü korkutup bu işten vazgeçmesini istiyor","kanlı koca - kan turalı (hüner nedir onu anlatıyor, oğlunun gözünü korkutup bu işten vazgeçmesini istiyor)",ham_okuma_notu; araştırmacı tarafından standartlaştırıldı,07_kanli_koca_oglu_kan_turali_boyu.csv
DKR0340,353.0,Kanlı Koca Oğlu Kan Turalı Boyu,boy,Kan Turalı,kan_turali,kişi,Kanlı Koca,kanli_koca,kişi,ben vazgeçmem; yolun açık olsun,belirsiz,olay,1,nötr,yönlü,açık_ilişki,ben vazgeçmem; yolun açık olsun,kan turalı - kanlı koca (ben vazgeçmem; yolun açık olsun),ham_okuma_notu; araştırmacı tarafından standartlaştırıldı,07_kanli_koca_oglu_kan_turali_boyu.csv
DKR0342,355.0,Kanlı Koca Oğlu Kan Turalı Boyu,boy,Tekfurun Adamları,tekfurun_adamlari,grup,Tekfur (Kan Turalı Boyu),tekfur_kan_turali_boyu,kişi,kan turalı kızını istemeye geliyor,akrabalık,akrabalık,5,pozitif,yönsüz,açık_ilişki,kan turalı kızını istemeye geliyor,tekfurun adamları - tekfur (kan turalı kızını istemeye geliyor),ham_okuma_notu; araştırmacı tarafından standartlaştırıldı,07_kanli_koca_oglu_kan_turali_boyu.csv
DKR0343,356.0,Kanlı Koca Oğlu Kan Turalı Boyu,boy,Tekfur ve 100 Kafir,tekfur_ve_100_kafir,grup,Kan Turalı ve Adamları,kan_turali_ve_adamlari,grup,kaşılama yapıyorlar,belirsiz,olay,1,nötr,yönlü,açık_ilişki,kaşılama yapıyorlar,"tekfur, 100 kafir çevresinde - kan turalı ve adamları (kaşılama yapıyorlar)",ham_okuma_notu; araştırmacı tarafından standartlaştırıldı; v3 bağlamsal standardizasyon,07_kanli_koca_oglu_kan_turali_boyu.csv
DKR0344,357.0,Kanlı Koca Oğlu Kan Turalı Boyu,boy,Kan Turalıyı Görünce Ona Tutuluyor Keşke Babam Beni Buna Verse,kan_turaliyi_gorunce_ona_tutuluyor_keske_babam_beni_buna_verse,kişi,Tekfurun,tekfurun,kişi,kızı,akrabalık,akrabalık,5,pozitif,yönsüz,çıkarımsal_akrabalık,,tekfurun kızı kan turalıyı görünce ona tutuluyor keşke babam beni buna verse,ham_okuma_notu; araştırmacı tarafından standartlaştırıldı,07_kanli_koca_oglu_kan_turali_boyu.csv
DKR0346,359.0,Kanlı Koca Oğlu Kan Turalı Boyu,boy,Kan Turalı,kan_turali,kişi,Tekfur (Kan Turalı Boyu),tekfur_kan_turali_boyu,kişi,"selamlama, niyeti ile ilgili konuşma",diyalog_nötr,iletişim,2,nötr,yönlü,açık_ilişki,"selamlama, niyeti ile ilgili konuşma","kan turalı - tekfur (selamlama, niyeti ile ilgili konuşma)",ham_okuma_notu; araştırmacı tarafından standartlaştırıldı,07_kanli_koca_oglu_kan_turali_boyu.csv
DKR0347,360.0,Kanlı Koca Oğlu Kan Turalı Boyu,boy,Tekfur (Kan Turalı Boyu),tekfur_kan_turali_boyu,kişi,Tekfurun Adamları,tekfurun_adamlari,grup,emir; kan turalı'yı soyun,otorite/emir,otorite,3,nötr,yönlü,açık_ilişki,emir; kan turalı'yı soyun,tekfur - tekfurun adamları (emir; kan turalı'yı soyun),ham_okuma_notu; araştırmacı tarafından standartlaştırıldı,07_kanli_koca_oglu_kan_turali_boyu.csv
DKR0349,362.0,Kanlı Koca Oğlu Kan Turalı Boyu,boy,Kırk Kınuk,kirk_kinuk,kişi,Kara Çekür,kara_cekur,kişi,oğlu,akrabalık,akrabalık,5,pozitif,yönsüz,çıkarımsal_akrabalık,,kara çekür oğlu kırk kınuk,ham_okuma_notu; araştırmacı tarafından standartlaştırıldı,07_kanli_koca_oglu_kan_turali_boyu.csv
DKR0352,365.0,Kanlı Koca Oğlu Kan Turalı Boyu,boy,Kan Turalı'nın Adamları,kan_turalinin_adamlari,grup,Kan Turalı,kan_turali,kişi,bir kız uğruna ölüyor diye üzülüyorlar; kan turalı kızıyor,akrabalık,akrabalık,5,pozitif,yönsüz,açık_ilişki,bir kız uğruna ölüyor diye üzülüyorlar; kan turalı kızıyor,kan turalı'nın adamları - kan turalı (bir kız uğruna ölüyor diye üzülüyorlar; kan turalı kızıyor),ham_okuma_notu; araştırmacı tarafından standartlaştırıldı,07_kanli_koca_oglu_kan_turali_boyu.csv
DKR0353,366.0,Kanlı Koca Oğlu Kan Turalı Boyu,boy,Kan Turalı,kan_turali,kişi,Boğa,boga,hayvan,çatışma,çatışma,çatışma,5,negatif,yönsüz,açık_ilişki,çatışma,kan turalı - boğa (çatışma),ham_okuma_notu; araştırmacı tarafından standartlaştırıldı,07_kanli_koca_oglu_kan_turali_boyu.csv
DKR0354,367.0,Kanlı Koca Oğlu Kan Turalı Boyu,boy,Kan Turalı,kan_turali,kişi,Tekfur (Kan Turalı Boyu),tekfur_kan_turali_boyu,kişi,boğayı öldürdüm kızı ver,akrabalık,akrabalık,5,pozitif,yönsüz,açık_ilişki,boğayı öldürdüm kızı ver,kan turalı - tekfur (boğayı öldürdüm kızı ver),ham_okuma_notu; araştırmacı tarafından standartlaştırıldı,07_kanli_koca_oglu_kan_turali_boyu.csv
DKR0355,368.0,Kanlı Koca Oğlu Kan Turalı Boyu,boy,Tekfur (Kan Turalı Boyu),tekfur_kan_turali_boyu,kişi,Çevresindekiler,cevresindekiler,grup,kızı verin gitsin,akrabalık,akrabalık,5,pozitif,yönsüz,açık_ilişki,kızı verin gitsin,tekfur - çevresine (kızı verin gitsin),ham_okuma_notu; araştırmacı tarafından standartlaştırıldı; v3 bağlamsal standardizasyon; v3 bağlamsal standardizasyon,07_kanli_koca_oglu_kan_turali_boyu.csv
DKR0356,369.0,Kanlı Koca Oğlu Kan Turalı Boyu,boy,Tekfurun Kardeşinin Oğlu,tekfurun_kardesinin_oglu,kişi,Tekfur (Kan Turalı Boyu),tekfur_kan_turali_boyu,kişi,ikna; aslanı da yensin öyle ver kızı,akrabalık,akrabalık,5,pozitif,yönsüz,açık_ilişki,ikna; aslanı da yensin öyle ver kızı,tekfurun kardeşinin oğlu - tekfur (ikna; aslanı da yensin öyle ver kızı),ham_okuma_notu; araştırmacı tarafından standartlaştırıldı,07_kanli_koca_oglu_kan_turali_boyu.csv
DKR0358,371.0,Kanlı Koca Oğlu Kan Turalı Boyu,boy,Kan Turalı,kan_turali,kişi,Aslan,aslan,hayvan,çatışma,çatışma,çatışma,5,negatif,yönsüz,açık_ilişki,çatışma,kan turalı - aslan (çatışma),ham_okuma_notu; araştırmacı tarafından standartlaştırıldı,07_kanli_koca_oglu_kan_turali_boyu.csv
DKR0359,372.0,Kanlı Koca Oğlu Kan Turalı Boyu,boy,Kan Turalı,kan_turali,kişi,Tekfur (Kan Turalı Boyu),tekfur_kan_turali_boyu,kişi,aslanı yendim kızı ver,akrabalık,akrabalık,5,pozitif,yönsüz,açık_ilişki,aslanı yendim kızı ver,kan turalı - tekfur (aslanı yendim kızı ver),ham_okuma_notu; araştırmacı tarafından standartlaştırıldı,07_kanli_koca_oglu_kan_turali_boyu.csv
DKR0360,373.0,Kanlı Koca Oğlu Kan Turalı Boyu,boy,Tekfur (Kan Turalı Boyu),tekfur_kan_turali_boyu,kişi,Çevresindekiler,cevresindekiler,grup,emir; kızı verin,akrabalık,akrabalık,5,pozitif,yönsüz,açık_ilişki,emir; kızı verin,tekfur - çevresine (emir; kızı verin),ham_okuma_notu; araştırmacı tarafından standartlaştırıldı; v3 bağlamsal standardizasyon; v3 bağlamsal standardizasyon,07_kanli_koca_oglu_kan_turali_boyu.csv
DKR0361,374.0,Kanlı Koca Oğlu Kan Turalı Boyu,boy,Tekfurun Kardeşinin Oğlu,tekfurun_kardesinin_oglu,kişi,Tekfur (Kan Turalı Boyu),tekfur_kan_turali_boyu,kişi,ikna; deveyle de savaşsın,ikna/müzakere,iletişim,3,karışık,yönlü,açık_ilişki,ikna; deveyle de savaşsın,tekfurun kardeşinin oğlu - tekfur (ikna; deveyle de savaşsın),ham_okuma_notu; araştırmacı tarafından standartlaştırıldı,07_kanli_koca_oglu_kan_turali_boyu.csv
DKR0362,375.0,Kanlı Koca Oğlu Kan Turalı Boyu,boy,Kan Turalının Adamları,kan_turalinin_adamlari,grup,Kan Turalı,kan_turali,kişi,tezahurat yapma,belirsiz,olay,1,nötr,yönlü,açık_ilişki,tezahurat yapma,kan turalının adamları - kan turalı (tezahurat yapma),ham_okuma_notu; araştırmacı tarafından standartlaştırıldı,07_kanli_koca_oglu_kan_turali_boyu.csv
DKR0363,376.0,Kanlı Koca Oğlu Kan Turalı Boyu,boy,Kan Turalı,kan_turali,kişi,Deve,deve,hayvan,çatışma,çatışma,çatışma,5,negatif,yönsüz,açık_ilişki,çatışma,kan turalı - deve (çatışma),ham_okuma_notu; araştırmacı tarafından standartlaştırıldı,07_kanli_koca_oglu_kan_turali_boyu.csv
DKR0364,377.0,Kanlı Koca Oğlu Kan Turalı Boyu,boy,Tekfur (Kan Turalı Boyu),tekfur_kan_turali_boyu,kişi,Kan Turalı,kan_turali,kişi,diy+; gözüme girdin kızı verin,akrabalık,akrabalık,5,pozitif,yönsüz,açık_ilişki,diy+; gözüme girdin kızı verin,tekfur - kan turalı (diy+; gözüme girdin kızı verin),ham_okuma_notu; araştırmacı tarafından standartlaştırıldı,07_kanli_koca_oglu_kan_turali_boyu.csv
DKR0367,380.0,Kanlı Koca Oğlu Kan Turalı Boyu,boy,Kan Turalı,kan_turali,kişi,Kan Turalı'nın Adamları,kan_turalinin_adamlari,grup,emir; anneme babama haver verin,otorite/emir,otorite,3,nötr,yönlü,açık_ilişki,emir; anneme babama haver verin,kan turalı - kan turalı'nın adamları (emir; anneme babama haver verin),ham_okuma_notu; araştırmacı tarafından standartlaştırıldı,07_kanli_koca_oglu_kan_turali_boyu.csv
DKR0368,381.0,Kanlı Koca Oğlu Kan Turalı Boyu,boy,Kan Turalı,kan_turali,kişi,Selcen Hatun,selcen_hatun,kişi,"işrete düşme, yeme içme",tören/ritüel,olay,2,pozitif,yönlü,açık_ilişki,"işrete düşme, yeme içme","kan turalı - selcen hatun (işrete düşme, yeme içme)",ham_okuma_notu; araştırmacı tarafından standartlaştırıldı,07_kanli_koca_oglu_kan_turali_boyu.csv
DKR0371,384.0,Kanlı Koca Oğlu Kan Turalı Boyu,boy,Tekfur (Kan Turalı Boyu),tekfur_kan_turali_boyu,kişi,600 Kafir,600_kafir,kişi,emir; kan turalının üstüne varın,otorite/emir,otorite,3,nötr,yönlü,açık_ilişki,emir; kan turalının üstüne varın,tekfur - 600 kafir (emir; kan turalının üstüne varın),ham_okuma_notu; araştırmacı tarafından standartlaştırıldı,07_kanli_koca_oglu_kan_turali_boyu.csv
DKR0372,385.0,Kanlı Koca Oğlu Kan Turalı Boyu,boy,600 Kafir,600_kafir,kişi,Kan Turalı ve Selcen Hatun,kan_turali_ve_selcen_hatun,grup,çatışma,çatışma,çatışma,5,negatif,yönsüz,açık_ilişki,çatışma,600 kafir - kan turalı ve selcan hatun (çatışma),ham_okuma_notu; araştırmacı tarafından standartlaştırıldı; v3 bağlamsal standardizasyon; v3 bağlamsal standardizasyon,07_kanli_koca_oglu_kan_turali_boyu.csv
DKR0373,386.0,Kanlı Koca Oğlu Kan Turalı Boyu,boy,Selcen Hatun,selcen_hatun,kişi,Kan Turalı,kan_turali,kişi,diy0; haber verme,diyalog_nötr,iletişim,2,nötr,yönlü,açık_ilişki,diy0; haber verme,selcen hatun - kan turalı (diy0; haber verme),ham_okuma_notu; araştırmacı tarafından standartlaştırıldı,07_kanli_koca_oglu_kan_turali_boyu.csv
DKR0375,388.0,Kanlı Koca Oğlu Kan Turalı Boyu,boy,Selcen Hatun,selcen_hatun,kişi,Kan Turalının Anne Babası,kan_turalinin_anne_babasi,grup,"karşıladı, el öptü",destek/yardım,olay,4,pozitif,yönlü,açık_ilişki,"karşıladı, el öptü","selcen hatun - kan turalının anne babası (karşıladı, el öptü)",ham_okuma_notu; araştırmacı tarafından standartlaştırıldı,07_kanli_koca_oglu_kan_turali_boyu.csv
DKR0376,389.0,Kanlı Koca Oğlu Kan Turalı Boyu,boy,Kan Turalının Anne Babası,kan_turalinin_anne_babasi,grup,Selcen Hatun,selcen_hatun,kişi,yüksek yere çıkıp bakalım oğlan nerede,belirsiz,olay,1,nötr,yönlü,açık_ilişki,yüksek yere çıkıp bakalım oğlan nerede,kan turalının anne babası - selcen (yüksek yere çıkıp bakalım oğlan nerede),ham_okuma_notu; araştırmacı tarafından standartlaştırıldı; v3 bağlamsal standardizasyon; v3 bağlamsal standardizasyon,07_kanli_koca_oglu_kan_turali_boyu.csv
DKR0377,390.0,Kanlı Koca Oğlu Kan Turalı Boyu,boy,Selcen Hatun,selcen_hatun,kişi,Kafirler (Kan Turalı Boyu),kafirler_kan_turali_boyu,grup,çatışma,çatışma,çatışma,5,negatif,yönsüz,açık_ilişki,çatışma,selcen hatun - kafirler (çatışma),ham_okuma_notu; araştırmacı tarafından standartlaştırıldı,07_kanli_koca_oglu_kan_turali_boyu.csv
DKR0378,391.0,Kanlı Koca Oğlu Kan Turalı Boyu,boy,Kan Turalı,kan_turali,kişi,Selcen Hatun,selcen_hatun,kişi,kim olduğunu soruyor,belirsiz,olay,1,nötr,yönlü,açık_ilişki,kim olduğunu soruyor,kan turalı - selcen hatun (kim olduğunu soruyor),ham_okuma_notu; araştırmacı tarafından standartlaştırıldı,07_kanli_koca_oglu_kan_turali_boyu.csv
DKR0379,392.0,Kanlı Koca Oğlu Kan Turalı Boyu,boy,Kan Turalı,kan_turali,kişi,Selcen Hatun,selcen_hatun,kişi,"gerilim, çatışma",çatışma,çatışma,5,negatif,yönsüz,açık_ilişki,"gerilim, çatışma","kan turalı - selcen hatun (gerilim, çatışma)",ham_okuma_notu; araştırmacı tarafından standartlaştırıldı,07_kanli_koca_oglu_kan_turali_boyu.csv
DKR0380,393.0,Kanlı Koca Oğlu Kan Turalı Boyu,boy,Kan Turalı,kan_turali,kişi,Selcen Hatun,selcen_hatun,kişi,arayı düzeltme,belirsiz,olay,1,nötr,yönlü,açık_ilişki,arayı düzeltme,kan turalı - selcen hatun (arayı düzeltme),ham_okuma_notu; araştırmacı tarafından standartlaştırıldı,07_kanli_koca_oglu_kan_turali_boyu.csv
DKR0381,394.0,Kanlı Koca Oğlu Kan Turalı Boyu,boy,Kan Turalı ve Selcen Hatun,kan_turali_ve_selcen_hatun,grup,Kan Turalının Anne Babası,kan_turalinin_anne_babasi,grup,"el öpme, oğuz iline dönme",belirsiz,olay,1,nötr,yönlü,açık_ilişki,"el öpme, oğuz iline dönme","kan turalı ve selcen hatun - kan turalının anne babası (el öpme, oğuz iline dönme)",ham_okuma_notu; araştırmacı tarafından standartlaştırıldı,07_kanli_koca_oglu_kan_turali_boyu.csv
DKR0385,400.0,Kazılık koca oğlu yigenek boyu,boy,Bayındır Han,bayindir_han,kişi,Kam Gan,kam_gan,kişi,oğlu,akrabalık,akrabalık,5,pozitif,yönsüz,çıkarımsal_akrabalık,ziyafet verme,kam gan oğlu bayındır han (ziyafet verme),ham_okuma_notu; araştırmacı tarafından standartlaştırıldı,08_kazilik_koca_oglu_yigenek_boyu.csv
DKR0389,404.0,Kazılık koca oğlu yigenek boyu,boy,Yigenek,yigenek,kişi,Kazılık Koca,kazilik_koca,kişi,oğlu,akrabalık,akrabalık,5,pozitif,yönsüz,çıkarımsal_akrabalık,,kazılık koca oğlu yigenek,ham_okuma_notu; araştırmacı tarafından standartlaştırıldı,08_kazilik_koca_oglu_yigenek_boyu.csv
DKR0390,405.0,Kazılık koca oğlu yigenek boyu,boy,Kazılık Koca,kazilik_koca,kişi,Bayındır Han,bayindir_han,kişi,istek; akın dileme,belirsiz,olay,1,nötr,yönlü,açık_ilişki,istek; akın dileme,kazılık koca - bayındır han (istek; akın dileme),ham_okuma_notu; araştırmacı tarafından standartlaştırıldı,08_kazilik_koca_oglu_yigenek_boyu.csv
DKR0391,406.0,Kazılık koca oğlu yigenek boyu,boy,Bayındır Han,bayindir_han,kişi,Kazılık Koca,kazilik_koca,kişi,emir; akına izin verme,otorite/emir,otorite,3,nötr,yönlü,açık_ilişki,emir; akına izin verme,bayındır han - kazılık koca (emir; akına izin verme),ham_okuma_notu; araştırmacı tarafından standartlaştırıldı,08_kazilik_koca_oglu_yigenek_boyu.csv
DKR0392,407.0,Kazılık koca oğlu yigenek boyu,boy,Kazılık Koca,kazilik_koca,kişi,Yarar Kocalar,yarar_kocalar,grup,yanına aldı,belirsiz,olay,1,nötr,yönlü,açık_ilişki,yanına aldı,kazılık koca - yarar kocalar (yanına aldı),ham_okuma_notu; araştırmacı tarafından standartlaştırıldı; v3 bağlamsal standardizasyon; v3 bağlamsal standardizasyon,08_kazilik_koca_oglu_yigenek_boyu.csv
DKR0393,408.0,Kazılık koca oğlu yigenek boyu,boy,Direk Tekfur,direk_tekfur,kişi,Düzmürd Kalesi Tekfuru Arşın,duzmurd_kalesi_tekfuru_arsin,kişi,oğlu,akrabalık,akrabalık,5,pozitif,yönsüz,çıkarımsal_akrabalık,,düzmürd kalesi tekfuru arşın oğlu direk tekfur,ham_okuma_notu; araştırmacı tarafından standartlaştırıldı,08_kazilik_koca_oglu_yigenek_boyu.csv
DKR0394,409.0,Kazılık koca oğlu yigenek boyu,boy,Kazılık Koca,kazilik_koca,kişi,Arşın Oğlu Direk Tekfur,arsin_oglu_direk_tekfur,kişi,çatışma,çatışma,çatışma,5,negatif,yönsüz,açık_ilişki,çatışma,kazılık koca - arşın oğlu direk tekfur (çatışma),ham_okuma_notu; araştırmacı tarafından standartlaştırıldı,08_kazilik_koca_oglu_yigenek_boyu.csv
DKR0395,410.0,Kazılık koca oğlu yigenek boyu,boy,Arşın Oğlu Direk Tekfur,arsin_oglu_direk_tekfur,kişi,Kazılık Koca,kazilik_koca,kişi,kazılık koca esir,çatışma,çatışma,5,negatif,yönsüz,açık_ilişki,kazılık koca esir,arşın oğlu direk tekfur - kazılık koca (kazılık koca esir),ham_okuma_notu; araştırmacı tarafından standartlaştırıldı,08_kazilik_koca_oglu_yigenek_boyu.csv
DKR0397,412.0,Kazılık koca oğlu yigenek boyu,boy,Kara Budak,kara_budak,kişi,Yigenek,yigenek,kişi,atışma - laf yapma baban 16 yıldır tutsak git onu kurtar,destek/yardım,olay,4,pozitif,yönlü,açık_ilişki,atışma - laf yapma baban 16 yıldır tutsak git onu kurtar,kara budak - yigenek (atışma - laf yapma baban 16 yıldır tutsak git onu kurtar),ham_okuma_notu; araştırmacı tarafından standartlaştırıldı,08_kazilik_koca_oglu_yigenek_boyu.csv
DKR0398,413.0,Kazılık koca oğlu yigenek boyu,boy,Kara Budak,kara_budak,kişi,Kara Göne,kara_gone,kişi,oğlu,akrabalık,akrabalık,5,pozitif,yönsüz,çıkarımsal_akrabalık,,kara göne oğlu kara budak,ham_okuma_notu; araştırmacı tarafından standartlaştırıldı,08_kazilik_koca_oglu_yigenek_boyu.csv
DKR0399,414.0,Kazılık koca oğlu yigenek boyu,boy,Yigenek,yigenek,kişi,Bayındır Han,bayindir_han,kişi,ikna; bana asker ver babamı kurtarayım,ikna/müzakere,iletişim,3,karışık,yönlü,açık_ilişki,ikna; bana asker ver babamı kurtarayım,yigenek - bayındır han (ikna; bana asker ver babamı kurtarayım),ham_okuma_notu; araştırmacı tarafından standartlaştırıldı,08_kazilik_koca_oglu_yigenek_boyu.csv
DKR0400,415.0,Kazılık koca oğlu yigenek boyu,boy,Bayındır Han,bayindir_han,kişi,Yigenek,yigenek,kişi,"emir; 24 sancak beyi gelsin, kıyan selçuk oğlu deli dündar seninle gelsin, eylik koca oğlu dülek evren seninle gelsin, yağrınçı oğlu ilalmış seninle gelsin, tosun rüstem seninle gelsin, deli evren seninle gelsin, soğan sarı seninle gelsin",akrabalık,akrabalık,5,pozitif,yönsüz,açık_ilişki,"emir; 24 sancak beyi gelsin, kıyan selçuk oğlu deli dündar seninle gelsin, eylik koca oğlu dülek evren seninle gelsin, yağrınçı oğlu ilalmış seninle gelsin, tosun rüstem seninle gelsin, deli evren seninle gelsin, soğan sarı seninle gelsin","bayındır han - yigenek (emir; 24 sancak beyi gelsin, kıyan selçuk oğlu deli dündar seninle gelsin, eylik koca oğlu dülek evren seninle gelsin, yağrınçı oğlu ilalmış seninle gelsin, tosun rüstem seninle gelsin, deli evren seninle gelsin, soğan sarı seninle gelsin)",ham_okuma_notu; araştırmacı tarafından standartlaştırıldı,08_kazilik_koca_oglu_yigenek_boyu.csv
DKR0401,416.0,Kazılık koca oğlu yigenek boyu,boy,Yigenek,yigenek,kişi,24 Sancak Beyi,24_sancak_beyi,grup,düzmürd kalesi'ne yola çıktılar,belirsiz,olay,1,nötr,yönlü,açık_ilişki,düzmürd kalesi'ne yola çıktılar,yigenek - 24 sancak beyi (düzmürd kalesi'ne yola çıktılar),ham_okuma_notu; araştırmacı tarafından standartlaştırıldı,08_kazilik_koca_oglu_yigenek_boyu.csv
DKR0402,417.0,Kazılık koca oğlu yigenek boyu,boy,Yigenek,yigenek,kişi,Yoldaşları,yoldaslari,grup,rüyasını anlatıyor,duygusal_tepki,olay,2,negatif,yönlü,açık_ilişki,rüyasını anlatıyor,yigenek - yoldadşları (rüyasını anlatıyor),ham_okuma_notu; araştırmacı tarafından standartlaştırıldı; v3 bağlamsal standardizasyon,08_kazilik_koca_oglu_yigenek_boyu.csv
DKR0404,419.0,Kazılık koca oğlu yigenek boyu,boy,Yigenek,yigenek,kişi,Emen,emen,kişi,diy0,diyalog_nötr,iletişim,2,nötr,yönlü,açık_ilişki,diy0,yigenek - emen (diy0),ham_okuma_notu; araştırmacı tarafından standartlaştırıldı,08_kazilik_koca_oglu_yigenek_boyu.csv
DKR0405,420.0,Kazılık koca oğlu yigenek boyu,boy,Kafir,kafir,kişi,Arşın Oğlu Direk Tekfur,arsin_oglu_direk_tekfur,kişi,yigenek ve 24 sancak beyi yolda geliyorlar,belirsiz,olay,1,nötr,yönlü,açık_ilişki,yigenek ve 24 sancak beyi yolda geliyorlar,kafir - arşın oğlu direk tekfur (yigenek ve 24 sancak beyi yolda geliyorlar),ham_okuma_notu; araştırmacı tarafından standartlaştırıldı,08_kazilik_koca_oglu_yigenek_boyu.csv
DKR0406,421.0,Kazılık koca oğlu yigenek boyu,boy,Arşın Oğlu Direk Tekfur,arsin_oglu_direk_tekfur,kişi,Yigenek ve Sancak Beyleri,yigenek_ve_sancak_beyleri,grup,er diledi,belirsiz,olay,1,nötr,yönlü,açık_ilişki,er diledi,arşın oğlu direk tekfur - yigenek ve sancak beyleri (er diledi),ham_okuma_notu; araştırmacı tarafından standartlaştırıldı,08_kazilik_koca_oglu_yigenek_boyu.csv
DKR0407,422.0,Kazılık koca oğlu yigenek boyu,boy,Arşın Oğlu Direk Tekfur,arsin_oglu_direk_tekfur,kişi,Kıyan Selçuk Oğlu Deli Dündar,kiyan_selcuk_oglu_deli_dundar,kişi,"çatışma, dündar yenildi",çatışma,çatışma,5,negatif,yönsüz,açık_ilişki,"çatışma, dündar yenildi","arşın oğlu direk tekfur - kıyan selçuk oğlu deli dündar (çatışma, dündar yenildi)",ham_okuma_notu; araştırmacı tarafından standartlaştırıldı,08_kazilik_koca_oglu_yigenek_boyu.csv
DKR0408,423.0,Kazılık koca oğlu yigenek boyu,boy,Arşın Oğlu Direk Tekfur,arsin_oglu_direk_tekfur,kişi,Dönebilmez Dülek Evren,donebilmez_dulek_evren,kişi,"çatışma, dülek evren yenildi",çatışma,çatışma,5,negatif,yönsüz,açık_ilişki,"çatışma, dülek evren yenildi","arşın oğlu direk tekfur - dönebilmez dülek evren (çatışma, dülek evren yenildi)",ham_okuma_notu; araştırmacı tarafından standartlaştırıldı,08_kazilik_koca_oglu_yigenek_boyu.csv
DKR0409,424.0,Kazılık koca oğlu yigenek boyu,boy,Arşın Oğlu Direk Tekfur,arsin_oglu_direk_tekfur,kişi,24 Sancak Beyi,24_sancak_beyi,grup,"çatışma, 24 sancak beyi yenildi",çatışma,çatışma,5,negatif,yönsüz,açık_ilişki,"çatışma, 24 sancak beyi yenildi","arşın oğlu direk tekfur - 24 sancak beyi (çatışma, 24 sancak beyi yenildi)",ham_okuma_notu; araştırmacı tarafından standartlaştırıldı,08_kazilik_koca_oglu_yigenek_boyu.csv
DKR0410,425.0,Kazılık koca oğlu yigenek boyu,boy,Yigenek,yigenek,kişi,Tanrı,tanri,mitolojik/ilahi,yalvarma; bana güç kuvvet ver,ikna/müzakere,iletişim,3,karışık,yönlü,açık_ilişki,yalvarma; bana güç kuvvet ver,yigenek - tanrı (yalvarma; bana güç kuvvet ver),ham_okuma_notu; araştırmacı tarafından standartlaştırıldı,08_kazilik_koca_oglu_yigenek_boyu.csv
DKR0411,426.0,Kazılık koca oğlu yigenek boyu,boy,Tanrı,tanri,mitolojik/ilahi,Cebrail,cebrail,kişi,emir; yigenek'e güç kuvvet verdim ona bunu ilet,otorite/emir,otorite,3,nötr,yönlü,açık_ilişki,emir; yigenek'e güç kuvvet verdim ona bunu ilet,tanrı - cebrail (emir; yigenek'e güç kuvvet verdim ona bunu ilet),ham_okuma_notu; araştırmacı tarafından standartlaştırıldı,08_kazilik_koca_oglu_yigenek_boyu.csv
DKR0412,427.0,Kazılık koca oğlu yigenek boyu,boy,Yigenek,yigenek,kişi,Direk Tekfur,direk_tekfur,kişi,"çatışma, direk tekfur yenildi",çatışma,çatışma,5,negatif,yönsüz,açık_ilişki,"çatışma, direk tekfur yenildi","yigenek - direk tekfur (çatışma, direk tekfur yenildi)",ham_okuma_notu; araştırmacı tarafından standartlaştırıldı,08_kazilik_koca_oglu_yigenek_boyu.csv
DKR0414,429.0,Kazılık koca oğlu yigenek boyu,boy,Kazılık Koca,kazilik_koca,kişi,Yigenek,yigenek,kişi,diy+; oğluyla buluşma - tanışma0,akrabalık,akrabalık,5,pozitif,yönsüz,açık_ilişki,diy+; oğluyla buluşma - tanışma0,kazılık koca - yigenek (diy+; oğluyla buluşma - tanışma0),ham_okuma_notu; araştırmacı tarafından standartlaştırıldı,08_kazilik_koca_oglu_yigenek_boyu.csv
DKR0417,434.0,Basat'ın Tepegözü Öldürdüğü Boy,boy,Basat,basat,kişi,Aruz Koca,aruz_koca,kişi,oğlu,akrabalık,akrabalık,5,pozitif,yönsüz,çıkarımsal_akrabalık,,aruz koca oğlu basat,ham_okuma_notu; araştırmacı tarafından standartlaştırıldı,09_basatin_tepegozu_oldurdugu_boy.csv
DKR0419,436.0,Basat'ın Tepegözü Öldürdüğü Boy,boy,Aslan,aslan,hayvan,Basat,basat,kişi,aslan basat'ı besliyor,belirsiz,olay,1,nötr,yönlü,açık_ilişki,aslan basat'ı besliyor,aslan - basat (aslan basat'ı besliyor),ham_okuma_notu; araştırmacı tarafından standartlaştırıldı,09_basatin_tepegozu_oldurdugu_boy.csv
DKR0420,437.0,Basat'ın Tepegözü Öldürdüğü Boy,boy,Oğuz Han'ın Lıkçısı,oguz_hanin_likcisi,kişi,Oğuz Han,oguz_han,kişi,"sazdan bir aslan çıkıyor, hayvanları korkutuyor",diyalog_nötr,iletişim,2,nötr,yönlü,açık_ilişki,"sazdan bir aslan çıkıyor, hayvanları korkutuyor","oğuz han'ın lıkçısı - oğuz han (sazdan bir aslan çıkıyor, hayvanları korkutuyor)",ham_okuma_notu; araştırmacı tarafından standartlaştırıldı,09_basatin_tepegozu_oldurdugu_boy.csv
DKR0421,438.0,Basat'ın Tepegözü Öldürdüğü Boy,boy,Aruz,aruz,kişi,Oğuz Han,oguz_han,kişi,bu benim düşen oğlum olabilir,akrabalık,akrabalık,5,pozitif,yönsüz,açık_ilişki,bu benim düşen oğlum olabilir,aruz - oğuz han (bu benim düşen oğlum olabilir),ham_okuma_notu; araştırmacı tarafından standartlaştırıldı,09_basatin_tepegozu_oldurdugu_boy.csv
DKR0422,439.0,Basat'ın Tepegözü Öldürdüğü Boy,boy,Beyler (Basat Boyu),beyler_basat_boyu,grup,Aslan Yatağı,aslan_yatagi,nesne/doğa,beyler aslanı tutup basatı aldılar,belirsiz,olay,1,nötr,yönlü,açık_ilişki,beyler aslanı tutup basatı aldılar,beyler - aslan yatağı (beyler aslanı tutup basatı aldılar),ham_okuma_notu; araştırmacı tarafından standartlaştırıldı,09_basatin_tepegozu_oldurdugu_boy.csv
DKR0423,440.0,Basat'ın Tepegözü Öldürdüğü Boy,boy,Aruz,aruz,kişi,Basat,basat,kişi,basatı eve getirdi,belirsiz,olay,1,nötr,yönlü,açık_ilişki,basatı eve getirdi,aruz - basat (basatı eve getirdi),ham_okuma_notu; araştırmacı tarafından standartlaştırıldı,09_basatin_tepegozu_oldurdugu_boy.csv
DKR0426,443.0,Basat'ın Tepegözü Öldürdüğü Boy,boy,Dede Korkut,dede_korkut,kişi,Basat,basat,kişi,"oğlum sen insansın, öğüt verme",akrabalık,akrabalık,5,pozitif,yönsüz,açık_ilişki,"oğlum sen insansın, öğüt verme","dede korkut - basat (oğlum sen insansın, öğüt verme)",ham_okuma_notu; araştırmacı tarafından standartlaştırıldı,09_basatin_tepegozu_oldurdugu_boy.csv
DKR0431,448.0,Basat'ın Tepegözü Öldürdüğü Boy,boy,Sarı Çoban,sari_coban,kişi,Peri,peri,kişi,"periyi yakalayıp, tecavüz ediyor",hareket/eylem,olay,2,nötr,yönlü,açık_ilişki,"periyi yakalayıp, tecavüz ediyor","sarı çoban - peri (periyi yakalayıp, tecavüz ediyor)",ham_okuma_notu; araştırmacı tarafından standartlaştırıldı,09_basatin_tepegozu_oldurdugu_boy.csv
DKR0432,449.0,Basat'ın Tepegözü Öldürdüğü Boy,boy,Peri Kızı,peri_kizi,mitolojik/ilahi,Sarı Çoban,sari_coban,kişi,"oğuza kötülük ettin, 1 yıl sonra gel bendeki emanetini al",diyalog_olumsuz,iletişim,2,nötr,yönlü,açık_ilişki,"oğuza kötülük ettin, 1 yıl sonra gel bendeki emanetini al","peri kızı - sarı çoban (oğuza kötülük ettin, 1 yıl sonra gel bendeki emanetini al)",ham_okuma_notu; araştırmacı tarafından standartlaştırıldı,09_basatin_tepegozu_oldurdugu_boy.csv
DKR0434,451.0,Basat'ın Tepegözü Öldürdüğü Boy,boy,Peri Kızı,peri_kizi,mitolojik/ilahi,Çoban,coban,kişi,gel emanetini al,belirsiz,olay,1,nötr,yönlü,açık_ilişki,gel emanetini al,peri kızı - çoban (gel emanetini al),ham_okuma_notu; araştırmacı tarafından standartlaştırıldı,09_basatin_tepegozu_oldurdugu_boy.csv
DKR0436,453.0,Basat'ın Tepegözü Öldürdüğü Boy,boy,Bayındır Han,bayindir_han,kişi,Beyler (Basat Boyu),beyler_basat_boyu,grup,pınar başına geldiler ve yığın nesnesini gödrüler,belirsiz,olay,1,nötr,yönlü,açık_ilişki,pınar başına geldiler ve yığın nesnesini gödrüler,bayındır han - beyler (pınar başına geldiler ve yığın nesnesini gödrüler),ham_okuma_notu; araştırmacı tarafından standartlaştırıldı,09_basatin_tepegozu_oldurdugu_boy.csv
DKR0437,454.0,Basat'ın Tepegözü Öldürdüğü Boy,boy,Yiğit,yigit,grup,Nesne,nesne,kişi,"yiğit nesneyi tepti, nesne tepildikçe büyüdü",belirsiz,olay,1,nötr,yönlü,açık_ilişki,"yiğit nesneyi tepti, nesne tepildikçe büyüdü","yiğit - nesne (yiğit nesneyi tepti, nesne tepildikçe büyüdü)",ham_okuma_notu; araştırmacı tarafından standartlaştırıldı,09_basatin_tepegozu_oldurdugu_boy.csv
DKR0438,455.0,Basat'ın Tepegözü Öldürdüğü Boy,boy,Aruz Koca,aruz_koca,kişi,Nesne,nesne,kişi,"aruz koca nesneyi tepti, nesne tepildikçe büyüdü",belirsiz,olay,1,nötr,yönlü,açık_ilişki,"aruz koca nesneyi tepti, nesne tepildikçe büyüdü","aruz koca - nesne (aruz koca nesneyi tepti, nesne tepildikçe büyüdü)",ham_okuma_notu; araştırmacı tarafından standartlaştırıldı,09_basatin_tepegozu_oldurdugu_boy.csv
DKR0439,456.0,Basat'ın Tepegözü Öldürdüğü Boy,boy,Aruz Koca,aruz_koca,kişi,Nesne,nesne,kişi,"aruz koca nesneye mahmuzunu vurdu, nesne yarıldı içinden tepegözlü oğlan çıktı",belirsiz,olay,1,nötr,yönlü,açık_ilişki,"aruz koca nesneye mahmuzunu vurdu, nesne yarıldı içinden tepegözlü oğlan çıktı","aruz koca - nesne (aruz koca nesneye mahmuzunu vurdu, nesne yarıldı içinden tepegözlü oğlan çıktı)",ham_okuma_notu; araştırmacı tarafından standartlaştırıldı,09_basatin_tepegozu_oldurdugu_boy.csv
DKR0440,457.0,Basat'ın Tepegözü Öldürdüğü Boy,boy,Aruz Koca,aruz_koca,kişi,Tepegöz,tepegoz,mitolojik/ilahi,aruz tepegözü eteğine sardı,belirsiz,olay,1,nötr,yönlü,açık_ilişki,aruz tepegözü eteğine sardı,aruz koca - tepegöz (aruz tepegözü eteğine sardı),ham_okuma_notu; araştırmacı tarafından standartlaştırıldı,09_basatin_tepegozu_oldurdugu_boy.csv
DKR0441,458.0,Basat'ın Tepegözü Öldürdüğü Boy,boy,Aruz Koca,aruz_koca,kişi,Bayındır Han,bayindir_han,kişi,tepegözü bana ver basatla birlikte besleyeyim,belirsiz,olay,1,nötr,yönlü,açık_ilişki,tepegözü bana ver basatla birlikte besleyeyim,aruz koca - bayındır han (tepegözü bana ver basatla birlikte besleyeyim),ham_okuma_notu; araştırmacı tarafından standartlaştırıldı,09_basatin_tepegozu_oldurdugu_boy.csv
DKR0442,459.0,Basat'ın Tepegözü Öldürdüğü Boy,boy,Bayındır Han,bayindir_han,kişi,Aruz,aruz,kişi,al senin olsun,belirsiz,olay,1,nötr,yönlü,açık_ilişki,al senin olsun,bayındır han - aruz (al senin olsun),ham_okuma_notu; araştırmacı tarafından standartlaştırıldı,09_basatin_tepegozu_oldurdugu_boy.csv
DKR0444,461.0,Basat'ın Tepegözü Öldürdüğü Boy,boy,Aruz,aruz,kişi,Çevresindekiler,cevresindekiler,grup,emir; dadı gelsin,otorite/emir,otorite,3,nötr,yönlü,açık_ilişki,emir; dadı gelsin,aruz - çevresine (emir; dadı gelsin),ham_okuma_notu; araştırmacı tarafından standartlaştırıldı; v3 bağlamsal standardizasyon; v3 bağlamsal standardizasyon,09_basatin_tepegozu_oldurdugu_boy.csv
DKR0445,462.0,Basat'ın Tepegözü Öldürdüğü Boy,boy,Tepegöz,tepegoz,mitolojik/ilahi,Dadı,dadi,kişi,"sütünü içti, kanını içti, canını aldı",belirsiz,olay,1,nötr,yönlü,açık_ilişki,"sütünü içti, kanını içti, canını aldı","tepegöz - dadı (sütünü içti, kanını içti, canını aldı)",ham_okuma_notu; araştırmacı tarafından standartlaştırıldı,09_basatin_tepegozu_oldurdugu_boy.csv
DKR0446,463.0,Basat'ın Tepegözü Öldürdüğü Boy,boy,Tepegöz,tepegoz,mitolojik/ilahi,Gelen Diğer Dadılar,gelen_diger_dadilar,grup,yine aynı şekilde helak etti,belirsiz,olay,1,nötr,yönlü,açık_ilişki,yine aynı şekilde helak etti,tepegöz - gelen diğer dadılar (yine aynı şekilde helak etti),ham_okuma_notu; araştırmacı tarafından standartlaştırıldı,09_basatin_tepegozu_oldurdugu_boy.csv
DKR0447,464.0,Basat'ın Tepegözü Öldürdüğü Boy,boy,Dadılar,dadilar,grup,Aruz Koca,aruz_koca,kişi,,ikna/müzakere,iletişim,3,nötr,yönlü,açık_ilişki,,dadılar - aruz koca (sütle besleyelim) - 1 kazan süt yetmedi,ham_okuma_notu; araştırmacı tarafından standartlaştırıldı,09_basatin_tepegozu_oldurdugu_boy.csv
DKR0448,465.0,Basat'ın Tepegözü Öldürdüğü Boy,boy,Tepegöz,tepegoz,mitolojik/ilahi,Oynadığı Oğlanlar,oynadigi_oglanlar,kişi,"bazılarının burnunu, bazılarının kulağını yedi",belirsiz,olay,1,nötr,yönlü,açık_ilişki,"bazılarının burnunu, bazılarının kulağını yedi","tepegöz - oynadığı oğlanlar (bazılarının burnunu, bazılarının kulağını yedi)",ham_okuma_notu; araştırmacı tarafından standartlaştırıldı,09_basatin_tepegozu_oldurdugu_boy.csv
DKR0449,466.0,Basat'ın Tepegözü Öldürdüğü Boy,boy,Tepegözden Şikayetçi Olan Ana Babalar,tepegozden_sikayetci_olan_ana_babalar,mitolojik/ilahi,Aruz,aruz,kişi,ağlaşıp durumu şikayet ettiler,belirsiz,olay,1,nötr,yönlü,açık_ilişki,ağlaşıp durumu şikayet ettiler,tepegözden şikayetçi olan ana babalar - aruz (ağlaşıp durumu şikayet ettiler),ham_okuma_notu; araştırmacı tarafından standartlaştırıldı,09_basatin_tepegozu_oldurdugu_boy.csv
DKR0450,467.0,Basat'ın Tepegözü Öldürdüğü Boy,boy,Aruz,aruz,kişi,Tepegöz,tepegoz,mitolojik/ilahi,"tepegözü dövdü, sövdü, yasakladı, bunlar fayda etmeyince evden kovdu",duygusal_tepki,olay,2,negatif,yönlü,açık_ilişki,"tepegözü dövdü, sövdü, yasakladı, bunlar fayda etmeyince evden kovdu","aruz - tepegöz (tepegözü dövdü, sövdü, yasakladı, bunlar fayda etmeyince evden kovdu)",ham_okuma_notu; araştırmacı tarafından standartlaştırıldı,09_basatin_tepegozu_oldurdugu_boy.csv
DKR0451,468.0,Basat'ın Tepegözü Öldürdüğü Boy,boy,Tepegözün Peri Annesi,tepegozun_peri_annesi,mitolojik/ilahi,Tepegöz,tepegoz,mitolojik/ilahi,"yüzüğü al, ok batmasın, kılıç seni kesmesin",belirsiz,olay,1,nötr,yönlü,açık_ilişki,"yüzüğü al, ok batmasın, kılıç seni kesmesin","tepegözün peri annesi - tepegöz (yüzüğü al, ok batmasın, kılıç seni kesmesin)",ham_okuma_notu; araştırmacı tarafından standartlaştırıldı,09_basatin_tepegozu_oldurdugu_boy.csv
DKR0453,470.0,Basat'ın Tepegözü Öldürdüğü Boy,boy,Tepegöz,tepegoz,mitolojik/ilahi,Oğuz,oguz,grup,"çatışma; ok attılar batmadı, kılıç vurdular kesmedi",çatışma,çatışma,5,negatif,yönsüz,açık_ilişki,"çatışma; ok attılar batmadı, kılıç vurdular kesmedi","tepegöz - oğuz (çatışma; ok attılar batmadı, kılıç vurdular kesmedi)",ham_okuma_notu; araştırmacı tarafından standartlaştırıldı,09_basatin_tepegozu_oldurdugu_boy.csv
DKR0454,471.0,Basat'ın Tepegözü Öldürdüğü Boy,boy,Tepegöz,tepegoz,mitolojik/ilahi,Oğuz,oguz,grup,"çoban, çoluk yedi, oğuzdan adam yemeye başladı",çatışma,çatışma,5,nötr,yönsüz,açık_ilişki,"çoban, çoluk yedi, oğuzdan adam yemeye başladı","tepegöz - oğuz (çoban, çoluk yedi, oğuzdan adam yemeye başladı)",ham_okuma_notu; araştırmacı tarafından standartlaştırıldı,09_basatin_tepegozu_oldurdugu_boy.csv
DKR0455,472.0,Basat'ın Tepegözü Öldürdüğü Boy,boy,Oğuz,oguz,grup,Tepegöz,tepegoz,mitolojik/ilahi,"oğuz birleşip tepegözün üstüne vardı, çatışma",çatışma,çatışma,5,negatif,yönsüz,açık_ilişki,"oğuz birleşip tepegözün üstüne vardı, çatışma","oğuz - tepegöz (oğuz birleşip tepegözün üstüne vardı, çatışma)",ham_okuma_notu; araştırmacı tarafından standartlaştırıldı,09_basatin_tepegozu_oldurdugu_boy.csv
DKR0456,473.0,Basat'ın Tepegözü Öldürdüğü Boy,boy,Alplar Başı Kazan,alplar_basi_kazan,kişi,Tepegöz,tepegoz,mitolojik/ilahi,"çatışma, kazan yenildi",çatışma,çatışma,5,negatif,yönsüz,açık_ilişki,"çatışma, kazan yenildi","alplar başı kazan - tepegöz (çatışma, kazan yenildi)",ham_okuma_notu; araştırmacı tarafından standartlaştırıldı,09_basatin_tepegozu_oldurdugu_boy.csv
DKR0457,474.0,Basat'ın Tepegözü Öldürdüğü Boy,boy,Kazan'ın Kardeşi Kara Göne,kazanin_kardesi_kara_gone,kişi,Tepegöz,tepegoz,mitolojik/ilahi,"çatışma, kara göne zebun oldu",çatışma,çatışma,5,negatif,yönsüz,açık_ilişki,"çatışma, kara göne zebun oldu","kazan'ın kardeşi kara göne - tepegöz (çatışma, kara göne zebun oldu)",ham_okuma_notu; araştırmacı tarafından standartlaştırıldı,09_basatin_tepegozu_oldurdugu_boy.csv
DKR0458,475.0,Basat'ın Tepegözü Öldürdüğü Boy,boy,Düzen Oğlu Alp Rüstem,duzen_oglu_alp_rustem,kişi,Tepegöz,tepegoz,mitolojik/ilahi,"çatışma, alp rüstem şehit oldu",çatışma,çatışma,5,negatif,yönsüz,açık_ilişki,"çatışma, alp rüstem şehit oldu","düzen oğlu alp rüstem - tepegöz (çatışma, alp rüstem şehit oldu)",ham_okuma_notu; araştırmacı tarafından standartlaştırıldı,09_basatin_tepegozu_oldurdugu_boy.csv
DKR0459,476.0,Basat'ın Tepegözü Öldürdüğü Boy,boy,Uşun Koca Oğlu,usun_koca_oglu,kişi,Tepegöz,tepegoz,mitolojik/ilahi,"çatışma, uşun koca oğlu şehit oldu",akrabalık,akrabalık,5,pozitif,yönsüz,açık_ilişki,"çatışma, uşun koca oğlu şehit oldu","uşun koca oğlu - tepegöz (çatışma, uşun koca oğlu şehit oldu)",ham_okuma_notu; araştırmacı tarafından standartlaştırıldı,09_basatin_tepegozu_oldurdugu_boy.csv
DKR0460,477.0,Basat'ın Tepegözü Öldürdüğü Boy,boy,Uşun Koca Oğlu'nun 2 Kardeşi,usun_koca_oglunun_2_kardesi,kişi,Tepegöz,tepegoz,mitolojik/ilahi,"çatışma, uşun koca oğlunun kardeşleri şehit oldu",akrabalık,akrabalık,5,pozitif,yönsüz,açık_ilişki,"çatışma, uşun koca oğlunun kardeşleri şehit oldu","uşun koca oğlu'nun 2 kardeşi - tepegöz (çatışma, uşun koca oğlunun kardeşleri şehit oldu)",ham_okuma_notu; araştırmacı tarafından standartlaştırıldı,09_basatin_tepegozu_oldurdugu_boy.csv
DKR0461,478.0,Basat'ın Tepegözü Öldürdüğü Boy,boy,Demir Donlu Mamak,demir_donlu_mamak,kişi,Tepegöz,tepegoz,mitolojik/ilahi,"çatışma, demir donlu mamak şehit oldu",çatışma,çatışma,5,negatif,yönsüz,açık_ilişki,"çatışma, demir donlu mamak şehit oldu","demir donlu mamak - tepegöz (çatışma, demir donlu mamak şehit oldu)",ham_okuma_notu; araştırmacı tarafından standartlaştırıldı,09_basatin_tepegozu_oldurdugu_boy.csv
DKR0462,479.0,Basat'ın Tepegözü Öldürdüğü Boy,boy,Bıyığı Kanlı Bügdüz Emen,biyigi_kanli_bugduz_emen,kişi,Tepegöz,tepegoz,mitolojik/ilahi,"çatışma, bügdüz emen zebun oldu",çatışma,çatışma,5,negatif,yönsüz,açık_ilişki,"çatışma, bügdüz emen zebun oldu","bıyığı kanlı bügdüz emen - tepegöz (çatışma, bügdüz emen zebun oldu)",ham_okuma_notu; araştırmacı tarafından standartlaştırıldı,09_basatin_tepegozu_oldurdugu_boy.csv
DKR0463,480.0,Basat'ın Tepegözü Öldürdüğü Boy,boy,Ak Sakallı Aruz Koca,ak_sakalli_aruz_koca,kişi,Tepegöz,tepegoz,mitolojik/ilahi,"çatışma, aruz kocaya kan kusturdu",çatışma,çatışma,5,negatif,yönsüz,açık_ilişki,"çatışma, aruz kocaya kan kusturdu","ak sakallı aruz koca - tepegöz (çatışma, aruz kocaya kan kusturdu)",ham_okuma_notu; araştırmacı tarafından standartlaştırıldı,09_basatin_tepegozu_oldurdugu_boy.csv
DKR0464,481.0,Basat'ın Tepegözü Öldürdüğü Boy,boy,Kıyan Selçık,kiyan_selcik,kişi,Tepegöz,tepegoz,mitolojik/ilahi,"çatışma, ödü yarıldı öldü",çatışma,çatışma,5,negatif,yönsüz,açık_ilişki,"çatışma, ödü yarıldı öldü","kıyan selçık - tepegöz (çatışma, ödü yarıldı öldü)",ham_okuma_notu; araştırmacı tarafından standartlaştırıldı,09_basatin_tepegozu_oldurdugu_boy.csv
DKR0468,485.0,Basat'ın Tepegözü Öldürdüğü Boy,boy,Oğuz,oguz,grup,Dede Korkut,dede_korkut,kişi,ikna; tepegöz ile konuş kesim (haraç) verelim bizi rahat bıraksın,ikna/müzakere,iletişim,3,karışık,yönlü,açık_ilişki,ikna; tepegöz ile konuş kesim (haraç) verelim bizi rahat bıraksın,oğuz - dede korkut (ikna; tepegöz ile konuş kesim (haraç) verelim bizi rahat bıraksın),ham_okuma_notu; araştırmacı tarafından standartlaştırıldı,09_basatin_tepegozu_oldurdugu_boy.csv
DKR0469,486.0,Basat'ın Tepegözü Öldürdüğü Boy,boy,Dede Korkut,dede_korkut,kişi,Tepegöz,tepegoz,mitolojik/ilahi,günde 2 adam ve 500 koyun verelim; ikna,ikna/müzakere,iletişim,3,karışık,yönlü,açık_ilişki,günde 2 adam ve 500 koyun verelim; ikna,dede korkut - tepegöz (günde 2 adam ve 500 koyun verelim; ikna),ham_okuma_notu; araştırmacı tarafından standartlaştırıldı,09_basatin_tepegozu_oldurdugu_boy.csv
DKR0470,487.0,Basat'ın Tepegözü Öldürdüğü Boy,boy,Tepegöz,tepegoz,mitolojik/ilahi,Dede Korkut,dede_korkut,kişi,2 tane adam verin yemeğimi yapsınlar; ikna,ikna/müzakere,iletişim,3,karışık,yönlü,açık_ilişki,2 tane adam verin yemeğimi yapsınlar; ikna,tepegöz - dede korkut (2 tane adam verin yemeğimi yapsınlar; ikna),ham_okuma_notu; araştırmacı tarafından standartlaştırıldı,09_basatin_tepegozu_oldurdugu_boy.csv
DKR0471,488.0,Basat'ın Tepegözü Öldürdüğü Boy,boy,Dede Korkut,dede_korkut,kişi,Oğuz,oguz,grup,emir; yünlü koca ile yapağulu koca'yı gönderin tepegöze yemek yapsınlar,otorite/emir,otorite,3,nötr,yönlü,açık_ilişki,emir; yünlü koca ile yapağulu koca'yı gönderin tepegöze yemek yapsınlar,dede korkut - oğuz (emir; yünlü koca ile yapağulu koca'yı gönderin tepegöze yemek yapsınlar),ham_okuma_notu; araştırmacı tarafından standartlaştırıldı,09_basatin_tepegozu_oldurdugu_boy.csv
DKR0472,489.0,Basat'ın Tepegözü Öldürdüğü Boy,boy,Dede Korkut,dede_korkut,kişi,Oğuz,oguz,grup,,ikna/müzakere,iletişim,3,nötr,yönlü,açık_ilişki,,dede korkut - oğuz (diy0; yapılan anlaşmayı anlatıyor) oğuz ikna,ham_okuma_notu; araştırmacı tarafından standartlaştırıldı,09_basatin_tepegozu_oldurdugu_boy.csv
DKR0474,491.0,Basat'ın Tepegözü Öldürdüğü Boy,boy,Oğlunu Veren Kadın,oglunu_veren_kadin,kişi,Basat,basat,kişi,basat gazadayken tepegözün yaptıklarını anlattı,belirsiz,olay,1,nötr,yönlü,açık_ilişki,basat gazadayken tepegözün yaptıklarını anlattı,oğlunu veren kadın - basat (basat gazadayken tepegözün yaptıklarını anlattı),ham_okuma_notu; araştırmacı tarafından standartlaştırıldı,09_basatin_tepegozu_oldurdugu_boy.csv
DKR0475,492.0,Basat'ın Tepegözü Öldürdüğü Boy,boy,Basat,basat,kişi,Yaşlı Kadın,yasli_kadin,kişi,"esirlerden birini ver, oğlunu kurtar",akrabalık,akrabalık,5,pozitif,yönsüz,açık_ilişki,"esirlerden birini ver, oğlunu kurtar","basat - yaşlı kadın (esirlerden birini ver, oğlunu kurtar)",ham_okuma_notu; araştırmacı tarafından standartlaştırıldı,09_basatin_tepegozu_oldurdugu_boy.csv
DKR0478,495.0,Basat'ın Tepegözü Öldürdüğü Boy,boy,Basat,basat,kişi,Aruz Koca,aruz_koca,kişi,"babasının elini öptü, kucaklaşıp sarıldılar",akrabalık,akrabalık,5,pozitif,yönsüz,açık_ilişki,"babasının elini öptü, kucaklaşıp sarıldılar","basat - aruz koca (babasının elini öptü, kucaklaşıp sarıldılar)",ham_okuma_notu; araştırmacı tarafından standartlaştırıldı,09_basatin_tepegozu_oldurdugu_boy.csv
DKR0479,496.0,Basat'ın Tepegözü Öldürdüğü Boy,boy,Basat,basat,kişi,Basat'ın Annesi,basatin_annesi,kişi,"annesinin elini öptü, kucaklaşıp ağlaştılar",akrabalık,akrabalık,5,pozitif,yönsüz,açık_ilişki,"annesinin elini öptü, kucaklaşıp ağlaştılar","basat - basatın annesi (annesinin elini öptü, kucaklaşıp ağlaştılar)",ham_okuma_notu; araştırmacı tarafından standartlaştırıldı,09_basatin_tepegozu_oldurdugu_boy.csv
DKR0481,498.0,Basat'ın Tepegözü Öldürdüğü Boy,boy,Basat,basat,kişi,Oğuz Beyleri,oguz_beyleri,grup,fikir alma; ben tepegöze karşı gideceğim,belirsiz,olay,1,nötr,yönlü,açık_ilişki,fikir alma; ben tepegöze karşı gideceğim,basat - oğuz beyleri (fikir alma; ben tepegöze karşı gideceğim),ham_okuma_notu; araştırmacı tarafından standartlaştırıldı,09_basatin_tepegozu_oldurdugu_boy.csv
DKR0482,499.0,Basat'ın Tepegözü Öldürdüğü Boy,boy,Salur Kazan,salur_kazan,kişi,Basat,basat,kişi,"ben gittim yenemedim, ananı babanı ağlatma",belirsiz,olay,1,nötr,yönlü,açık_ilişki,"ben gittim yenemedim, ananı babanı ağlatma","kazan - basat (ben gittim yenemedim, ananı babanı ağlatma)",ham_okuma_notu; araştırmacı tarafından standartlaştırıldı,09_basatin_tepegozu_oldurdugu_boy.csv
DKR0483,500.0,Basat'ın Tepegözü Öldürdüğü Boy,boy,Basat,basat,kişi,Salur Kazan,salur_kazan,kişi,ben yenerim,belirsiz,olay,1,nötr,yönlü,açık_ilişki,ben yenerim,basat - kazan (ben yenerim),ham_okuma_notu; araştırmacı tarafından standartlaştırıldı,09_basatin_tepegozu_oldurdugu_boy.csv
DKR0484,501.0,Basat'ın Tepegözü Öldürdüğü Boy,boy,Salur Kazan,salur_kazan,kişi,Basat,basat,kişi,sen bilirsin,belirsiz,olay,1,nötr,yönlü,açık_ilişki,sen bilirsin,kazan - basat (sen bilirsin),ham_okuma_notu; araştırmacı tarafından standartlaştırıldı,09_basatin_tepegozu_oldurdugu_boy.csv
DKR0485,502.0,Basat'ın Tepegözü Öldürdüğü Boy,boy,Aruz Koca,aruz_koca,kişi,Basat,basat,kişi,gitme oğul,belirsiz,olay,1,nötr,yönlü,açık_ilişki,gitme oğul,aruz koca - basat (gitme oğul),ham_okuma_notu; araştırmacı tarafından standartlaştırıldı,09_basatin_tepegozu_oldurdugu_boy.csv
DKR0486,503.0,Basat'ın Tepegözü Öldürdüğü Boy,boy,Basat,basat,kişi,Aruz Koca,aruz_koca,kişi,gideceğim,belirsiz,olay,1,nötr,yönlü,açık_ilişki,gideceğim,basat - aruz koca (gideceğim),ham_okuma_notu; araştırmacı tarafından standartlaştırıldı,09_basatin_tepegozu_oldurdugu_boy.csv
DKR0488,505.0,Basat'ın Tepegözü Öldürdüğü Boy,boy,Basat,basat,kişi,Anne ve Babası,anne_ve_babasi,grup,ellerini öptü hoşça kalın dedi,diyalog_olumlu,iletişim,2,nötr,yönlü,açık_ilişki,ellerini öptü hoşça kalın dedi,basat - basatın ana babsı (ellerini öptü hoşça kalın dedi),ham_okuma_notu; araştırmacı tarafından standartlaştırıldı,09_basatin_tepegozu_oldurdugu_boy.csv
DKR0489,506.0,Basat'ın Tepegözü Öldürdüğü Boy,boy,Basat,basat,kişi,Tepegöz,tepegoz,mitolojik/ilahi,"çatışma, basat tepegöze saldırdı tepegöz hissetmedi",çatışma,çatışma,5,negatif,yönsüz,açık_ilişki,"çatışma, basat tepegöze saldırdı tepegöz hissetmedi","basat - tepegöz (çatışma, basat tepegöze saldırdı tepegöz hissetmedi)",ham_okuma_notu; araştırmacı tarafından standartlaştırıldı,09_basatin_tepegozu_oldurdugu_boy.csv
DKR0490,507.0,Basat'ın Tepegözü Öldürdüğü Boy,boy,Tepegöz,tepegoz,mitolojik/ilahi,Basat,basat,kişi,basatı yakalayıp esir etti,çatışma,çatışma,5,negatif,yönsüz,açık_ilişki,basatı yakalayıp esir etti,tepegöz - basat (basatı yakalayıp esir etti),ham_okuma_notu; araştırmacı tarafından standartlaştırıldı,09_basatin_tepegozu_oldurdugu_boy.csv
DKR0491,508.0,Basat'ın Tepegözü Öldürdüğü Boy,boy,Tepegöz,tepegoz,mitolojik/ilahi,Kocalar,kocalar,grup,"bunu bana ikindi vakti aş edin yiyeyim, emir",otorite/emir,otorite,3,nötr,yönlü,açık_ilişki,"bunu bana ikindi vakti aş edin yiyeyim, emir","tepegöz - kocalar (bunu bana ikindi vakti aş edin yiyeyim, emir)",ham_okuma_notu; araştırmacı tarafından standartlaştırıldı; v3 bağlamsal standardizasyon; v3 bağlamsal standardizasyon,09_basatin_tepegozu_oldurdugu_boy.csv
DKR0492,509.0,Basat'ın Tepegözü Öldürdüğü Boy,boy,Basat,basat,kişi,Kocalar,kocalar,grup,tepegözün zayıflığı neredendir,belirsiz,olay,1,nötr,yönlü,açık_ilişki,tepegözün zayıflığı neredendir,basat - kocalar (tepegözün zayıflığı neredendir),ham_okuma_notu; araştırmacı tarafından standartlaştırıldı; v3 bağlamsal standardizasyon; v3 bağlamsal standardizasyon,09_basatin_tepegozu_oldurdugu_boy.csv
DKR0493,510.0,Basat'ın Tepegözü Öldürdüğü Boy,boy,Kocalar,kocalar,grup,Basat,basat,kişi,bilmeyiz yalnızca gözünde et vardır,belirsiz,olay,1,nötr,yönlü,açık_ilişki,bilmeyiz yalnızca gözünde et vardır,kocalar - basat (bilmeyiz yalnızca gözünde et vardır),ham_okuma_notu; araştırmacı tarafından standartlaştırıldı; v3 bağlamsal standardizasyon; v3 bağlamsal standardizasyon,09_basatin_tepegozu_oldurdugu_boy.csv
DKR0494,511.0,Basat'ın Tepegözü Öldürdüğü Boy,boy,Basat,basat,kişi,Kocalar,kocalar,grup,"emir, şişi ocağa koyun kızsın",otorite/emir,otorite,3,nötr,yönlü,açık_ilişki,"emir, şişi ocağa koyun kızsın","basat - kocalar (emir, şişi ocağa koyun kızsın)",ham_okuma_notu; araştırmacı tarafından standartlaştırıldı; v3 bağlamsal standardizasyon; v3 bağlamsal standardizasyon,09_basatin_tepegozu_oldurdugu_boy.csv
DKR0495,512.0,Basat'ın Tepegözü Öldürdüğü Boy,boy,Basat,basat,kişi,Tepegöz,tepegoz,mitolojik/ilahi,,çatışma,çatışma,5,nötr,yönsüz,açık_ilişki,,basat - tepegöz (tepegözün gözüne mil çekti) çatışma,ham_okuma_notu; araştırmacı tarafından standartlaştırıldı,09_basatin_tepegozu_oldurdugu_boy.csv
DKR0496,513.0,Basat'ın Tepegözü Öldürdüğü Boy,boy,Tepegöz,tepegoz,mitolojik/ilahi,Basat,basat,kişi,"tepegöz haykırdı, basat mağraya koyunların arasına saklandı",belirsiz,olay,1,nötr,yönlü,açık_ilişki,"tepegöz haykırdı, basat mağraya koyunların arasına saklandı","tepegöz - basat (tepegöz haykırdı, basat mağraya koyunların arasına saklandı)",ham_okuma_notu; araştırmacı tarafından standartlaştırıldı,09_basatin_tepegozu_oldurdugu_boy.csv
DKR0499,516.0,Basat'ın Tepegözü Öldürdüğü Boy,boy,Tepegöz,tepegoz,mitolojik/ilahi,Basat,basat,kişi,,çatışma,çatışma,5,nötr,yönsüz,açık_ilişki,,tepegöz - basatın üzerindeki deriyi yakaladı; beni böyle vuracağını nasıl bildin diye sordu,ham_okuma_notu; araştırmacı tarafından standartlaştırıldı,09_basatin_tepegozu_oldurdugu_boy.csv
DKR0500,517.0,Basat'ın Tepegözü Öldürdüğü Boy,boy,Tepegöz,tepegoz,mitolojik/ilahi,Basat,basat,kişi,,çatışma,çatışma,5,nötr,yönsüz,açık_ilişki,,"tepegöz - basat (kurtuldun mu?, basat tanrım kurtardı) çatışma",ham_okuma_notu; araştırmacı tarafından standartlaştırıldı,09_basatin_tepegozu_oldurdugu_boy.csv
DKR0502,519.0,Basat'ın Tepegözü Öldürdüğü Boy,boy,Basat,basat,kişi,Tepegöz,tepegoz,mitolojik/ilahi,tepegözün kafasını kesti,destek/yardım,olay,4,pozitif,yönlü,açık_ilişki,tepegözün kafasını kesti,basat - tepegöz (tepegözün kafasını kesti),ham_okuma_notu; araştırmacı tarafından standartlaştırıldı,09_basatin_tepegozu_oldurdugu_boy.csv
DKR0503,520.0,Basat'ın Tepegözü Öldürdüğü Boy,boy,Basat,basat,kişi,Kocalar,kocalar,grup,"emir, muştucu gidin",otorite/emir,otorite,3,nötr,yönlü,açık_ilişki,"emir, muştucu gidin","basat - kocaları (emir, muştucu gidin)",ham_okuma_notu; araştırmacı tarafından standartlaştırıldı; v3 bağlamsal standardizasyon; v3 bağlamsal standardizasyon,09_basatin_tepegozu_oldurdugu_boy.csv
DKR0508,527.0,Begil Oğlu Emrenin boyu,boy,Bayındır Han,bayindir_han,kişi,Kam Gan,kam_gan,kişi,oğlu,akrabalık,akrabalık,5,pozitif,yönsüz,çıkarımsal_akrabalık,,kam gan oğlu bayındır han,ham_okuma_notu; araştırmacı tarafından standartlaştırıldı,10_begil_oglu_emrenin_boyu.csv
DKR0514,533.0,Begil Oğlu Emrenin boyu,boy,Dede Korkut,dede_korkut,kişi,Bayındır Han,bayindir_han,kişi,neden saht oldun,belirsiz,olay,1,nötr,yönlü,açık_ilişki,neden saht oldun,dede korkut - bayındır han (neden saht oldun),ham_okuma_notu; araştırmacı tarafından standartlaştırıldı,10_begil_oglu_emrenin_boyu.csv
DKR0515,534.0,Begil Oğlu Emrenin boyu,boy,Bayındır Han,bayindir_han,kişi,Dede Korkut,dede_korkut,kişi,,ikna/müzakere,iletişim,3,nötr,yönlü,açık_ilişki,,"bayındır han - dede korkut (her yıl altın, akçe gelirdi beylere dağıtırdık, 1 at 1 kılıç 1 çomak bunları kime verelim de hatırı hoş olsun), danışma",ham_okuma_notu; araştırmacı tarafından standartlaştırıldı,10_begil_oglu_emrenin_boyu.csv
DKR0516,535.0,Begil Oğlu Emrenin boyu,boy,Dede Korkut,dede_korkut,kişi,Bayındır Han,bayindir_han,kişi,,ikna/müzakere,iletişim,3,nötr,yönlü,açık_ilişki,,"dede korkut - bayındır han (bu üçünü birine verelim, oğuza karakol olsun) fikir",ham_okuma_notu; araştırmacı tarafından standartlaştırıldı,10_begil_oglu_emrenin_boyu.csv
DKR0517,536.0,Begil Oğlu Emrenin boyu,boy,Bayındır Han,bayindir_han,kişi,Meclis,meclis,grup,,ikna/müzakere,iletişim,3,nötr,yönlü,açık_ilişki,,bayındır han - meclise (bunları kime verelim) kimse razı olmadı,ham_okuma_notu; araştırmacı tarafından standartlaştırıldı,10_begil_oglu_emrenin_boyu.csv
DKR0518,537.0,Begil Oğlu Emrenin boyu,boy,Bayındır Han,bayindir_han,kişi,Begil,begil,kişi,hediyeleri sana verelim mi,ödül/değişim,otorite,3,pozitif,yönlü,açık_ilişki,hediyeleri sana verelim mi,bayındır han - begil (hediyeleri sana verelim mi),ham_okuma_notu; araştırmacı tarafından standartlaştırıldı,10_begil_oglu_emrenin_boyu.csv
DKR0519,538.0,Begil Oğlu Emrenin boyu,boy,Begil,begil,kişi,Bayındır Han,bayindir_han,kişi,razı oldu yer öptü,belirsiz,olay,1,nötr,yönlü,açık_ilişki,razı oldu yer öptü,begil - bayındır han (razı oldu yer öptü),ham_okuma_notu; araştırmacı tarafından standartlaştırıldı,10_begil_oglu_emrenin_boyu.csv
DKR0520,539.0,Begil Oğlu Emrenin boyu,boy,Dede Korkut,dede_korkut,kişi,Begil,begil,kişi,himmet kılıcını beline bağladı,belirsiz,olay,1,nötr,yönlü,açık_ilişki,himmet kılıcını beline bağladı,dede korkut - begil (himmet kılıcını beline bağladı),ham_okuma_notu; araştırmacı tarafından standartlaştırıldı,10_begil_oglu_emrenin_boyu.csv
DKR0521,540.0,Begil Oğlu Emrenin boyu,boy,Begil,begil,kişi,Begilin Hısmı ve Kavmi,begilin_hismi_ve_kavmi,grup,oğuzdan göç edip berdeye genceye geldiler,belirsiz,olay,1,nötr,yönlü,açık_ilişki,oğuzdan göç edip berdeye genceye geldiler,begil - begilin hısmı ve kavmi (oğuzdan göç edip berdeye genceye geldiler),ham_okuma_notu; araştırmacı tarafından standartlaştırıldı,10_begil_oglu_emrenin_boyu.csv
DKR0524,543.0,Begil Oğlu Emrenin boyu,boy,Bayındır Han,bayindir_han,kişi,Begil,begil,kişi,emir - begil tez gelsin,otorite/emir,otorite,3,nötr,yönlü,açık_ilişki,emir - begil tez gelsin,bayındır han - begil bey (emir - begil tez gelsin),ham_okuma_notu; araştırmacı tarafından standartlaştırıldı; v3 bağlamsal standardizasyon; v3 bağlamsal standardizasyon,10_begil_oglu_emrenin_boyu.csv
DKR0525,544.0,Begil Oğlu Emrenin boyu,boy,Begil,begil,kişi,Bayındır Han,bayindir_han,kişi,elini öptü,belirsiz,olay,1,nötr,yönlü,açık_ilişki,elini öptü,begil bey - bayındır han (elini öptü),ham_okuma_notu; araştırmacı tarafından standartlaştırıldı; v3 bağlamsal standardizasyon; v3 bağlamsal standardizasyon,10_begil_oglu_emrenin_boyu.csv
DKR0526,545.0,Begil Oğlu Emrenin boyu,boy,Bayındır Han,bayindir_han,kişi,Begil,begil,kişi,"begili ağırladı, 3 gün ava çıkardı",hareket/eylem,olay,2,nötr,yönlü,açık_ilişki,"begili ağırladı, 3 gün ava çıkardı","bayındır han - begil (begili ağırladı, 3 gün ava çıkardı)",ham_okuma_notu; araştırmacı tarafından standartlaştırıldı,10_begil_oglu_emrenin_boyu.csv
DKR0528,547.0,Begil Oğlu Emrenin boyu,boy,Salur Kazan,salur_kazan,kişi,Beyler (Begil Boyu),beyler_begil_boyu,grup,begil beyi övdü,belirsiz,olay,1,nötr,yönlü,açık_ilişki,begil beyi övdü,salur kazan - beyler (begil beyi övdü),ham_okuma_notu; araştırmacı tarafından standartlaştırıldı,10_begil_oglu_emrenin_boyu.csv
DKR0529,548.0,Begil Oğlu Emrenin boyu,boy,Salur Kazan,salur_kazan,kişi,Beyler (Begil Boyu),beyler_begil_boyu,grup,avdaki hüner atın mı beyin midir,hareket/eylem,olay,2,nötr,yönlü,açık_ilişki,avdaki hüner atın mı beyin midir,salur kazan - beyler (avdaki hüner atın mı beyin midir),ham_okuma_notu; araştırmacı tarafından standartlaştırıldı,10_begil_oglu_emrenin_boyu.csv
DKR0530,549.0,Begil Oğlu Emrenin boyu,boy,Beyler (Begil Boyu),beyler_begil_boyu,grup,Salur Kazan,salur_kazan,kişi,hüner erindir,belirsiz,olay,1,nötr,yönlü,açık_ilişki,hüner erindir,beyler - kazan (hüner erindir),ham_okuma_notu; araştırmacı tarafından standartlaştırıldı,10_begil_oglu_emrenin_boyu.csv
DKR0531,550.0,Begil Oğlu Emrenin boyu,boy,Bayındır Han,bayindir_han,kişi,Beyler (Begil Boyu),beyler_begil_boyu,grup,hüner atındır,belirsiz,olay,1,nötr,yönlü,açık_ilişki,hüner atındır,bayındır han - beyler (hüner atındır),ham_okuma_notu; araştırmacı tarafından standartlaştırıldı,10_begil_oglu_emrenin_boyu.csv
DKR0532,551.0,Begil Oğlu Emrenin boyu,boy,Begil,begil,kişi,Bayındır Han,bayindir_han,kişi,gerginlik,belirsiz,olay,1,nötr,yönlü,açık_ilişki,gerginlik,begil - bayındır han (gerginlik),ham_okuma_notu; araştırmacı tarafından standartlaştırıldı,10_begil_oglu_emrenin_boyu.csv
DKR0533,552.0,Begil Oğlu Emrenin boyu,boy,Begil,begil,kişi,Bayındır Han,bayindir_han,kişi,"bahşişini önüne döktü, han'a küstü, divandan çıktı",belirsiz,olay,1,nötr,yönlü,açık_ilişki,"bahşişini önüne döktü, han'a küstü, divandan çıktı","begil - bayındır han (bahşişini önüne döktü, han'a küstü, divandan çıktı)",ham_okuma_notu; araştırmacı tarafından standartlaştırıldı,10_begil_oglu_emrenin_boyu.csv
DKR0534,553.0,Begil Oğlu Emrenin boyu,boy,Begil,begil,kişi,Begil'in Adamları,begilin_adamlari,grup,adamlarını alıp eve getirdi,belirsiz,olay,1,nötr,yönlü,açık_ilişki,adamlarını alıp eve getirdi,begil - begil'in adamları (adamlarını alıp eve getirdi),ham_okuma_notu; araştırmacı tarafından standartlaştırıldı,10_begil_oglu_emrenin_boyu.csv
DKR0537,556.0,Begil Oğlu Emrenin boyu,boy,Begilin Karısı,begilin_karisi,kişi,Begil,begil,kişi,diy0 - neden bizimle konuşmadın,diyalog_nötr,iletişim,2,nötr,yönlü,açık_ilişki,diy0 - neden bizimle konuşmadın,begilin karısı - begil (diy0 - neden bizimle konuşmadın),ham_okuma_notu; araştırmacı tarafından standartlaştırıldı,10_begil_oglu_emrenin_boyu.csv
DKR0538,557.0,Begil Oğlu Emrenin boyu,boy,Begil,begil,kişi,Begilin Karısı,begilin_karisi,kişi,diy0 - yaşananları anlattı,diyalog_nötr,iletişim,2,nötr,yönlü,açık_ilişki,diy0 - yaşananları anlattı,begil - begilin karısı (diy0 - yaşananları anlattı),ham_okuma_notu; araştırmacı tarafından standartlaştırıldı,10_begil_oglu_emrenin_boyu.csv
DKR0539,558.0,Begil Oğlu Emrenin boyu,boy,Begilin Karısı,begilin_karisi,kişi,Begil,begil,kişi,"ikna; asi olma, adamlarını al ava çık",ikna/müzakere,iletişim,3,karışık,yönlü,açık_ilişki,"ikna; asi olma, adamlarını al ava çık","begilin karısı - begil (ikna; asi olma, adamlarını al ava çık)",ham_okuma_notu; araştırmacı tarafından standartlaştırıldı,10_begil_oglu_emrenin_boyu.csv
DKR0540,559.0,Begil Oğlu Emrenin boyu,boy,Begil,begil,kişi,Begil'in Adamları,begil_in_adamlari,grup,ava çıktılar,hareket/eylem,olay,2,nötr,yönlü,açık_ilişki,ava çıktılar,begil - begilin adamları (ava çıktılar),ham_okuma_notu; araştırmacı tarafından standartlaştırıldı; v3 bağlamsal standardizasyon; v3 bağlamsal standardizasyon,10_begil_oglu_emrenin_boyu.csv
DKR0542,561.0,Begil Oğlu Emrenin boyu,boy,Emren,emren,kişi,Begil,begil,kişi,diy0 - noldu,diyalog_nötr,iletişim,2,nötr,yönlü,açık_ilişki,diy0 - noldu,emren - begil (diy0 - noldu),ham_okuma_notu; araştırmacı tarafından standartlaştırıldı,10_begil_oglu_emrenin_boyu.csv
DKR0543,562.0,Begil Oğlu Emrenin boyu,boy,Begil,begil,kişi,Emren,emren,kişi,"3 gündür hoş değilim oğul, beni yatağıma götür, emir",otorite/emir,otorite,3,nötr,yönlü,açık_ilişki,"3 gündür hoş değilim oğul, beni yatağıma götür, emir","begil - emren (3 gündür hoş değilim oğul, beni yatağıma götür, emir)",ham_okuma_notu; araştırmacı tarafından standartlaştırıldı,10_begil_oglu_emrenin_boyu.csv
DKR0544,563.0,Begil Oğlu Emrenin boyu,boy,Emren,emren,kişi,Begil,begil,kişi,begili yatağına yatırdı,belirsiz,olay,1,nötr,yönlü,açık_ilişki,begili yatağına yatırdı,emren - begil (begili yatağına yatırdı),ham_okuma_notu; araştırmacı tarafından standartlaştırıldı,10_begil_oglu_emrenin_boyu.csv
DKR0548,567.0,Begil Oğlu Emrenin boyu,boy,Begilin Karısı,begilin_karisi,kişi,Begil,begil,kişi,neden ahlarsın,belirsiz,olay,1,nötr,yönlü,açık_ilişki,neden ahlarsın,begilin karısı - begil (neden ahlarsın),ham_okuma_notu; araştırmacı tarafından standartlaştırıldı,10_begil_oglu_emrenin_boyu.csv
DKR0549,568.0,Begil Oğlu Emrenin boyu,boy,Begil,begil,kişi,Begilin Karısı,begilin_karisi,kişi,durumu anlattı,belirsiz,olay,1,nötr,yönlü,açık_ilişki,durumu anlattı,begil - begilin karısı (durumu anlattı),ham_okuma_notu; araştırmacı tarafından standartlaştırıldı,10_begil_oglu_emrenin_boyu.csv
DKR0550,569.0,Begil Oğlu Emrenin boyu,boy,Begilin Karısı,begilin_karisi,kişi,Karavaş,karavas,kişi,begilin ayağının kırıldığını söyledi,belirsiz,olay,1,nötr,yönlü,açık_ilişki,begilin ayağının kırıldığını söyledi,begilin karısı - karavaş (begilin ayağının kırıldığını söyledi),ham_okuma_notu; araştırmacı tarafından standartlaştırıldı,10_begil_oglu_emrenin_boyu.csv
DKR0551,570.0,Begil Oğlu Emrenin boyu,boy,Karavaş,karavas,kişi,Kapıcı,kapici,kişi,begilin ayağının kırıldığını söyledi,belirsiz,olay,1,nötr,yönlü,açık_ilişki,begilin ayağının kırıldığını söyledi,karavaş - kapıcı (begilin ayağının kırıldığını söyledi),ham_okuma_notu; araştırmacı tarafından standartlaştırıldı,10_begil_oglu_emrenin_boyu.csv
DKR0554,573.0,Begil Oğlu Emrenin boyu,boy,Kafirin Causu,kafirin_causu,kişi,Tekfur (Begil Boyu),tekfur_begil_boyu,kişi,begil attan düşümüş ayağı kırılmış,belirsiz,olay,1,nötr,yönlü,açık_ilişki,begil attan düşümüş ayağı kırılmış,kafirin causu - tekfur (begil attan düşümüş ayağı kırılmış),ham_okuma_notu; araştırmacı tarafından standartlaştırıldı,10_begil_oglu_emrenin_boyu.csv
DKR0555,574.0,Begil Oğlu Emrenin boyu,boy,Tekfur (Begil Boyu),tekfur_begil_boyu,kişi,Tekfurun Askerleri,tekfurun_askerleri,grup,"gidin begili, karısını, kızını esir alıp gelin",akrabalık,akrabalık,5,pozitif,yönsüz,açık_ilişki,"gidin begili, karısını, kızını esir alıp gelin","tekfur - askerleri (gidin begili, karısını, kızını esir alıp gelin)",ham_okuma_notu; araştırmacı tarafından standartlaştırıldı; v3 bağlamsal standardizasyon; v3 bağlamsal standardizasyon,10_begil_oglu_emrenin_boyu.csv
DKR0556,575.0,Begil Oğlu Emrenin boyu,boy,Begilin Casusu,begilin_casusu,kişi,Begil,begil,kişi,kafirler geliyor,destek/yardım,olay,4,pozitif,yönlü,açık_ilişki,kafirler geliyor,begilin casusu - begil (kafirler geliyor),ham_okuma_notu; araştırmacı tarafından standartlaştırıldı; v3 bağlamsal standardizasyon; v3 bağlamsal standardizasyon,10_begil_oglu_emrenin_boyu.csv
DKR0558,577.0,Begil Oğlu Emrenin boyu,boy,Begil,begil,kişi,Emren,emren,kişi,"git bayındır hana selam ver, beyler beyi kazan'ın elini öp, babam kazandan yardım diler, gelmezse memleket bozuluk harap olur",destek/yardım,olay,4,pozitif,yönlü,açık_ilişki,"git bayındır hana selam ver, beyler beyi kazan'ın elini öp, babam kazandan yardım diler, gelmezse memleket bozuluk harap olur","begil - emren (git bayındır hana selam ver, beyler beyi kazan'ın elini öp, babam kazandan yardım diler, gelmezse memleket bozuluk harap olur)",ham_okuma_notu; araştırmacı tarafından standartlaştırıldı,10_begil_oglu_emrenin_boyu.csv
DKR0559,578.0,Begil Oğlu Emrenin boyu,boy,Emren,emren,kişi,Begil,begil,kişi,,ikna/müzakere,iletişim,3,nötr,yönlü,açık_ilişki,,emren - begil (bana zırhını ver düşmana karşı gideyim) ikna,ham_okuma_notu; araştırmacı tarafından standartlaştırıldı,10_begil_oglu_emrenin_boyu.csv
DKR0560,579.0,Begil Oğlu Emrenin boyu,boy,Begil,begil,kişi,Emren,emren,kişi,diy0; olur,diyalog_nötr,iletişim,2,nötr,yönlü,açık_ilişki,diy0; olur,begil - emren (diy0; olur),ham_okuma_notu; araştırmacı tarafından standartlaştırıldı,10_begil_oglu_emrenin_boyu.csv
DKR0562,581.0,Begil Oğlu Emrenin boyu,boy,Emren,emren,kişi,Anne ve Babası,anne_ve_babasi,grup,,tören/ritüel,iletişim,2,nötr,yönlü,açık_ilişki,,"emren - anne, babasının elini öpüp yola çıktı",ham_okuma_notu; araştırmacı tarafından standartlaştırıldı,10_begil_oglu_emrenin_boyu.csv
DKR0564,583.0,Begil Oğlu Emrenin boyu,boy,Emren,emren,kişi,300 Asker,300_asker,grup,emir; kafirin üstüne gidelim,otorite/emir,otorite,3,nötr,yönlü,açık_ilişki,emir; kafirin üstüne gidelim,emren - 300 asker (emir; kafirin üstüne gidelim),ham_okuma_notu; araştırmacı tarafından standartlaştırıldı,10_begil_oglu_emrenin_boyu.csv
DKR0566,585.0,Begil Oğlu Emrenin boyu,boy,Tekfur (Begil Boyu),tekfur_begil_boyu,kişi,Kafirlere,kafirlere,grup,gelen begilse sizden önce ben kaçarım,belirsiz,olay,1,nötr,yönlü,açık_ilişki,gelen begilse sizden önce ben kaçarım,tekfur - kafirlere (gelen begilse sizden önce ben kaçarım),ham_okuma_notu; araştırmacı tarafından standartlaştırıldı,10_begil_oglu_emrenin_boyu.csv
DKR0567,586.0,Begil Oğlu Emrenin boyu,boy,Kafir Gözcüsü,kafir_gozcusu,kişi,Kafir Ordusu,kafir_ordusu,kişi,"at, silah, zırh begilin ama içindeki begil değil",belirsiz,olay,1,nötr,yönlü,açık_ilişki,"at, silah, zırh begilin ama içindeki begil değil","kafir gözcüsü - kafir ordusu (at, silah, zırh begilin ama içindeki begil değil)",ham_okuma_notu; araştırmacı tarafından standartlaştırıldı,10_begil_oglu_emrenin_boyu.csv
DKR0568,587.0,Begil Oğlu Emrenin boyu,boy,Tekfur (Begil Boyu),tekfur_begil_boyu,kişi,Kafir,kafir,kişi,emir; 100 adam çocuğun üstüne varsın; çocuk korkar kaçar,otorite/emir,otorite,3,nötr,yönlü,açık_ilişki,emir; 100 adam çocuğun üstüne varsın; çocuk korkar kaçar,tekfur - kafir (emir; 100 adam çocuğun üstüne varsın; çocuk korkar kaçar),ham_okuma_notu; araştırmacı tarafından standartlaştırıldı,10_begil_oglu_emrenin_boyu.csv
DKR0569,588.0,Begil Oğlu Emrenin boyu,boy,100 Kafir,100_kafir,kişi,Emen,emen,kişi,atışma,belirsiz,olay,1,nötr,yönlü,açık_ilişki,atışma,100 kafir - emen (atışma),ham_okuma_notu; araştırmacı tarafından standartlaştırıldı,10_begil_oglu_emrenin_boyu.csv
DKR0570,589.0,Begil Oğlu Emrenin boyu,boy,Tekfur (Begil Boyu),tekfur_begil_boyu,kişi,Kafir,kafir,kişi,çocuk kimmiş sorun; emir,otorite/emir,otorite,3,nötr,yönlü,açık_ilişki,çocuk kimmiş sorun; emir,tekfur - kafir (çocuk kimmiş sorun; emir),ham_okuma_notu; araştırmacı tarafından standartlaştırıldı,10_begil_oglu_emrenin_boyu.csv
DKR0571,590.0,Begil Oğlu Emrenin boyu,boy,Kafir,kafir,kişi,Emen,emen,kişi,kimsin,belirsiz,olay,1,nötr,yönlü,açık_ilişki,kimsin,kafir - emen (kimsin),ham_okuma_notu; araştırmacı tarafından standartlaştırıldı,10_begil_oglu_emrenin_boyu.csv
DKR0572,591.0,Begil Oğlu Emrenin boyu,boy,Emen,emen,kişi,Kafir,kafir,kişi,"begilin oğluyum, gel dövüşelim, yanlış yönlendirme; destek yok",akrabalık,akrabalık,5,pozitif,yönsüz,açık_ilişki,"begilin oğluyum, gel dövüşelim, yanlış yönlendirme; destek yok","emen - kafir (begilin oğluyum, gel dövüşelim, yanlış yönlendirme; destek yok)",ham_okuma_notu; araştırmacı tarafından standartlaştırıldı,10_begil_oglu_emrenin_boyu.csv
DKR0577,596.0,Begil Oğlu Emrenin boyu,boy,Alp Rüstem,alp_rustem,kişi,Düzen,duzen,kişi,oğlu,akrabalık,akrabalık,5,pozitif,yönsüz,çıkarımsal_akrabalık,,düzen oğlu alp rüstem,ham_okuma_notu; araştırmacı tarafından standartlaştırıldı,10_begil_oglu_emrenin_boyu.csv
DKR0579,598.0,Begil Oğlu Emrenin boyu,boy,Tekfur (Begil Boyu),tekfur_begil_boyu,kişi,Emren,emren,kişi,ben sana geleyim (saldırdı); çatışma,çatışma,çatışma,5,negatif,yönsüz,açık_ilişki,ben sana geleyim (saldırdı); çatışma,tekfur - emren (ben sana geleyim (saldırdı); çatışma),ham_okuma_notu; araştırmacı tarafından standartlaştırıldı,10_begil_oglu_emrenin_boyu.csv
DKR0580,599.0,Begil Oğlu Emrenin boyu,boy,Tekfur (Begil Boyu),tekfur_begil_boyu,kişi,Emren,emren,kişi,at üzerinde dövüştüler emen zebun oldu,belirsiz,olay,1,nötr,yönlü,açık_ilişki,at üzerinde dövüştüler emen zebun oldu,tekfur - emren (at üzerinde dövüştüler emen zebun oldu),ham_okuma_notu; araştırmacı tarafından standartlaştırıldı,10_begil_oglu_emrenin_boyu.csv
DKR0581,600.0,Begil Oğlu Emrenin boyu,boy,Emen,emen,kişi,Tanrı,tanri,mitolojik/ilahi,yalvarsa; bana güç kuvvet ver; meded,ikna/müzakere,iletişim,3,karışık,yönlü,açık_ilişki,yalvarsa; bana güç kuvvet ver; meded,emen - tanrı (yalvarsa; bana güç kuvvet ver; meded),ham_okuma_notu; araştırmacı tarafından standartlaştırıldı,10_begil_oglu_emrenin_boyu.csv
DKR0582,601.0,Begil Oğlu Emrenin boyu,boy,Tekfur (Begil Boyu),tekfur_begil_boyu,kişi,Emen,emen,kişi,tanrı'na mı yalvarırsın? senin 1 tanrın varsa benim 72 puthanem var,ikna/müzakere,iletişim,3,karışık,yönlü,açık_ilişki,tanrı'na mı yalvarırsın? senin 1 tanrın varsa benim 72 puthanem var,tekfur - emen (tanrı'na mı yalvarırsın? senin 1 tanrın varsa benim 72 puthanem var),ham_okuma_notu; araştırmacı tarafından standartlaştırıldı,10_begil_oglu_emrenin_boyu.csv
DKR0583,602.0,Begil Oğlu Emrenin boyu,boy,Emren,emren,kişi,Tekfur (Begil Boyu),tekfur_begil_boyu,kişi,ben Allahıma sığındım,belirsiz,olay,1,nötr,yönlü,açık_ilişki,ben Allahıma sığındım,emren - tekfur (ben Allahıma sığındım),ham_okuma_notu; araştırmacı tarafından standartlaştırıldı,10_begil_oglu_emrenin_boyu.csv
DKR0584,603.0,Begil Oğlu Emrenin boyu,boy,Tanrı,tanri,mitolojik/ilahi,Cebrail,cebrail,kişi,emir; emrene 40 er kuvveti verdim,otorite/emir,otorite,3,nötr,yönlü,açık_ilişki,emir; emrene 40 er kuvveti verdim,tanrı - cebrail (emir; emrene 40 er kuvveti verdim),ham_okuma_notu; araştırmacı tarafından standartlaştırıldı,10_begil_oglu_emrenin_boyu.csv
DKR0585,604.0,Begil Oğlu Emrenin boyu,boy,Emren,emren,kişi,Tekfur (Begil Boyu),tekfur_begil_boyu,kişi,tekfuru yere vurdu,belirsiz,olay,1,nötr,yönlü,açık_ilişki,tekfuru yere vurdu,emren - tekfur (tekfuru yere vurdu),ham_okuma_notu; araştırmacı tarafından standartlaştırıldı,10_begil_oglu_emrenin_boyu.csv
DKR0586,605.0,Begil Oğlu Emrenin boyu,boy,Tekfur (Begil Boyu),tekfur_begil_boyu,kişi,Emren,emren,kişi,"eman diledi, müslüman oldu",belirsiz,olay,1,nötr,yönlü,açık_ilişki,"eman diledi, müslüman oldu","tekfur - emren (eman diledi, müslüman oldu)",ham_okuma_notu; araştırmacı tarafından standartlaştırıldı,10_begil_oglu_emrenin_boyu.csv
DKR0589,608.0,Begil Oğlu Emrenin boyu,boy,Emren,emren,kişi,Haberci,haberci,kişi,emir; babama haber verin kazandım,otorite/emir,otorite,3,nötr,yönlü,açık_ilişki,emir; babama haber verin kazandım,emren - haberci (emir; babama haber verin kazandım),ham_okuma_notu; araştırmacı tarafından standartlaştırıldı,10_begil_oglu_emrenin_boyu.csv
DKR0590,609.0,Begil Oğlu Emrenin boyu,boy,Begil,begil,kişi,Emren,emren,kişi,"emreni karşıladı, sarıldı",destek/yardım,olay,4,pozitif,yönlü,açık_ilişki,"emreni karşıladı, sarıldı","begil - emren (emreni karşıladı, sarıldı)",ham_okuma_notu; araştırmacı tarafından standartlaştırıldı,10_begil_oglu_emrenin_boyu.csv
DKR0591,610.0,Begil Oğlu Emrenin boyu,boy,Begil,begil,kişi,Emren,emren,kişi,"emrene yaylak verdi; atından tavla verdi, şölen verdi, gelin aldı",evlilik/bağlaşıklık,akrabalık,5,pozitif,yönsüz,açık_ilişki,"emrene yaylak verdi; atından tavla verdi, şölen verdi, gelin aldı","begil - emren (emrene yaylak verdi; atından tavla verdi, şölen verdi, gelin aldı)",ham_okuma_notu; araştırmacı tarafından standartlaştırıldı,10_begil_oglu_emrenin_boyu.csv
DKR0592,611.0,Begil Oğlu Emrenin boyu,boy,Begil,begil,kişi,Bayındır Han,bayindir_han,kişi,bayındır hana pençik çıkardı,belirsiz,olay,1,nötr,yönlü,açık_ilişki,bayındır hana pençik çıkardı,begil - bayındır han (bayındır hana pençik çıkardı),ham_okuma_notu; araştırmacı tarafından standartlaştırıldı,10_begil_oglu_emrenin_boyu.csv
DKR0594,613.0,Begil Oğlu Emrenin boyu,boy,"Uruz'un Sağ Yanında Yer Gösterdi, Cübbe Giydirdi",uruzun_sag_yaninda_yer_gosterdi_cubbe_giydirdi,kişi,Bayındır Han Kazan,bayindir_han_kazan,kişi,oğlu,akrabalık,akrabalık,5,pozitif,yönsüz,çıkarımsal_akrabalık,,"bayındır han kazan oğlu uruz'un sağ yanında yer gösterdi, cübbe giydirdi",ham_okuma_notu; araştırmacı tarafından standartlaştırıldı,10_begil_oglu_emrenin_boyu.csv
DKR0597,618.0,uşun koca oğlu seyrek boyu,boy,Egrek,egrek,kişi,Uşun Kocanın Büyük,usun_kocanin_buyuk,kişi,oğlu,akrabalık,akrabalık,5,pozitif,yönsüz,çıkarımsal_akrabalık,,uşun kocanın büyük oğlu egrek,ham_okuma_notu; araştırmacı tarafından standartlaştırıldı,11_usun_koca_oglu_seyrek_boyu.csv
DKR0598,619.0,uşun koca oğlu seyrek boyu,boy,Segrek,segrek,kişi,Uşun Kocanın Küçük,usun_kocanin_kucuk,kişi,oğlu,akrabalık,akrabalık,5,pozitif,yönsüz,çıkarımsal_akrabalık,,uşun kocanın küçük oğlu segrek,ham_okuma_notu; araştırmacı tarafından standartlaştırıldı,11_usun_koca_oglu_seyrek_boyu.csv
DKR0600,621.0,uşun koca oğlu seyrek boyu,boy,Ters Uzamış,ters_uzamis,kişi,Egrek,egrek,kişi,"buradaki her yiğit oturduğu yeri kendisi hak etti; sen baş mı kestin, kan mı döktün, aç mı doyurdun, çıplak mı giydirdin",belirsiz,olay,1,nötr,yönlü,açık_ilişki,"buradaki her yiğit oturduğu yeri kendisi hak etti; sen baş mı kestin, kan mı döktün, aç mı doyurdun, çıplak mı giydirdin","ters uzamış - egrek (buradaki her yiğit oturduğu yeri kendisi hak etti; sen baş mı kestin, kan mı döktün, aç mı doyurdun, çıplak mı giydirdin)",ham_okuma_notu; araştırmacı tarafından standartlaştırıldı,11_usun_koca_oglu_seyrek_boyu.csv
DKR0601,622.0,uşun koca oğlu seyrek boyu,boy,Egrek,egrek,kişi,Ters Uzamış,ters_uzamis,kişi,baş kesip kan dökmek hüner midir,belirsiz,olay,1,nötr,yönlü,açık_ilişki,baş kesip kan dökmek hüner midir,egrek - ters uzamış (baş kesip kan dökmek hüner midir),ham_okuma_notu; araştırmacı tarafından standartlaştırıldı,11_usun_koca_oglu_seyrek_boyu.csv
DKR0602,623.0,uşun koca oğlu seyrek boyu,boy,Ters Uzamış,ters_uzamis,kişi,Egrek,egrek,kişi,evet hünerdir,belirsiz,olay,1,nötr,yönlü,açık_ilişki,evet hünerdir,ters uzamış - egrek (evet hünerdir),ham_okuma_notu; araştırmacı tarafından standartlaştırıldı,11_usun_koca_oglu_seyrek_boyu.csv
DKR0604,625.0,uşun koca oğlu seyrek boyu,boy,Egrek,egrek,kişi,Salur Kazan,salur_kazan,kişi,akın diledi,belirsiz,olay,1,nötr,yönlü,açık_ilişki,akın diledi,egrek - kazan (akın diledi),ham_okuma_notu; araştırmacı tarafından standartlaştırıldı,11_usun_koca_oglu_seyrek_boyu.csv
DKR0605,626.0,uşun koca oğlu seyrek boyu,boy,Salur Kazan,salur_kazan,kişi,Egrek,egrek,kişi,akın verdi,belirsiz,olay,1,nötr,yönlü,açık_ilişki,akın verdi,kazan - egrek (akın verdi),ham_okuma_notu; araştırmacı tarafından standartlaştırıldı,11_usun_koca_oglu_seyrek_boyu.csv
DKR0606,627.0,uşun koca oğlu seyrek boyu,boy,Egrek,egrek,kişi,300 Akıncı,300_akinci,kişi,meyhanede yeme içme,belirsiz,olay,1,nötr,yönlü,açık_ilişki,meyhanede yeme içme,egrek - 300 akıncı (meyhanede yeme içme),ham_okuma_notu; araştırmacı tarafından standartlaştırıldı,11_usun_koca_oglu_seyrek_boyu.csv
DKR0608,629.0,uşun koca oğlu seyrek boyu,boy,Kara Tekfurun Casusu,kara_tekfurun_casusu,kişi,Kara Tekfur,kara_tekfur,kişi,"oğuzdan 1 bölük adam geldi, saldırın",çatışma,çatışma,5,negatif,yönsüz,açık_ilişki,"oğuzdan 1 bölük adam geldi, saldırın","kara tekfurun casusu - kara tekfur (oğuzdan 1 bölük adam geldi, saldırın)",ham_okuma_notu; araştırmacı tarafından standartlaştırıldı,11_usun_koca_oglu_seyrek_boyu.csv
DKR0609,630.0,uşun koca oğlu seyrek boyu,boy,600 Kafir,600_kafir,kişi,Egrek ve 300 Akıncı,egrek_ve_300_akinci,grup,"çatışma, egrek esir oldu",çatışma,çatışma,5,negatif,yönsüz,açık_ilişki,"çatışma, egrek esir oldu","600 kafir - egrek ve 300 akıncı (çatışma, egrek esir oldu)",ham_okuma_notu; araştırmacı tarafından standartlaştırıldı,11_usun_koca_oglu_seyrek_boyu.csv
DKR0613,634.0,uşun koca oğlu seyrek boyu,boy,Segrek,segrek,kişi,Çekişen Öksüzle Diğer Çocuğu Ayırığ Tokat Attı,cekisen_oksuzle_diger_cocugu_ayirig_tokat_atti,kişi,,belirsiz,olay,1,nötr,yönlü,açık_ilişki,,segrek - çekişen öksüzle diğer çocuğu ayırığ tokat attı,ham_okuma_notu; araştırmacı tarafından standartlaştırıldı,11_usun_koca_oglu_seyrek_boyu.csv
DKR0614,635.0,uşun koca oğlu seyrek boyu,boy,Öksüz Çocuk,oksuz_cocuk,kişi,Segrek,segrek,kişi,"bize ne vurursun, hünerin varsa abini kurtar",destek/yardım,olay,4,pozitif,yönlü,açık_ilişki,"bize ne vurursun, hünerin varsa abini kurtar","öksüz çocuk - segrek (bize ne vurursun, hünerin varsa abini kurtar)",ham_okuma_notu; araştırmacı tarafından standartlaştırıldı,11_usun_koca_oglu_seyrek_boyu.csv
DKR0615,636.0,uşun koca oğlu seyrek boyu,boy,Segrek,segrek,kişi,Öksüz Çocuk,oksuz_cocuk,kişi,abimin adı nedir,belirsiz,olay,1,nötr,yönlü,açık_ilişki,abimin adı nedir,segrek - öksüz çocuk (abimin adı nedir),ham_okuma_notu; araştırmacı tarafından standartlaştırıldı,11_usun_koca_oglu_seyrek_boyu.csv
DKR0616,637.0,uşun koca oğlu seyrek boyu,boy,Öksüz Çocuk,oksuz_cocuk,kişi,Segrek,segrek,kişi,ismi egrektir,belirsiz,olay,1,nötr,yönlü,açık_ilişki,ismi egrektir,öksüz çocuk - segrek (ismi egrektir),ham_okuma_notu; araştırmacı tarafından standartlaştırıldı,11_usun_koca_oglu_seyrek_boyu.csv
DKR0619,640.0,uşun koca oğlu seyrek boyu,boy,Segrek,segrek,kişi,Annesi,annesi,kişi,neden abimi benden sakladınız - sitem,belirsiz,olay,1,nötr,yönlü,açık_ilişki,neden abimi benden sakladınız - sitem,segrek - annesi (neden abimi benden sakladınız - sitem),ham_okuma_notu; araştırmacı tarafından standartlaştırıldı,11_usun_koca_oglu_seyrek_boyu.csv
DKR0620,641.0,uşun koca oğlu seyrek boyu,boy,Annesi,annesi,kişi,Segrek,segrek,kişi,oğuz beyleri izin verirse git ama yanlış haberdir,belirsiz,olay,1,nötr,yönlü,açık_ilişki,oğuz beyleri izin verirse git ama yanlış haberdir,annesi - segrek (oğuz beyleri izin verirse git ama yanlış haberdir),ham_okuma_notu; araştırmacı tarafından standartlaştırıldı,11_usun_koca_oglu_seyrek_boyu.csv
DKR0621,642.0,uşun koca oğlu seyrek boyu,boy,Segrek,segrek,kişi,Annesi,annesi,kişi,"annem olmasaydın seni öldürürdüm, ben adimi almadan oğuz içinde duramam",belirsiz,olay,1,nötr,yönlü,açık_ilişki,"annem olmasaydın seni öldürürdüm, ben adimi almadan oğuz içinde duramam","segrek - annesi (annem olmasaydın seni öldürürdüm, ben adimi almadan oğuz içinde duramam)",ham_okuma_notu; araştırmacı tarafından standartlaştırıldı,11_usun_koca_oglu_seyrek_boyu.csv
DKR0622,643.0,uşun koca oğlu seyrek boyu,boy,Uşun Koca,usun_koca,kişi,Segerk,segerk,kişi,"yanlış haberdir, gitme oğul",belirsiz,olay,1,nötr,yönlü,açık_ilişki,"yanlış haberdir, gitme oğul","uşun koca - segerk (yanlış haberdir, gitme oğul)",ham_okuma_notu; araştırmacı tarafından standartlaştırıldı,11_usun_koca_oglu_seyrek_boyu.csv
DKR0623,644.0,uşun koca oğlu seyrek boyu,boy,Segrek,segrek,kişi,Uşun Koca,usun_koca,kişi,esen kalın ben gideceğim,belirsiz,olay,1,nötr,yönlü,açık_ilişki,esen kalın ben gideceğim,segrek - uşun koca (esen kalın ben gideceğim),ham_okuma_notu; araştırmacı tarafından standartlaştırıldı,11_usun_koca_oglu_seyrek_boyu.csv
DKR0624,645.0,uşun koca oğlu seyrek boyu,boy,Anne ve Babası,anne_ve_babasi,grup,Segrek,segrek,kişi,"yanlış haber, gitme oğul; segrek gideceğim",belirsiz,olay,1,nötr,yönlü,açık_ilişki,"yanlış haber, gitme oğul; segrek gideceğim","anne babası - segrek (yanlış haber, gitme oğul; segrek gideceğim)",ham_okuma_notu; araştırmacı tarafından standartlaştırıldı; v3 bağlamsal standardizasyon; v3 bağlamsal standardizasyon,11_usun_koca_oglu_seyrek_boyu.csv
DKR0625,646.0,uşun koca oğlu seyrek boyu,boy,Uşun Koca ve Karısı,usun_koca_ve_karisi,grup,Salur Kazan,salur_kazan,kişi,haberci gönderdiler; abisi ardına gider bize ne öğüt verirsin kazan,akrabalık,akrabalık,5,pozitif,yönsüz,açık_ilişki,haberci gönderdiler; abisi ardına gider bize ne öğüt verirsin kazan,uşun koca ve karısı - kazan (haberci gönderdiler; abisi ardına gider bize ne öğüt verirsin kazan),ham_okuma_notu; araştırmacı tarafından standartlaştırıldı,11_usun_koca_oglu_seyrek_boyu.csv
DKR0626,647.0,uşun koca oğlu seyrek boyu,boy,Salur Kazan,salur_kazan,kişi,Uşun Koca ve Karısı,usun_koca_ve_karisi,grup,ayağına at tuzağı vurun,belirsiz,olay,1,nötr,yönlü,açık_ilişki,ayağına at tuzağı vurun,kazan - uşun koca ve karısı (ayağına at tuzağı vurun),ham_okuma_notu; araştırmacı tarafından standartlaştırıldı,11_usun_koca_oglu_seyrek_boyu.csv
DKR0628,649.0,uşun koca oğlu seyrek boyu,boy,Segrek,segrek,kişi,Karısı,karisi,kişi,gerdekte kılıcını karısıyla arasına koydu,akrabalık,akrabalık,5,pozitif,yönsüz,açık_ilişki,gerdekte kılıcını karısıyla arasına koydu,segrek - karısı (gerdekte kılıcını karısıyla arasına koydu),ham_okuma_notu; araştırmacı tarafından standartlaştırıldı,11_usun_koca_oglu_seyrek_boyu.csv
DKR0629,650.0,uşun koca oğlu seyrek boyu,boy,Karısı,karisi,kişi,Segrek,segrek,kişi,kılıcı çek aradan,belirsiz,olay,1,nötr,yönlü,açık_ilişki,kılıcı çek aradan,karısı - segrek (kılıcı çek aradan),ham_okuma_notu; araştırmacı tarafından standartlaştırıldı,11_usun_koca_oglu_seyrek_boyu.csv
DKR0630,651.0,uşun koca oğlu seyrek boyu,boy,Segrek,segrek,kişi,Karısı,karisi,kişi,"abim sağsa kurtarmadan, ölüyse öücünü almadan gerdeğe girmem",destek/yardım,olay,4,pozitif,yönlü,açık_ilişki,"abim sağsa kurtarmadan, ölüyse öücünü almadan gerdeğe girmem","segrek - karısı (abim sağsa kurtarmadan, ölüyse öücünü almadan gerdeğe girmem)",ham_okuma_notu; araştırmacı tarafından standartlaştırıldı,11_usun_koca_oglu_seyrek_boyu.csv
DKR0632,653.0,uşun koca oğlu seyrek boyu,boy,Segrek,segrek,kişi,Karısına,karisina,kişi,"beni 3 yıl bekle, gelmezsem ölümüşümdür, atımı kes yemek ver; gözün kimi tutarsa onunla evlen",tören/ritüel,olay,2,pozitif,yönlü,açık_ilişki,"beni 3 yıl bekle, gelmezsem ölümüşümdür, atımı kes yemek ver; gözün kimi tutarsa onunla evlen","segrek - karısına (beni 3 yıl bekle, gelmezsem ölümüşümdür, atımı kes yemek ver; gözün kimi tutarsa onunla evlen)",ham_okuma_notu; araştırmacı tarafından standartlaştırıldı,11_usun_koca_oglu_seyrek_boyu.csv
DKR0633,654.0,uşun koca oğlu seyrek boyu,boy,Karısı,karisi,kişi,Segrek,segrek,kişi,"ben seni 6 yıl beklerim, murad ver, murad al öyle git",belirsiz,olay,1,nötr,yönlü,açık_ilişki,"ben seni 6 yıl beklerim, murad ver, murad al öyle git","karısı - segrek (ben seni 6 yıl beklerim, murad ver, murad al öyle git)",ham_okuma_notu; araştırmacı tarafından standartlaştırıldı,11_usun_koca_oglu_seyrek_boyu.csv
DKR0634,655.0,uşun koca oğlu seyrek boyu,boy,Segrek,segrek,kişi,Karısı,karisi,kişi,yemin ettim dönmem,belirsiz,olay,1,nötr,yönlü,açık_ilişki,yemin ettim dönmem,segrek - karısı (yemin ettim dönmem),ham_okuma_notu; araştırmacı tarafından standartlaştırıldı,11_usun_koca_oglu_seyrek_boyu.csv
DKR0636,657.0,uşun koca oğlu seyrek boyu,boy,Segrekin Karısı,segrekin_karisi,kişi,Kayın Ata - Kayın Anası,kayin_ata_kayin_anasi,kişi,segrek gidiyor,belirsiz,olay,1,nötr,yönlü,açık_ilişki,segrek gidiyor,segrekin karısı - kayın ata - kayın anası (segrek gidiyor),ham_okuma_notu; araştırmacı tarafından standartlaştırıldı,11_usun_koca_oglu_seyrek_boyu.csv
DKR0638,659.0,uşun koca oğlu seyrek boyu,boy,Segrek,segrek,kişi,6 Kafir,6_kafir,kişi,"çatışma, segrek galip",çatışma,çatışma,5,negatif,yönsüz,açık_ilişki,"çatışma, segrek galip","segrek - 6 kafir (çatışma, segrek galip)",ham_okuma_notu; araştırmacı tarafından standartlaştırıldı,11_usun_koca_oglu_seyrek_boyu.csv
DKR0640,661.0,uşun koca oğlu seyrek boyu,boy,Tekfurun Casusu,tekfurun_casusu,kişi,Tekfur (Segrek Boyu),tekfur_segrek_boyu,kişi,segrekin yaptıklarını anlattı,belirsiz,olay,1,nötr,yönlü,açık_ilişki,segrekin yaptıklarını anlattı,tekfurun casusu - tekfur (segrekin yaptıklarını anlattı),ham_okuma_notu; araştırmacı tarafından standartlaştırıldı,11_usun_koca_oglu_seyrek_boyu.csv
DKR0642,663.0,uşun koca oğlu seyrek boyu,boy,Segrek,segrek,kişi,60 Kafir,60_kafir,kişi,"at ürktü segrek uyandı, segrek kafiri biçti, çatışma",çatışma,çatışma,5,negatif,yönsüz,açık_ilişki,"at ürktü segrek uyandı, segrek kafiri biçti, çatışma","segrek - 60 kafir (at ürktü segrek uyandı, segrek kafiri biçti, çatışma)",ham_okuma_notu; araştırmacı tarafından standartlaştırıldı,11_usun_koca_oglu_seyrek_boyu.csv
DKR0643,664.0,uşun koca oğlu seyrek boyu,boy,Kafirler (Segrek Boyu),kafirler_segrek_boyu,grup,Tekfur (Segrek Boyu),tekfur_segrek_boyu,kişi,yenildik,belirsiz,olay,1,nötr,yönlü,açık_ilişki,yenildik,kafirler - tekfur (yenildik),ham_okuma_notu; araştırmacı tarafından standartlaştırıldı,11_usun_koca_oglu_seyrek_boyu.csv
DKR0644,665.0,uşun koca oğlu seyrek boyu,boy,Tekfur (Segrek Boyu),tekfur_segrek_boyu,kişi,Kafirler (Segrek Boyu),kafirler_segrek_boyu,grup,azarlama; emir 100 kişi gidin,otorite/emir,otorite,3,nötr,yönlü,açık_ilişki,azarlama; emir 100 kişi gidin,tekfur - kafirler (azarlama; emir 100 kişi gidin),ham_okuma_notu; araştırmacı tarafından standartlaştırıldı,11_usun_koca_oglu_seyrek_boyu.csv
DKR0645,666.0,uşun koca oğlu seyrek boyu,boy,Segrek,segrek,kişi,100 Kafir,100_kafir,kişi,"at segreki uyandırdı; segrek kafiri biçti, çatışma",çatışma,çatışma,5,negatif,yönsüz,açık_ilişki,"at segreki uyandırdı; segrek kafiri biçti, çatışma","segrek - 100 kafir (at segreki uyandırdı; segrek kafiri biçti, çatışma)",ham_okuma_notu; araştırmacı tarafından standartlaştırıldı,11_usun_koca_oglu_seyrek_boyu.csv
DKR0646,667.0,uşun koca oğlu seyrek boyu,boy,Tekfur (Segrek Boyu),tekfur_segrek_boyu,kişi,Kafirler (Segrek Boyu),kafirler_segrek_boyu,grup,300 kişi gidin bu kez,belirsiz,olay,1,nötr,yönlü,açık_ilişki,300 kişi gidin bu kez,tekfur - kafirler (300 kişi gidin bu kez),ham_okuma_notu; araştırmacı tarafından standartlaştırıldı,11_usun_koca_oglu_seyrek_boyu.csv
DKR0647,668.0,uşun koca oğlu seyrek boyu,boy,Kafirler (Segrek Boyu),kafirler_segrek_boyu,grup,Tekfur (Segrek Boyu),tekfur_segrek_boyu,kişi,"olmaz, hepimizin kökünü keser",belirsiz,olay,1,nötr,yönlü,açık_ilişki,"olmaz, hepimizin kökünü keser","kafirler - tekfur (olmaz, hepimizin kökünü keser)",ham_okuma_notu; araştırmacı tarafından standartlaştırıldı,11_usun_koca_oglu_seyrek_boyu.csv
DKR0648,669.0,uşun koca oğlu seyrek boyu,boy,Tekfur (Segrek Boyu),tekfur_segrek_boyu,kişi,Kafirler (Segrek Boyu),kafirler_segrek_boyu,grup,"tutsak olan egreki çıkarın, adamın üstüne salın",belirsiz,olay,1,nötr,yönlü,açık_ilişki,"tutsak olan egreki çıkarın, adamın üstüne salın","tekfur - kafirler (tutsak olan egreki çıkarın, adamın üstüne salın)",ham_okuma_notu; araştırmacı tarafından standartlaştırıldı,11_usun_koca_oglu_seyrek_boyu.csv
DKR0649,670.0,uşun koca oğlu seyrek boyu,boy,Kafirler (Segrek Boyu),kafirler_segrek_boyu,grup,Egrek,egrek,kişi,"tekfur sana himmet eyledi, bir adam var, yolcunun çobanın çoluğun ekmeğini alır, onu öldür seni bırakalım",belirsiz,olay,1,nötr,yönlü,açık_ilişki,"tekfur sana himmet eyledi, bir adam var, yolcunun çobanın çoluğun ekmeğini alır, onu öldür seni bırakalım","kafirler - egrek (tekfur sana himmet eyledi, bir adam var, yolcunun çobanın çoluğun ekmeğini alır, onu öldür seni bırakalım)",ham_okuma_notu; araştırmacı tarafından standartlaştırıldı,11_usun_koca_oglu_seyrek_boyu.csv
DKR0650,671.0,uşun koca oğlu seyrek boyu,boy,Egrek,egrek,kişi,Kafirler (Segrek Boyu),kafirler_segrek_boyu,grup,olur,belirsiz,olay,1,nötr,yönlü,açık_ilişki,olur,egrek - kafirler (olur),ham_okuma_notu; araştırmacı tarafından standartlaştırıldı,11_usun_koca_oglu_seyrek_boyu.csv
DKR0651,672.0,uşun koca oğlu seyrek boyu,boy,300 Kafir,300_kafir,kişi,Egreke Yol Gösterdi,egreke_yol_gosterdi,kişi,,belirsiz,olay,1,nötr,yönlü,açık_ilişki,,300 kafir - egreke yol gösterdi,ham_okuma_notu; araştırmacı tarafından standartlaştırıldı,11_usun_koca_oglu_seyrek_boyu.csv
DKR0652,673.0,uşun koca oğlu seyrek boyu,boy,Egrek,egrek,kişi,300 Kafir,300_kafir,kişi,nerede deli yiğit,belirsiz,olay,1,nötr,yönlü,açık_ilişki,nerede deli yiğit,egrek - 300 kafir (nerede deli yiğit),ham_okuma_notu; araştırmacı tarafından standartlaştırıldı,11_usun_koca_oglu_seyrek_boyu.csv
DKR0653,674.0,uşun koca oğlu seyrek boyu,boy,300 Kafir,300_kafir,kişi,Egrek,egrek,kişi,buradadır,belirsiz,olay,1,nötr,yönlü,açık_ilişki,buradadır,300 kafir - egrek (buradadır),ham_okuma_notu; araştırmacı tarafından standartlaştırıldı,11_usun_koca_oglu_seyrek_boyu.csv
DKR0654,675.0,uşun koca oğlu seyrek boyu,boy,Egrek,egrek,kişi,300 Kafir,300_kafir,kişi,hadi gelin tutalım,evlilik/bağlaşıklık,akrabalık,5,pozitif,yönsüz,açık_ilişki,hadi gelin tutalım,egrek - 300 kafir (hadi gelin tutalım),ham_okuma_notu; araştırmacı tarafından standartlaştırıldı,11_usun_koca_oglu_seyrek_boyu.csv
DKR0655,676.0,uşun koca oğlu seyrek boyu,boy,300 Kafir,300_kafir,kişi,Egrek,egrek,kişi,tekfurdan sana emir verildi; sen git,otorite/emir,otorite,3,nötr,yönlü,açık_ilişki,tekfurdan sana emir verildi; sen git,300 kafir - egrek (tekfurdan sana emir verildi; sen git),ham_okuma_notu; araştırmacı tarafından standartlaştırıldı,11_usun_koca_oglu_seyrek_boyu.csv
DKR0656,677.0,uşun koca oğlu seyrek boyu,boy,Egrek,egrek,kişi,300 Kafir,300_kafir,kişi,uyurken yakalayayım,belirsiz,olay,1,nötr,yönlü,açık_ilişki,uyurken yakalayayım,egrek - 300 kafir (uyurken yakalayayım),ham_okuma_notu; araştırmacı tarafından standartlaştırıldı,11_usun_koca_oglu_seyrek_boyu.csv
DKR0657,678.0,uşun koca oğlu seyrek boyu,boy,300 Kafir,300_kafir,kişi,Egrek,egrek,kişi,"uyumaz, koltuğunun altından bakar",belirsiz,olay,1,nötr,yönlü,açık_ilişki,"uyumaz, koltuğunun altından bakar","300 kafir - egrek (uyumaz, koltuğunun altından bakar)",ham_okuma_notu; araştırmacı tarafından standartlaştırıldı,11_usun_koca_oglu_seyrek_boyu.csv
DKR0658,679.0,uşun koca oğlu seyrek boyu,boy,Egrek,egrek,kişi,300 Kafir,300_kafir,kişi,ben yakalar gelirim,belirsiz,olay,1,nötr,yönlü,açık_ilişki,ben yakalar gelirim,egrek - 300 kafir (ben yakalar gelirim),ham_okuma_notu; araştırmacı tarafından standartlaştırıldı,11_usun_koca_oglu_seyrek_boyu.csv
DKR0659,680.0,uşun koca oğlu seyrek boyu,boy,Egrek,egrek,kişi,Segrek,segrek,kişi,segrekin belinden kopuzu çıkardı - segreki uyandırdı,belirsiz,olay,1,nötr,yönlü,açık_ilişki,segrekin belinden kopuzu çıkardı - segreki uyandırdı,egrek - segrek (segrekin belinden kopuzu çıkardı - segreki uyandırdı),ham_okuma_notu; araştırmacı tarafından standartlaştırıldı,11_usun_koca_oglu_seyrek_boyu.csv
DKR0660,681.0,uşun koca oğlu seyrek boyu,boy,Segrek,segrek,kişi,Egrek,egrek,kişi,gerginlik; birbirlerinin kardeş olduklarını anlama,belirsiz,olay,1,nötr,yönlü,açık_ilişki,gerginlik; birbirlerinin kardeş olduklarını anlama,segrek - egrek (gerginlik; birbirlerinin kardeş olduklarını anlama),ham_okuma_notu; araştırmacı tarafından standartlaştırıldı,11_usun_koca_oglu_seyrek_boyu.csv
DKR0661,682.0,uşun koca oğlu seyrek boyu,boy,Segrek,segrek,kişi,Egrek,egrek,kişi,segrek abisinin elini öptü; koklaştılar,akrabalık,akrabalık,5,pozitif,yönsüz,açık_ilişki,segrek abisinin elini öptü; koklaştılar,segrek - egrek (segrek abisinin elini öptü; koklaştılar),ham_okuma_notu; araştırmacı tarafından standartlaştırıldı,11_usun_koca_oglu_seyrek_boyu.csv
DKR0663,684.0,uşun koca oğlu seyrek boyu,boy,Egrek ve Segrek,egrek_ve_segrek,grup,300 Kafir,300_kafir,kişi,çatışma/ egrek ve segrek düşmanı yendi,çatışma,çatışma,5,negatif,yönsüz,açık_ilişki,çatışma/ egrek ve segrek düşmanı yendi,egrek ve segrek - 300 kafir (çatışma/ egrek ve segrek düşmanı yendi),ham_okuma_notu; araştırmacı tarafından standartlaştırıldı,11_usun_koca_oglu_seyrek_boyu.csv
DKR0664,685.0,uşun koca oğlu seyrek boyu,boy,Segrek,segrek,kişi,Haberci,haberci,kişi,babama söyleyin bizi karşılasın,belirsiz,olay,1,nötr,yönlü,açık_ilişki,babama söyleyin bizi karşılasın,segrek - haberci (babama söyleyin bizi karşılasın),ham_okuma_notu; araştırmacı tarafından standartlaştırıldı,11_usun_koca_oglu_seyrek_boyu.csv
DKR0665,686.0,uşun koca oğlu seyrek boyu,boy,Haberci,haberci,kişi,Uşun Koca,usun_koca,kişi,oğulların geliyor,belirsiz,olay,1,nötr,yönlü,açık_ilişki,oğulların geliyor,haberci - uşun koca (oğulların geliyor),ham_okuma_notu; araştırmacı tarafından standartlaştırıldı,11_usun_koca_oglu_seyrek_boyu.csv
DKR0669,692.0,Salur Kazan'ın tutsak olup oğlu uruz'un kurtardığı boy,boy,Trabzon Tekfuru,trabzon_tekfuru,kişi,Salur Kazan,salur_kazan,kişi,şahin hediyesi verdi,ödül/değişim,otorite,3,pozitif,yönlü,açık_ilişki,şahin hediyesi verdi,trabzon tekfuru - kazan (şahin hediyesi verdi),ham_okuma_notu; araştırmacı tarafından standartlaştırıldı,12_salur_kazanin_tutsak_olup_oglu_uruzun_kurtardigi_boy.csv
DKR0671,694.0,Salur Kazan'ın tutsak olup oğlu uruz'un kurtardığı boy,boy,Salur Kazan,salur_kazan,kişi,Beyler (Uruz Kurtarma Boyu),beyler_uruz_kurtarma_boyu,grup,şahini takip ettiler,belirsiz,olay,1,nötr,yönlü,açık_ilişki,şahini takip ettiler,kazan - beyler (şahini takip ettiler),ham_okuma_notu; araştırmacı tarafından standartlaştırıldı,12_salur_kazanin_tutsak_olup_oglu_uruzun_kurtardigi_boy.csv
DKR0672,695.0,Salur Kazan'ın tutsak olup oğlu uruz'un kurtardığı boy,boy,Salur Kazan,salur_kazan,kişi,Beyler (Uruz Kurtarma Boyu),beyler_uruz_kurtarma_boyu,grup,biraz yatalım - kazano küçücük ölüm tuttu,belirsiz,olay,1,nötr,yönlü,açık_ilişki,biraz yatalım - kazano küçücük ölüm tuttu,kazan - beyler (biraz yatalım - kazano küçücük ölüm tuttu),ham_okuma_notu; araştırmacı tarafından standartlaştırıldı,12_salur_kazanin_tutsak_olup_oglu_uruzun_kurtardigi_boy.csv
DKR0674,697.0,Salur Kazan'ın tutsak olup oğlu uruz'un kurtardığı boy,boy,Tekfurun Casusu,tekfurun_casusu,kişi,Tekfur (Uruz Kurtarma Boyu),tekfur_uruz_kurtarma_boyu,kişi,"kazan ve adamları koruya geldiler, uyudular",belirsiz,olay,1,nötr,yönlü,açık_ilişki,"kazan ve adamları koruya geldiler, uyudular","tekfurun casusu - tekfur (kazan ve adamları koruya geldiler, uyudular)",ham_okuma_notu; araştırmacı tarafından standartlaştırıldı,12_salur_kazanin_tutsak_olup_oglu_uruzun_kurtardigi_boy.csv
DKR0675,698.0,Salur Kazan'ın tutsak olup oğlu uruz'un kurtardığı boy,boy,Tekfur (Uruz Kurtarma Boyu),tekfur_uruz_kurtarma_boyu,kişi,Tekfurun Adamları,tekfurun_adamlari,grup,emir; bunların kim olduğunu öğrenin,otorite/emir,otorite,3,nötr,yönlü,açık_ilişki,emir; bunların kim olduğunu öğrenin,tekfur - tekfurun adamları (emir; bunların kim olduğunu öğrenin),ham_okuma_notu; araştırmacı tarafından standartlaştırıldı,12_salur_kazanin_tutsak_olup_oglu_uruzun_kurtardigi_boy.csv
DKR0676,699.0,Salur Kazan'ın tutsak olup oğlu uruz'un kurtardığı boy,boy,Tekfurun Adamları,tekfurun_adamlari,grup,Tekfur (Uruz Kurtarma Boyu),tekfur_uruz_kurtarma_boyu,kişi,gelenler oğuzdan,belirsiz,olay,1,nötr,yönlü,açık_ilişki,gelenler oğuzdan,tekfurun adamları - tekfur (gelenler oğuzdan),ham_okuma_notu; araştırmacı tarafından standartlaştırıldı,12_salur_kazanin_tutsak_olup_oglu_uruzun_kurtardigi_boy.csv
DKR0677,700.0,Salur Kazan'ın tutsak olup oğlu uruz'un kurtardığı boy,boy,Tekfur (Uruz Kurtarma Boyu),tekfur_uruz_kurtarma_boyu,kişi,Tekfurun Adamları,tekfurun_adamlari,grup,kazan ve askerlerinin üzerine yürüdü,belirsiz,olay,1,nötr,yönlü,açık_ilişki,kazan ve askerlerinin üzerine yürüdü,tekfur - tekfurun adamları (kazan ve askerlerinin üzerine yürüdü),ham_okuma_notu; araştırmacı tarafından standartlaştırıldı,12_salur_kazanin_tutsak_olup_oglu_uruzun_kurtardigi_boy.csv
DKR0679,702.0,Salur Kazan'ın tutsak olup oğlu uruz'un kurtardığı boy,boy,Kazanın Askerleri,kazanin_askerleri,grup,Tekfurun Askerleri,tekfurun_askerleri,grup,çatışma; kazanın 25 askeri şehit oldu,çatışma,çatışma,5,negatif,yönsüz,açık_ilişki,çatışma; kazanın 25 askeri şehit oldu,kazanın askerleri - tekfurun askerleri (çatışma; kazanın 25 askeri şehit oldu),ham_okuma_notu; araştırmacı tarafından standartlaştırıldı; v3 bağlamsal standardizasyon; v3 bağlamsal standardizasyon,12_salur_kazanin_tutsak_olup_oglu_uruzun_kurtardigi_boy.csv
DKR0680,703.0,Salur Kazan'ın tutsak olup oğlu uruz'un kurtardığı boy,boy,Tekfurun Askerleri,tekfurun_askerleri,grup,Salur Kazan,salur_kazan,kişi,kazan esir alındı,çatışma,çatışma,5,negatif,yönsüz,açık_ilişki,kazan esir alındı,tekfurun askerleri - kazan (kazan esir alındı),ham_okuma_notu; araştırmacı tarafından standartlaştırıldı; v3 bağlamsal standardizasyon; v3 bağlamsal standardizasyon,12_salur_kazanin_tutsak_olup_oglu_uruzun_kurtardigi_boy.csv
DKR0681,704.0,Salur Kazan'ın tutsak olup oğlu uruz'un kurtardığı boy,boy,Salur Kazan,salur_kazan,kişi,Kafirler (Uruz Kurtarma Boyu),kafirler_uruz_kurtarma_boyu,grup,uyandı - dalga geçti,belirsiz,olay,1,nötr,yönlü,açık_ilişki,uyandı - dalga geçti,kazan - kafirler (uyandı - dalga geçti),ham_okuma_notu; araştırmacı tarafından standartlaştırıldı,12_salur_kazanin_tutsak_olup_oglu_uruzun_kurtardigi_boy.csv
DKR0682,705.0,Salur Kazan'ın tutsak olup oğlu uruz'un kurtardığı boy,boy,Kafirler (Uruz Kurtarma Boyu),kafirler_uruz_kurtarma_boyu,grup,Salur Kazan,salur_kazan,kişi,ne gülersin,belirsiz,olay,1,nötr,yönlü,açık_ilişki,ne gülersin,kafirler - kazan (ne gülersin),ham_okuma_notu; araştırmacı tarafından standartlaştırıldı,12_salur_kazanin_tutsak_olup_oglu_uruzun_kurtardigi_boy.csv
DKR0683,706.0,Salur Kazan'ın tutsak olup oğlu uruz'un kurtardığı boy,boy,Salur Kazan,salur_kazan,kişi,Kafirler (Uruz Kurtarma Boyu),kafirler_uruz_kurtarma_boyu,grup,"arabayı beşik, sizi dadım zannettim; dalga geçme",belirsiz,olay,1,nötr,yönlü,açık_ilişki,"arabayı beşik, sizi dadım zannettim; dalga geçme","kazan - kafirler (arabayı beşik, sizi dadım zannettim; dalga geçme)",ham_okuma_notu; araştırmacı tarafından standartlaştırıldı,12_salur_kazanin_tutsak_olup_oglu_uruzun_kurtardigi_boy.csv
DKR0684,707.0,Salur Kazan'ın tutsak olup oğlu uruz'un kurtardığı boy,boy,Kafirler (Uruz Kurtarma Boyu),kafirler_uruz_kurtarma_boyu,grup,Salur Kazan,salur_kazan,kişi,kazanı tomanın kalesinde kuyuya attılar,belirsiz,olay,1,nötr,yönlü,açık_ilişki,kazanı tomanın kalesinde kuyuya attılar,kafirler - kazan (kazanı tomanın kalesinde kuyuya attılar),ham_okuma_notu; araştırmacı tarafından standartlaştırıldı,12_salur_kazanin_tutsak_olup_oglu_uruzun_kurtardigi_boy.csv
DKR0686,709.0,Salur Kazan'ın tutsak olup oğlu uruz'un kurtardığı boy,boy,Tekfurun Karısı,tekfurun_karisi,kişi,Zindancı,zindanci,kişi,emir; kapıyı aç,otorite/emir,otorite,3,nötr,yönlü,açık_ilişki,emir; kapıyı aç,tekfurun karısı - zindancı (emir; kapıyı aç),ham_okuma_notu; araştırmacı tarafından standartlaştırıldı,12_salur_kazanin_tutsak_olup_oglu_uruzun_kurtardigi_boy.csv
DKR0687,710.0,Salur Kazan'ın tutsak olup oğlu uruz'un kurtardığı boy,boy,Tekfurun Karısı,tekfurun_karisi,kişi,Salur Kazan,salur_kazan,kişi,"ne durumdasın, ne yiyip içer, neye binersin",belirsiz,olay,1,nötr,yönlü,açık_ilişki,"ne durumdasın, ne yiyip içer, neye binersin","tekfurun karısı - kazan (ne durumdasın, ne yiyip içer, neye binersin)",ham_okuma_notu; araştırmacı tarafından standartlaştırıldı,12_salur_kazanin_tutsak_olup_oglu_uruzun_kurtardigi_boy.csv
DKR0688,711.0,Salur Kazan'ın tutsak olup oğlu uruz'un kurtardığı boy,boy,Salur Kazan,salur_kazan,kişi,Tekfurun Karısı,tekfurun_karisi,kişi,"ölülerine verdiğin yemeği ellerinden alırım, ölülerinizin yorgasına binerim, kahillerin yederem",belirsiz,olay,1,nötr,yönlü,açık_ilişki,"ölülerine verdiğin yemeği ellerinden alırım, ölülerinizin yorgasına binerim, kahillerin yederem","kazan - tekfurun karısı (ölülerine verdiğin yemeği ellerinden alırım, ölülerinizin yorgasına binerim, kahillerin yederem)",ham_okuma_notu; araştırmacı tarafından standartlaştırıldı,12_salur_kazanin_tutsak_olup_oglu_uruzun_kurtardigi_boy.csv
DKR0689,712.0,Salur Kazan'ın tutsak olup oğlu uruz'un kurtardığı boy,boy,Tekfurun Karısı,tekfurun_karisi,kişi,Salur Kazan,salur_kazan,kişi,"7 yaşında kızım öldü, kerem et ona binme",akrabalık,akrabalık,5,pozitif,yönsüz,açık_ilişki,"7 yaşında kızım öldü, kerem et ona binme","tekfurun karısı - kazan (7 yaşında kızım öldü, kerem et ona binme)",ham_okuma_notu; araştırmacı tarafından standartlaştırıldı,12_salur_kazanin_tutsak_olup_oglu_uruzun_kurtardigi_boy.csv
DKR0690,713.0,Salur Kazan'ın tutsak olup oğlu uruz'un kurtardığı boy,boy,Salur Kazan,salur_kazan,kişi,Tekfurun Karısı,tekfurun_karisi,kişi,"en yorgası odur, ona biniyorum",belirsiz,olay,1,nötr,yönlü,açık_ilişki,"en yorgası odur, ona biniyorum","kazan - tekfurun karısı (en yorgası odur, ona biniyorum)",ham_okuma_notu; araştırmacı tarafından standartlaştırıldı,12_salur_kazanin_tutsak_olup_oglu_uruzun_kurtardigi_boy.csv
DKR0691,714.0,Salur Kazan'ın tutsak olup oğlu uruz'un kurtardığı boy,boy,Tekfurun Karısı,tekfurun_karisi,kişi,Tekfur (Uruz Kurtarma Boyu),tekfur_uruz_kurtarma_boyu,kişi,"kazanı çıkarın kuyudan, ölülerimize eziyet ediyormuş",belirsiz,olay,1,nötr,yönlü,açık_ilişki,"kazanı çıkarın kuyudan, ölülerimize eziyet ediyormuş","tekfurun karısı - tekfur (kazanı çıkarın kuyudan, ölülerimize eziyet ediyormuş)",ham_okuma_notu; araştırmacı tarafından standartlaştırıldı,12_salur_kazanin_tutsak_olup_oglu_uruzun_kurtardigi_boy.csv
DKR0692,715.0,Salur Kazan'ın tutsak olup oğlu uruz'un kurtardığı boy,boy,Tekfur (Uruz Kurtarma Boyu),tekfur_uruz_kurtarma_boyu,kişi,Tekfurun Beyleri,tekfurun_beyleri,grup,,ikna/müzakere,iletişim,3,nötr,yönlü,açık_ilişki,,"tekfur - tekfurun beyleri (kazanı kuyudan çıkaralım, oğuzu kötülesin, bir daha bize düşmanlık etmesin salalım) ikna",ham_okuma_notu; araştırmacı tarafından standartlaştırıldı; v3 bağlamsal standardizasyon; v3 bağlamsal standardizasyon,12_salur_kazanin_tutsak_olup_oglu_uruzun_kurtardigi_boy.csv
DKR0693,716.0,Salur Kazan'ın tutsak olup oğlu uruz'un kurtardığı boy,boy,Tekfurun Beyleri,tekfurun_beyleri,grup,Salur Kazan,salur_kazan,kişi,,ikna/müzakere,iletişim,3,nötr,yönlü,açık_ilişki,,"tekfurun beyleri - kazan (and iç bize düşmanlık yapmayacağına, oğuzu kötüle bizi öv, seni bırakalım); ikna; tamam gelmem",ham_okuma_notu; araştırmacı tarafından standartlaştırıldı; v3 bağlamsal standardizasyon; v3 bağlamsal standardizasyon,12_salur_kazanin_tutsak_olup_oglu_uruzun_kurtardigi_boy.csv
DKR0694,717.0,Salur Kazan'ın tutsak olup oğlu uruz'un kurtardığı boy,boy,Tekfurun Beyleri,tekfurun_beyleri,grup,Salur Kazan,salur_kazan,kişi,kazan and içti,belirsiz,olay,1,nötr,yönlü,açık_ilişki,kazan and içti,tekfurun beyleri - kazan (kazan and içti),ham_okuma_notu; araştırmacı tarafından standartlaştırıldı; v3 bağlamsal standardizasyon; v3 bağlamsal standardizasyon,12_salur_kazanin_tutsak_olup_oglu_uruzun_kurtardigi_boy.csv
DKR0695,718.0,Salur Kazan'ın tutsak olup oğlu uruz'un kurtardığı boy,boy,Tekfurun Beyleri,tekfurun_beyleri,grup,Salur Kazan,salur_kazan,kişi,bizi öv,belirsiz,olay,1,nötr,yönlü,açık_ilişki,bizi öv,tekfurun beyleri - kazan (bizi öv),ham_okuma_notu; araştırmacı tarafından standartlaştırıldı; v3 bağlamsal standardizasyon; v3 bağlamsal standardizasyon,12_salur_kazanin_tutsak_olup_oglu_uruzun_kurtardigi_boy.csv
DKR0696,719.0,Salur Kazan'ın tutsak olup oğlu uruz'un kurtardığı boy,boy,Salur Kazan,salur_kazan,kişi,Tekfurun Beyleri,tekfurun_beyleri,grup,,ikna/müzakere,iletişim,3,nötr,yönlü,açık_ilişki,,kazan - tekfurun beyleri (ben yer üstünde adam övmem bir adam getirin onun üstüne binip sizi öveyim) ikna,ham_okuma_notu; araştırmacı tarafından standartlaştırıldı; v3 bağlamsal standardizasyon; v3 bağlamsal standardizasyon,12_salur_kazanin_tutsak_olup_oglu_uruzun_kurtardigi_boy.csv
DKR0698,721.0,Salur Kazan'ın tutsak olup oğlu uruz'un kurtardığı boy,boy,Salur Kazan,salur_kazan,kişi,Kafir Eri,kafir_eri,kişi,"kafirin sırtına bir eğer vurdu, bacaklarıyla kaburgasını sıkıp askeri öldürdü - bana kopuz getirin öveyim sizi",destek/yardım,olay,4,pozitif,yönlü,açık_ilişki,"kafirin sırtına bir eğer vurdu, bacaklarıyla kaburgasını sıkıp askeri öldürdü - bana kopuz getirin öveyim sizi","kazan - kafir eri (kafirin sırtına bir eğer vurdu, bacaklarıyla kaburgasını sıkıp askeri öldürdü - bana kopuz getirin öveyim sizi)",ham_okuma_notu; araştırmacı tarafından standartlaştırıldı,12_salur_kazanin_tutsak_olup_oglu_uruzun_kurtardigi_boy.csv
DKR0699,722.0,Salur Kazan'ın tutsak olup oğlu uruz'un kurtardığı boy,boy,Kafirler (Uruz Kurtarma Boyu),kafirler_uruz_kurtarma_boyu,grup,Salur Kazan,salur_kazan,kişi,kopuz getirdiler,belirsiz,olay,1,nötr,yönlü,açık_ilişki,kopuz getirdiler,kafirler - kazan (kopuz getirdiler),ham_okuma_notu; araştırmacı tarafından standartlaştırıldı,12_salur_kazanin_tutsak_olup_oglu_uruzun_kurtardigi_boy.csv
DKR0700,723.0,Salur Kazan'ın tutsak olup oğlu uruz'un kurtardığı boy,boy,Salur Kazan,salur_kazan,kişi,Kafirler (Uruz Kurtarma Boyu),kafirler_uruz_kurtarma_boyu,grup,kafirleri küçümseyip dalda geçti; gerginlik,destek/yardım,olay,4,pozitif,yönlü,açık_ilişki,kafirleri küçümseyip dalda geçti; gerginlik,kazan - kafirler (kafirleri küçümseyip dalda geçti; gerginlik),ham_okuma_notu; araştırmacı tarafından standartlaştırıldı,12_salur_kazanin_tutsak_olup_oglu_uruzun_kurtardigi_boy.csv
DKR0703,726.0,Salur Kazan'ın tutsak olup oğlu uruz'un kurtardığı boy,boy,Adsız Kişi (Uruz Kurtarma Boyu),adsiz_kisi_uruz_kurtarma_boyu,kişi,Uruz,uruz,kişi,oğlu,diyalog_nötr,iletişim,2,pozitif,yönlü,çıkarımsal_akrabalık,,bir kişi - uruz (sen kazanın oğlu değil misin,ham_okuma_notu; araştırmacı tarafından standartlaştırıldı,12_salur_kazanin_tutsak_olup_oglu_uruzun_kurtardigi_boy.csv
DKR0704,727.0,Salur Kazan'ın tutsak olup oğlu uruz'un kurtardığı boy,boy,Uruz,uruz,kişi,Adsız Kişi (Uruz Kurtarma Boyu),adsiz_kisi_uruz_kurtarma_boyu,kişi,benim babam bayındır han değil mi,belirsiz,olay,1,nötr,yönlü,açık_ilişki,benim babam bayındır han değil mi,uruz - kişi (benim babam bayındır han değil mi),ham_okuma_notu; araştırmacı tarafından standartlaştırıldı,12_salur_kazanin_tutsak_olup_oglu_uruzun_kurtardigi_boy.csv
DKR0705,728.0,Salur Kazan'ın tutsak olup oğlu uruz'un kurtardığı boy,boy,Adsız Kişi (Uruz Kurtarma Boyu),adsiz_kisi_uruz_kurtarma_boyu,kişi,Uruz,uruz,kişi,"o annenin babası, senin dedendir",akrabalık,akrabalık,5,pozitif,yönsüz,açık_ilişki,"o annenin babası, senin dedendir","kişi - uruz (o annenin babası, senin dedendir)",ham_okuma_notu; araştırmacı tarafından standartlaştırıldı,12_salur_kazanin_tutsak_olup_oglu_uruzun_kurtardigi_boy.csv
DKR0706,729.0,Salur Kazan'ın tutsak olup oğlu uruz'un kurtardığı boy,boy,Uruz,uruz,kişi,Adsız Kişi (Uruz Kurtarma Boyu),adsiz_kisi_uruz_kurtarma_boyu,kişi,benim babam sağ mı ölümü mü,belirsiz,olay,1,nötr,yönlü,açık_ilişki,benim babam sağ mı ölümü mü,uruz - kişi (benim babam sağ mı ölümü mü),ham_okuma_notu; araştırmacı tarafından standartlaştırıldı,12_salur_kazanin_tutsak_olup_oglu_uruzun_kurtardigi_boy.csv
DKR0707,730.0,Salur Kazan'ın tutsak olup oğlu uruz'un kurtardığı boy,boy,Adsız Kişi (Uruz Kurtarma Boyu),adsiz_kisi_uruz_kurtarma_boyu,kişi,Uruz,uruz,kişi,tomanın kalesinde tutsaktır,belirsiz,olay,1,nötr,yönlü,açık_ilişki,tomanın kalesinde tutsaktır,kişi - uruz (tomanın kalesinde tutsaktır),ham_okuma_notu; araştırmacı tarafından standartlaştırıldı,12_salur_kazanin_tutsak_olup_oglu_uruzun_kurtardigi_boy.csv
DKR0709,732.0,Salur Kazan'ın tutsak olup oğlu uruz'un kurtardığı boy,boy,Uruz,uruz,kişi,Annesi,annesi,kişi,"ben han oğlu değil, kazan oğluymuşum",akrabalık,akrabalık,5,pozitif,yönsüz,açık_ilişki,"ben han oğlu değil, kazan oğluymuşum","uruz - annesi (ben han oğlu değil, kazan oğluymuşum)",ham_okuma_notu; araştırmacı tarafından standartlaştırıldı,12_salur_kazanin_tutsak_olup_oglu_uruzun_kurtardigi_boy.csv
DKR0710,733.0,Salur Kazan'ın tutsak olup oğlu uruz'un kurtardığı boy,boy,Uruzun Annesi,uruzun_annesi,kişi,Uruz,uruz,kişi,ben senin helak olmadan korktum,belirsiz,olay,1,nötr,yönlü,açık_ilişki,ben senin helak olmadan korktum,uruzun annesi - uruz (ben senin helak olmadan korktum),ham_okuma_notu; araştırmacı tarafından standartlaştırıldı,12_salur_kazanin_tutsak_olup_oglu_uruzun_kurtardigi_boy.csv
DKR0711,734.0,Salur Kazan'ın tutsak olup oğlu uruz'un kurtardığı boy,boy,Uruzun Annesi,uruzun_annesi,kişi,Uruz,uruz,kişi,amcana haber ver gelsin ne der,belirsiz,olay,1,nötr,yönlü,açık_ilişki,amcana haber ver gelsin ne der,uruzun annesi - uruz (amcana haber ver gelsin ne der),ham_okuma_notu; araştırmacı tarafından standartlaştırıldı,12_salur_kazanin_tutsak_olup_oglu_uruzun_kurtardigi_boy.csv
DKR0719,742.0,Salur Kazan'ın tutsak olup oğlu uruz'un kurtardığı boy,boy,Kafirler (Uruz Kurtarma Boyu),kafirler_uruz_kurtarma_boyu,grup,Kara Göne ve Askerleri,kara_gone_ve_askerleri,grup,kimsiniz - kara göne ve askerler bezirganız,belirsiz,olay,1,nötr,yönlü,açık_ilişki,kimsiniz - kara göne ve askerler bezirganız,kafirler - kara göne ve askerleri (kimsiniz - kara göne ve askerler bezirganız),ham_okuma_notu; araştırmacı tarafından standartlaştırıldı,12_salur_kazanin_tutsak_olup_oglu_uruzun_kurtardigi_boy.csv
DKR0720,743.0,Salur Kazan'ın tutsak olup oğlu uruz'un kurtardığı boy,boy,Kafirler (Uruz Kurtarma Boyu),kafirler_uruz_kurtarma_boyu,grup,Kara Göne ve Askerleri,kara_gone_ve_askerleri,grup,yalan söylersiniz diyip taşa tuttular,diyalog_olumsuz,iletişim,3,negatif,yönlü,açık_ilişki,yalan söylersiniz diyip taşa tuttular,kafirler - kara göne ve askerleri (yalan söylersiniz diyip taşa tuttular),ham_okuma_notu; araştırmacı tarafından standartlaştırıldı,12_salur_kazanin_tutsak_olup_oglu_uruzun_kurtardigi_boy.csv
DKR0721,744.0,Salur Kazan'ın tutsak olup oğlu uruz'un kurtardığı boy,boy,Uruz,uruz,kişi,Askerler,askerler,grup,"emir, beni seven atamın kadehinden şarap içen attan insin, kapıya birer gürz vuralım",otorite/emir,otorite,3,nötr,yönlü,açık_ilişki,"emir, beni seven atamın kadehinden şarap içen attan insin, kapıya birer gürz vuralım","uruz - askerler (emir, beni seven atamın kadehinden şarap içen attan insin, kapıya birer gürz vuralım)",ham_okuma_notu; araştırmacı tarafından standartlaştırıldı,12_salur_kazanin_tutsak_olup_oglu_uruzun_kurtardigi_boy.csv
DKR0723,746.0,Salur Kazan'ın tutsak olup oğlu uruz'un kurtardığı boy,boy,Oğuz Askerleri,oguz_askerleri,grup,Kafir,kafir,kişi,"çatışma, kaleyi fethettiler",çatışma,çatışma,5,negatif,yönsüz,açık_ilişki,"çatışma, kaleyi fethettiler","oğuz askerleri - kafir (çatışma, kaleyi fethettiler)",ham_okuma_notu; araştırmacı tarafından standartlaştırıldı,12_salur_kazanin_tutsak_olup_oglu_uruzun_kurtardigi_boy.csv
DKR0724,747.0,Salur Kazan'ın tutsak olup oğlu uruz'un kurtardığı boy,boy,Kalenin Sığır Çobanı,kalenin_sigir_cobani,kişi,Tekfur (Uruz Kurtarma Boyu),tekfur_uruz_kurtarma_boyu,kişi,ayasofya alındı haberini verdi,duygusal_tepki,olay,2,negatif,yönlü,açık_ilişki,ayasofya alındı haberini verdi,kalenin sığır çobanı - tekfur (ayasofya alındı haberini verdi),ham_okuma_notu; araştırmacı tarafından standartlaştırıldı,12_salur_kazanin_tutsak_olup_oglu_uruzun_kurtardigi_boy.csv
DKR0725,748.0,Salur Kazan'ın tutsak olup oğlu uruz'un kurtardığı boy,boy,Tekfur (Uruz Kurtarma Boyu),tekfur_uruz_kurtarma_boyu,kişi,Tekfurun Beyleri,tekfurun_beyleri,grup,ne yapalım,belirsiz,olay,1,nötr,yönlü,açık_ilişki,ne yapalım,tekfur - beyleri (ne yapalım),ham_okuma_notu; araştırmacı tarafından standartlaştırıldı; v3 bağlamsal standardizasyon; v3 bağlamsal standardizasyon,12_salur_kazanin_tutsak_olup_oglu_uruzun_kurtardigi_boy.csv
DKR0726,749.0,Salur Kazan'ın tutsak olup oğlu uruz'un kurtardığı boy,boy,Beyler (Uruz Kurtarma Boyu),beyler_uruz_kurtarma_boyu,grup,Tekfur (Uruz Kurtarma Boyu),tekfur_uruz_kurtarma_boyu,kişi,,ikna/müzakere,iletişim,3,nötr,yönlü,açık_ilişki,,beyleri - tekfur (kazanı düşmanın üstüne gönderelim kazanı) ikna,ham_okuma_notu; araştırmacı tarafından standartlaştırıldı,12_salur_kazanin_tutsak_olup_oglu_uruzun_kurtardigi_boy.csv
DKR0727,750.0,Salur Kazan'ın tutsak olup oğlu uruz'un kurtardığı boy,boy,Tekfur (Uruz Kurtarma Boyu),tekfur_uruz_kurtarma_boyu,kişi,Salur Kazan,salur_kazan,kişi,,ikna/müzakere,iletişim,3,nötr,yönlü,açık_ilişki,,"tekfur - kazan (düşmanı kovarsan, bir daha üzerimize gelmemek şartıyla seni bırakırız) ikna",ham_okuma_notu; araştırmacı tarafından standartlaştırıldı,12_salur_kazanin_tutsak_olup_oglu_uruzun_kurtardigi_boy.csv
DKR0728,751.0,Salur Kazan'ın tutsak olup oğlu uruz'un kurtardığı boy,boy,Salur Kazan,salur_kazan,kişi,Tekfur (Uruz Kurtarma Boyu),tekfur_uruz_kurtarma_boyu,kişi,and içti,belirsiz,olay,1,nötr,yönlü,açık_ilişki,and içti,kazan - tekfur (and içti),ham_okuma_notu; araştırmacı tarafından standartlaştırıldı,12_salur_kazanin_tutsak_olup_oglu_uruzun_kurtardigi_boy.csv
DKR0730,753.0,Salur Kazan'ın tutsak olup oğlu uruz'un kurtardığı boy,boy,Tekfur (Uruz Kurtarma Boyu),tekfur_uruz_kurtarma_boyu,kişi,Tekfurun Askerleri,tekfurun_askerleri,grup,"emir; hareket, meydana gelip çadır diktirdi",otorite/emir,otorite,3,nötr,yönlü,açık_ilişki,"emir; hareket, meydana gelip çadır diktirdi","tekfur - askerleri (emir; hareket, meydana gelip çadır diktirdi)",ham_okuma_notu; araştırmacı tarafından standartlaştırıldı; v3 bağlamsal standardizasyon; v3 bağlamsal standardizasyon,12_salur_kazanin_tutsak_olup_oglu_uruzun_kurtardigi_boy.csv
DKR0731,754.0,Salur Kazan'ın tutsak olup oğlu uruz'un kurtardığı boy,boy,Kafir Askeri,kafir_askeri,kişi,Salur Kazan,salur_kazan,kişi,"kazanın üzerini donattılar, silah verdiler",belirsiz,olay,1,nötr,yönlü,açık_ilişki,"kazanın üzerini donattılar, silah verdiler","kafir askeri - kazan (kazanın üzerini donattılar, silah verdiler)",ham_okuma_notu; araştırmacı tarafından standartlaştırıldı,12_salur_kazanin_tutsak_olup_oglu_uruzun_kurtardigi_boy.csv
DKR0734,757.0,Salur Kazan'ın tutsak olup oğlu uruz'un kurtardığı boy,boy,Salur Kazan,salur_kazan,kişi,Oğuz Askerleri,oguz_askerleri,grup,er diledi,belirsiz,olay,1,nötr,yönlü,açık_ilişki,er diledi,kazan - oğuz askerleri (er diledi),ham_okuma_notu; araştırmacı tarafından standartlaştırıldı,12_salur_kazanin_tutsak_olup_oglu_uruzun_kurtardigi_boy.csv
DKR0735,758.0,Salur Kazan'ın tutsak olup oğlu uruz'un kurtardığı boy,boy,Salur Kazan,salur_kazan,kişi,Bamsı Beyrek,bamsi_beyrek,kişi,sen kimsin,belirsiz,olay,1,nötr,yönlü,açık_ilişki,sen kimsin,kazan - beyrek (sen kimsin),ham_okuma_notu; araştırmacı tarafından standartlaştırıldı,12_salur_kazanin_tutsak_olup_oglu_uruzun_kurtardigi_boy.csv
DKR0736,759.0,Salur Kazan'ın tutsak olup oğlu uruz'un kurtardığı boy,boy,Bamsı Beyrek,bamsi_beyrek,kişi,Salur Kazan,salur_kazan,kişi,pay püre han oğlu bamsı beyrekim,akrabalık,akrabalık,5,pozitif,yönsüz,açık_ilişki,pay püre han oğlu bamsı beyrekim,beyrek - kazan (pay püre han oğlu bamsı beyrekim),ham_okuma_notu; araştırmacı tarafından standartlaştırıldı,12_salur_kazanin_tutsak_olup_oglu_uruzun_kurtardigi_boy.csv
DKR0737,760.0,Salur Kazan'ın tutsak olup oğlu uruz'un kurtardığı boy,boy,Salur Kazan,salur_kazan,kişi,Bamsı Beyrek,bamsi_beyrek,kişi,"askerin önünde beyaz sancaklı, boz atlı olan kimdir",belirsiz,olay,1,nötr,yönlü,açık_ilişki,"askerin önünde beyaz sancaklı, boz atlı olan kimdir","kazan - beyrek (askerin önünde beyaz sancaklı, boz atlı olan kimdir)",ham_okuma_notu; araştırmacı tarafından standartlaştırıldı,12_salur_kazanin_tutsak_olup_oglu_uruzun_kurtardigi_boy.csv
DKR0738,761.0,Salur Kazan'ın tutsak olup oğlu uruz'un kurtardığı boy,boy,Bamsı Beyrek,bamsi_beyrek,kişi,Salur Kazan,salur_kazan,kişi,beyimiz kazanın oğludur,akrabalık,akrabalık,5,pozitif,yönsüz,açık_ilişki,beyimiz kazanın oğludur,beyrek - kazan (beyimiz kazanın oğludur),ham_okuma_notu; araştırmacı tarafından standartlaştırıldı,12_salur_kazanin_tutsak_olup_oglu_uruzun_kurtardigi_boy.csv
DKR0740,763.0,Salur Kazan'ın tutsak olup oğlu uruz'un kurtardığı boy,boy,Bamsı Beyrek,bamsi_beyrek,kişi,Salur Kazan,salur_kazan,kişi,bana neden onu bunu sorarsın diyip kazana hucüm etti,çatışma,çatışma,5,negatif,yönsüz,açık_ilişki,bana neden onu bunu sorarsın diyip kazana hucüm etti,beyrek - kazan (bana neden onu bunu sorarsın diyip kazana hucüm etti),ham_okuma_notu; araştırmacı tarafından standartlaştırıldı,12_salur_kazanin_tutsak_olup_oglu_uruzun_kurtardigi_boy.csv
DKR0741,764.0,Salur Kazan'ın tutsak olup oğlu uruz'un kurtardığı boy,boy,Salur Kazan,salur_kazan,kişi,Bamsı Beyrek,bamsi_beyrek,kişi,"çatışma; beyrek yenildi, kazan beyin gelsin dedi",çatışma,çatışma,5,negatif,yönsüz,açık_ilişki,"çatışma; beyrek yenildi, kazan beyin gelsin dedi","kazan - beyrek (çatışma; beyrek yenildi, kazan beyin gelsin dedi)",ham_okuma_notu; araştırmacı tarafından standartlaştırıldı,12_salur_kazanin_tutsak_olup_oglu_uruzun_kurtardigi_boy.csv
DKR0743,766.0,Salur Kazan'ın tutsak olup oğlu uruz'un kurtardığı boy,boy,Salur Kazan,salur_kazan,kişi,Eylik Koca Dönebilmez Dülek Evren,eylik_koca_donebilmez_dulek_evren,kişi,adın nedir,diyalog_nötr,iletişim,2,nötr,yönlü,açık_ilişki,adın nedir,kazan - eylik koca dönebilmez dülek evren (adın nedir),ham_okuma_notu; araştırmacı tarafından standartlaştırıldı,12_salur_kazanin_tutsak_olup_oglu_uruzun_kurtardigi_boy.csv
DKR0744,767.0,Salur Kazan'ın tutsak olup oğlu uruz'un kurtardığı boy,boy,Dönebilmez Dülek Evren,donebilmez_dulek_evren,kişi,Salur Kazan,salur_kazan,kişi,bana dönebilmez dülek evren derler,belirsiz,olay,1,nötr,yönlü,açık_ilişki,bana dönebilmez dülek evren derler,dönebilmez dülek evren - kazan (bana dönebilmez dülek evren derler),ham_okuma_notu; araştırmacı tarafından standartlaştırıldı,12_salur_kazanin_tutsak_olup_oglu_uruzun_kurtardigi_boy.csv
DKR0745,768.0,Salur Kazan'ın tutsak olup oğlu uruz'un kurtardığı boy,boy,Dönebilmez Dülek Evren,donebilmez_dulek_evren,kişi,Salur Kazan,salur_kazan,kişi,,çatışma,çatışma,5,nötr,yönsüz,açık_ilişki,,dönebilmez dülek evren - kazan (kazana hucüm etti); çatışma,ham_okuma_notu; araştırmacı tarafından standartlaştırıldı,12_salur_kazanin_tutsak_olup_oglu_uruzun_kurtardigi_boy.csv
DKR0746,769.0,Salur Kazan'ın tutsak olup oğlu uruz'un kurtardığı boy,boy,Salur Kazan,salur_kazan,kişi,Dönebilmez Dülerk Evren,donebilmez_dulerk_evren,kişi,kazan kazandı,belirsiz,olay,1,nötr,yönlü,açık_ilişki,kazan kazandı,kazan - dönebilmez dülerk evren (kazan kazandı),ham_okuma_notu; araştırmacı tarafından standartlaştırıldı,12_salur_kazanin_tutsak_olup_oglu_uruzun_kurtardigi_boy.csv
DKR0747,770.0,Salur Kazan'ın tutsak olup oğlu uruz'un kurtardığı boy,boy,Salur Kazan,salur_kazan,kişi,Dönebilmez Dülek Evren,donebilmez_dulek_evren,kişi,söyle beyine gelsin - er diledi,belirsiz,olay,1,nötr,yönlü,açık_ilişki,söyle beyine gelsin - er diledi,kazan - dönebilmez dülek evren (söyle beyine gelsin - er diledi),ham_okuma_notu; araştırmacı tarafından standartlaştırıldı,12_salur_kazanin_tutsak_olup_oglu_uruzun_kurtardigi_boy.csv
DKR0749,772.0,Salur Kazan'ın tutsak olup oğlu uruz'un kurtardığı boy,boy,Salur Kazan,salur_kazan,kişi,Düzen Oğlu Alp Rüstem,duzen_oglu_alp_rustem,kişi,adın nedir,diyalog_nötr,iletişim,2,nötr,yönlü,açık_ilişki,adın nedir,kazan - düzen oğlu alp rüstem (adın nedir),ham_okuma_notu; araştırmacı tarafından standartlaştırıldı,12_salur_kazanin_tutsak_olup_oglu_uruzun_kurtardigi_boy.csv
DKR0750,773.0,Salur Kazan'ın tutsak olup oğlu uruz'un kurtardığı boy,boy,Düzen Oğlu Alp Rüstem,duzen_oglu_alp_rustem,kişi,Salur Kazan,salur_kazan,kişi,alp rüstemdir adım,belirsiz,olay,1,nötr,yönlü,açık_ilişki,alp rüstemdir adım,düzen oğlu alp rüstem - kazan (alp rüstemdir adım),ham_okuma_notu; araştırmacı tarafından standartlaştırıldı,12_salur_kazanin_tutsak_olup_oglu_uruzun_kurtardigi_boy.csv
DKR0751,774.0,Salur Kazan'ın tutsak olup oğlu uruz'un kurtardığı boy,boy,Alp Rüstem,alp_rustem,kişi,Salur Kazan,salur_kazan,kişi,çatışma - kazanı alayım dedi alamadı,çatışma,çatışma,5,negatif,yönsüz,açık_ilişki,çatışma - kazanı alayım dedi alamadı,alp rüstem - kazan (çatışma - kazanı alayım dedi alamadı),ham_okuma_notu; araştırmacı tarafından standartlaştırıldı,12_salur_kazanin_tutsak_olup_oglu_uruzun_kurtardigi_boy.csv
DKR0752,775.0,Salur Kazan'ın tutsak olup oğlu uruz'un kurtardığı boy,boy,Salur Kazan,salur_kazan,kişi,Alp Rüstem,alp_rustem,kişi,kazan alp rüstemi yendi,belirsiz,olay,1,nötr,yönlü,açık_ilişki,kazan alp rüstemi yendi,kazan - alp rüstem (kazan alp rüstemi yendi),ham_okuma_notu; araştırmacı tarafından standartlaştırıldı,12_salur_kazanin_tutsak_olup_oglu_uruzun_kurtardigi_boy.csv
DKR0753,776.0,Salur Kazan'ın tutsak olup oğlu uruz'un kurtardığı boy,boy,Uruz,uruz,kişi,Salur Kazan,salur_kazan,kişi,çatışma,çatışma,çatışma,5,negatif,yönsüz,açık_ilişki,çatışma,uruz - kazan (çatışma),ham_okuma_notu; araştırmacı tarafından standartlaştırıldı,12_salur_kazanin_tutsak_olup_oglu_uruzun_kurtardigi_boy.csv
DKR0754,777.0,Salur Kazan'ın tutsak olup oğlu uruz'un kurtardığı boy,boy,Salur Kazan,salur_kazan,kişi,Uruz,uruz,kişi,ben senin babanım,belirsiz,olay,1,nötr,yönlü,açık_ilişki,ben senin babanım,kazan - uruz (ben senin babanım),ham_okuma_notu; araştırmacı tarafından standartlaştırıldı,12_salur_kazanin_tutsak_olup_oglu_uruzun_kurtardigi_boy.csv
DKR0755,778.0,Salur Kazan'ın tutsak olup oğlu uruz'un kurtardığı boy,boy,Uruz,uruz,kişi,Salur Kazan,salur_kazan,kişi,babasının elini öptü,akrabalık,akrabalık,5,pozitif,yönsüz,açık_ilişki,babasının elini öptü,uruz - kazan (babasının elini öptü),ham_okuma_notu; araştırmacı tarafından standartlaştırıldı,12_salur_kazanin_tutsak_olup_oglu_uruzun_kurtardigi_boy.csv
DKR0756,779.0,Salur Kazan'ın tutsak olup oğlu uruz'un kurtardığı boy,boy,Beyler (Uruz Kurtarma Boyu),beyler_uruz_kurtarma_boyu,grup,Salur Kazan,salur_kazan,kişi,beyler kazanın elini öpüp çevresini korudular,belirsiz,olay,1,nötr,yönlü,açık_ilişki,beyler kazanın elini öpüp çevresini korudular,beyler - kazan (beyler kazanın elini öpüp çevresini korudular),ham_okuma_notu; araştırmacı tarafından standartlaştırıldı,12_salur_kazanin_tutsak_olup_oglu_uruzun_kurtardigi_boy.csv
DKR0757,780.0,Salur Kazan'ın tutsak olup oğlu uruz'un kurtardığı boy,boy,Kazan ve Beyler,kazan_ve_beyler,grup,Kafirler (Uruz Kurtarma Boyu),kafirler_uruz_kurtarma_boyu,grup,kafirlere saldırdılar,çatışma,çatışma,5,negatif,yönsüz,açık_ilişki,kafirlere saldırdılar,kazan ve beyler - kafirler (kafirlere saldırdılar),ham_okuma_notu; araştırmacı tarafından standartlaştırıldı,12_salur_kazanin_tutsak_olup_oglu_uruzun_kurtardigi_boy.csv
DKR0764,789.0,İç Oğuz'a Dış Oğuz'un Asi Olup Beyrek'i Öldürdüğü,boy,Salur Kazan,salur_kazan,kişi,Kılbaş,kilbas,kişi,dış oğuz neden gelmedi,belirsiz,olay,1,nötr,yönlü,açık_ilişki,dış oğuz neden gelmedi,kazan - kılbaş (dış oğuz neden gelmedi),ham_okuma_notu; araştırmacı tarafından standartlaştırıldı,13_ic_oguza_dis_oguzun_asi_olup_beyreki_oldurdugu.csv
DKR0765,790.0,İç Oğuz'a Dış Oğuz'un Asi Olup Beyrek'i Öldürdüğü,boy,Kılbaş,kilbas,kişi,Salur Kazan,salur_kazan,kişi,evini dış oğuz olmadan yağmalattığın için gelmezler,belirsiz,olay,1,nötr,yönlü,açık_ilişki,evini dış oğuz olmadan yağmalattığın için gelmezler,kılbaş - kazan (evini dış oğuz olmadan yağmalattığın için gelmezler),ham_okuma_notu; araştırmacı tarafından standartlaştırıldı,13_ic_oguza_dis_oguzun_asi_olup_beyreki_oldurdugu.csv
DKR0766,791.0,İç Oğuz'a Dış Oğuz'un Asi Olup Beyrek'i Öldürdüğü,boy,Salur Kazan,salur_kazan,kişi,Kılbaş,kilbas,kişi,"adavet bağladırlar, öyle mi?",hareket/eylem,olay,2,nötr,yönlü,açık_ilişki,"adavet bağladırlar, öyle mi?","kazan - kılbaş (adavet bağladırlar, öyle mi?)",ham_okuma_notu; araştırmacı tarafından standartlaştırıldı,13_ic_oguza_dis_oguzun_asi_olup_beyreki_oldurdugu.csv
DKR0767,792.0,İç Oğuz'a Dış Oğuz'un Asi Olup Beyrek'i Öldürdüğü,boy,Kılbaş,kilbas,kişi,Salur Kazan,salur_kazan,kişi,"ben gideyim onların sana dostluğunu, düşmanlığını bildireyim",belirsiz,olay,1,nötr,yönlü,açık_ilişki,"ben gideyim onların sana dostluğunu, düşmanlığını bildireyim","kılbaş - kazan (ben gideyim onların sana dostluğunu, düşmanlığını bildireyim)",ham_okuma_notu; araştırmacı tarafından standartlaştırıldı,13_ic_oguza_dis_oguzun_asi_olup_beyreki_oldurdugu.csv
DKR0768,793.0,İç Oğuz'a Dış Oğuz'un Asi Olup Beyrek'i Öldürdüğü,boy,Salur Kazan,salur_kazan,kişi,Kılbaş,kilbas,kişi,sen bilirsin,belirsiz,olay,1,nötr,yönlü,açık_ilişki,sen bilirsin,kazan - kılbaş (sen bilirsin),ham_okuma_notu; araştırmacı tarafından standartlaştırıldı,13_ic_oguza_dis_oguzun_asi_olup_beyreki_oldurdugu.csv
DKR0772,797.0,İç Oğuz'a Dış Oğuz'un Asi Olup Beyrek'i Öldürdüğü,boy,Kılbaş,kilbas,kişi,Aruz,aruz,kişi,"kazan, dayım aruz bana yetişsin düşman geldi",belirsiz,olay,1,nötr,yönlü,açık_ilişki,"kazan, dayım aruz bana yetişsin düşman geldi","kılbaş - aruz (kazan, dayım aruz bana yetişsin düşman geldi)",ham_okuma_notu; araştırmacı tarafından standartlaştırıldı,13_ic_oguza_dis_oguzun_asi_olup_beyreki_oldurdugu.csv
DKR0773,798.0,İç Oğuz'a Dış Oğuz'un Asi Olup Beyrek'i Öldürdüğü,boy,Aruz,aruz,kişi,Kılbaş,kilbas,kişi,"kazan bizi neden yağmaya çağırmadı, biz kazan'a düşmanız",belirsiz,olay,1,nötr,yönlü,açık_ilişki,"kazan bizi neden yağmaya çağırmadı, biz kazan'a düşmanız","aruz - kılbaş (kazan bizi neden yağmaya çağırmadı, biz kazan'a düşmanız)",ham_okuma_notu; araştırmacı tarafından standartlaştırıldı,13_ic_oguza_dis_oguzun_asi_olup_beyreki_oldurdugu.csv
DKR0774,799.0,İç Oğuz'a Dış Oğuz'un Asi Olup Beyrek'i Öldürdüğü,boy,Kılbaş,kilbas,kişi,Aruz,aruz,kişi,"düşman üstümüze gelmemişti, ben senin dostluğunu düşmanlığını sınadım",belirsiz,olay,1,nötr,yönlü,açık_ilişki,"düşman üstümüze gelmemişti, ben senin dostluğunu düşmanlığını sınadım","kılbaş - aruz (düşman üstümüze gelmemişti, ben senin dostluğunu düşmanlığını sınadım)",ham_okuma_notu; araştırmacı tarafından standartlaştırıldı,13_ic_oguza_dis_oguzun_asi_olup_beyreki_oldurdugu.csv
DKR0775,800.0,İç Oğuz'a Dış Oğuz'un Asi Olup Beyrek'i Öldürdüğü,boy,Aruz,aruz,kişi,Saht Oldu,saht_oldu,kişi,,belirsiz,olay,1,nötr,yönlü,açık_ilişki,,aruz - saht oldu,ham_okuma_notu; araştırmacı tarafından standartlaştırıldı,13_ic_oguza_dis_oguzun_asi_olup_beyreki_oldurdugu.csv
DKR0776,801.0,İç Oğuz'a Dış Oğuz'un Asi Olup Beyrek'i Öldürdüğü,boy,Aruz,aruz,kişi,Dış Oğuz Beyleri,dis_oguz_beyleri,grup,"emir; emen, alp rüstem, döne bilmez dülek evren geri kalan tüm beyler gelsin",otorite/emir,otorite,3,nötr,yönlü,açık_ilişki,"emir; emen, alp rüstem, döne bilmez dülek evren geri kalan tüm beyler gelsin","aruz - dış oğuz beyleri (emir; emen, alp rüstem, döne bilmez dülek evren geri kalan tüm beyler gelsin)",ham_okuma_notu; araştırmacı tarafından standartlaştırıldı,13_ic_oguza_dis_oguzun_asi_olup_beyreki_oldurdugu.csv
DKR0777,802.0,İç Oğuz'a Dış Oğuz'un Asi Olup Beyrek'i Öldürdüğü,boy,Aruz,aruz,kişi,Dış Oğuz Beyleri,dis_oguz_beyleri,grup,toy verdi,tören/ritüel,olay,2,pozitif,yönlü,açık_ilişki,toy verdi,aruz - dış oğuz beyleri (toy verdi),ham_okuma_notu; araştırmacı tarafından standartlaştırıldı,13_ic_oguza_dis_oguzun_asi_olup_beyreki_oldurdugu.csv
DKR0778,803.0,İç Oğuz'a Dış Oğuz'un Asi Olup Beyrek'i Öldürdüğü,boy,Aruz,aruz,kişi,Dış Oğuz Beyleri,dis_oguz_beyleri,grup,yaşananları verdiği yanıtı anlattı,belirsiz,olay,1,nötr,yönlü,açık_ilişki,yaşananları verdiği yanıtı anlattı,aruz - dış oğuz beyleri (yaşananları verdiği yanıtı anlattı),ham_okuma_notu; araştırmacı tarafından standartlaştırıldı,13_ic_oguza_dis_oguzun_asi_olup_beyreki_oldurdugu.csv
DKR0779,804.0,İç Oğuz'a Dış Oğuz'un Asi Olup Beyrek'i Öldürdüğü,boy,Dış Oğuz Beyleri,dis_oguz_beyleri,grup,Aruz,aruz,kişi,sen kazana düşman olduysan biz de düşmanız,belirsiz,olay,1,nötr,yönlü,açık_ilişki,sen kazana düşman olduysan biz de düşmanız,dış oğuz beyleri - aruz (sen kazana düşman olduysan biz de düşmanız),ham_okuma_notu; araştırmacı tarafından standartlaştırıldı,13_ic_oguza_dis_oguzun_asi_olup_beyreki_oldurdugu.csv
DKR0780,805.0,İç Oğuz'a Dış Oğuz'un Asi Olup Beyrek'i Öldürdüğü,boy,Dış Oğuz Beyleri,dis_oguz_beyleri,grup,Aruz,aruz,kişi,kazana düşmanlık için mushafa el bastılar,destek/yardım,olay,4,pozitif,yönlü,açık_ilişki,kazana düşmanlık için mushafa el bastılar,dış oğuz beyleri - aruz (kazana düşmanlık için mushafa el bastılar),ham_okuma_notu; araştırmacı tarafından standartlaştırıldı,13_ic_oguza_dis_oguzun_asi_olup_beyreki_oldurdugu.csv
DKR0781,806.0,İç Oğuz'a Dış Oğuz'un Asi Olup Beyrek'i Öldürdüğü,boy,Dış Oğuz Beyleri,dis_oguz_beyleri,grup,Aruz,aruz,kişi,"beyrek bizden kız almıştır, güveyimizdir, gelsin bizi kazanla barıştırsın, eğer ikna olmazsa beyreği öldürelim; kazana bakarız",ikna/müzakere,iletişim,3,karışık,yönlü,açık_ilişki,"beyrek bizden kız almıştır, güveyimizdir, gelsin bizi kazanla barıştırsın, eğer ikna olmazsa beyreği öldürelim; kazana bakarız","dış oğuz beyleri - aruz (beyrek bizden kız almıştır, güveyimizdir, gelsin bizi kazanla barıştırsın, eğer ikna olmazsa beyreği öldürelim; kazana bakarız)",ham_okuma_notu; araştırmacı tarafından standartlaştırıldı,13_ic_oguza_dis_oguzun_asi_olup_beyreki_oldurdugu.csv
DKR0782,807.0,İç Oğuz'a Dış Oğuz'un Asi Olup Beyrek'i Öldürdüğü,boy,Aruz,aruz,kişi,Bamsı Beyrek,bamsi_beyrek,kişi,"beyreke adam gönderdi, kağıt geldi",belirsiz,olay,1,nötr,yönlü,açık_ilişki,"beyreke adam gönderdi, kağıt geldi","aruz - beyrek (beyreke adam gönderdi, kağıt geldi)",ham_okuma_notu; araştırmacı tarafından standartlaştırıldı,13_ic_oguza_dis_oguzun_asi_olup_beyreki_oldurdugu.csv
DKR0783,808.0,İç Oğuz'a Dış Oğuz'un Asi Olup Beyrek'i Öldürdüğü,boy,Aruzun Habercisi,aruzun_habercisi,kişi,Beyerek,beyerek,kişi,beyrek gelsin bizi kazanla barıştırsın diyor aruz,belirsiz,olay,1,nötr,yönlü,açık_ilişki,beyrek gelsin bizi kazanla barıştırsın diyor aruz,aruzun habercisi - beyerek (beyrek gelsin bizi kazanla barıştırsın diyor aruz),ham_okuma_notu; araştırmacı tarafından standartlaştırıldı,13_ic_oguza_dis_oguzun_asi_olup_beyreki_oldurdugu.csv
DKR0784,809.0,İç Oğuz'a Dış Oğuz'un Asi Olup Beyrek'i Öldürdüğü,boy,Bamsı Beyrek,bamsi_beyrek,kişi,Beyrek'in 40 Yiğidi,beyrekin_40_yigidi,grup,aruzun evine geldi,belirsiz,olay,1,nötr,yönlü,açık_ilişki,aruzun evine geldi,beyrek - beyrekin 40 yiğidi (aruzun evine geldi),ham_okuma_notu; araştırmacı tarafından standartlaştırıldı,13_ic_oguza_dis_oguzun_asi_olup_beyreki_oldurdugu.csv
DKR0785,810.0,İç Oğuz'a Dış Oğuz'un Asi Olup Beyrek'i Öldürdüğü,boy,Bamsı Beyrek,bamsi_beyrek,kişi,Dış Oğuz Beyleri,dis_oguz_beyleri,grup,dış oğuz beylerine selam verdi,belirsiz,olay,1,nötr,yönlü,açık_ilişki,dış oğuz beylerine selam verdi,beyrek - dış oğuz beyleri (dış oğuz beylerine selam verdi),ham_okuma_notu; araştırmacı tarafından standartlaştırıldı,13_ic_oguza_dis_oguzun_asi_olup_beyreki_oldurdugu.csv
DKR0786,811.0,İç Oğuz'a Dış Oğuz'un Asi Olup Beyrek'i Öldürdüğü,boy,Aruz,aruz,kişi,Bamsı Beyrek,bamsi_beyrek,kişi,biz seni neden çağırdık biliyor musun,belirsiz,olay,1,nötr,yönlü,açık_ilişki,biz seni neden çağırdık biliyor musun,aruz - beyrek (biz seni neden çağırdık biliyor musun),ham_okuma_notu; araştırmacı tarafından standartlaştırıldı,13_ic_oguza_dis_oguzun_asi_olup_beyreki_oldurdugu.csv
DKR0787,812.0,İç Oğuz'a Dış Oğuz'un Asi Olup Beyrek'i Öldürdüğü,boy,Bamsı Beyrek,bamsi_beyrek,kişi,Aruz,aruz,kişi,kırgınlığınızın sebebi nedir,belirsiz,olay,1,nötr,yönlü,açık_ilişki,kırgınlığınızın sebebi nedir,beyrek - aruz (kırgınlığınızın sebebi nedir),ham_okuma_notu; araştırmacı tarafından standartlaştırıldı,13_ic_oguza_dis_oguzun_asi_olup_beyreki_oldurdugu.csv
DKR0788,813.0,İç Oğuz'a Dış Oğuz'un Asi Olup Beyrek'i Öldürdüğü,boy,Aruz ve Dış Oğuz Beyleri,aruz_ve_dis_oguz_beyleri,grup,Bamsı Beyrek,bamsi_beyrek,kişi,mushaf getirip kazana asi ol,destek/yardım,olay,4,pozitif,yönlü,açık_ilişki,mushaf getirip kazana asi ol,aruz ve dış oğuz beyleri - beyrek (mushaf getirip kazana asi ol),ham_okuma_notu; araştırmacı tarafından standartlaştırıldı,13_ic_oguza_dis_oguzun_asi_olup_beyreki_oldurdugu.csv
DKR0789,814.0,İç Oğuz'a Dış Oğuz'un Asi Olup Beyrek'i Öldürdüğü,boy,Bamsı Beyrek,bamsi_beyrek,kişi,Aruz ve Dış Oğuz Beyleri,aruz_ve_dis_oguz_beyleri,grup,ben kazana asi olmam,belirsiz,olay,1,nötr,yönlü,açık_ilişki,ben kazana asi olmam,beyrek - aruz ve dış oğuz beyleri (ben kazana asi olmam),ham_okuma_notu; araştırmacı tarafından standartlaştırıldı,13_ic_oguza_dis_oguzun_asi_olup_beyreki_oldurdugu.csv
DKR0790,815.0,İç Oğuz'a Dış Oğuz'un Asi Olup Beyrek'i Öldürdüğü,boy,Aruz,aruz,kişi,Bamsı Beyrek,bamsi_beyrek,kişi,beyrekin sakalından yakadı; kılıcıyla sağ uyluğuna vurdu,belirsiz,olay,1,nötr,yönlü,açık_ilişki,beyrekin sakalından yakadı; kılıcıyla sağ uyluğuna vurdu,aruz - beyrek (beyrekin sakalından yakadı; kılıcıyla sağ uyluğuna vurdu),ham_okuma_notu; araştırmacı tarafından standartlaştırıldı,13_ic_oguza_dis_oguzun_asi_olup_beyreki_oldurdugu.csv
DKR0793,818.0,İç Oğuz'a Dış Oğuz'un Asi Olup Beyrek'i Öldürdüğü,boy,Bamsı Beyrek,bamsi_beyrek,kişi,Beyrek'in Adamları,beyrekin_adamlari,grup,kazana gidin dayın aruz beyreke kıydı kanını yerde koyma diyin,belirsiz,olay,1,nötr,yönlü,açık_ilişki,kazana gidin dayın aruz beyreke kıydı kanını yerde koyma diyin,beyrek - beyrekin adamları (kazana gidin dayın aruz beyreke kıydı kanını yerde koyma diyin),ham_okuma_notu; araştırmacı tarafından standartlaştırıldı,13_ic_oguza_dis_oguzun_asi_olup_beyreki_oldurdugu.csv
DKR0794,819.0,İç Oğuz'a Dış Oğuz'un Asi Olup Beyrek'i Öldürdüğü,boy,Basat,basat,kişi,Aruz,aruz,kişi,oğlu,akrabalık,akrabalık,5,pozitif,yönsüz,çıkarımsal_akrabalık,,aruz oğlu basat,ham_okuma_notu; araştırmacı tarafından standartlaştırıldı,13_ic_oguza_dis_oguzun_asi_olup_beyreki_oldurdugu.csv
DKR0796,821.0,İç Oğuz'a Dış Oğuz'un Asi Olup Beyrek'i Öldürdüğü,boy,Beyrek'in Anne Babası,beyrekin_anne_babasi,grup,Salur Kazan,salur_kazan,kişi,dış oğuz sana asi olmuş beyreki öldürdüler,belirsiz,olay,1,nötr,yönlü,açık_ilişki,dış oğuz sana asi olmuş beyreki öldürdüler,beyrekin anne babası - kazan (dış oğuz sana asi olmuş beyreki öldürdüler),ham_okuma_notu; araştırmacı tarafından standartlaştırıldı,13_ic_oguza_dis_oguzun_asi_olup_beyreki_oldurdugu.csv
DKR0799,824.0,İç Oğuz'a Dış Oğuz'un Asi Olup Beyrek'i Öldürdüğü,boy,Kazanın Kardeşi Kara Göne,kazanin_kardesi_kara_gone,kişi,Kılbaş,kilbas,kişi,kalk abim kazan gelsin,belirsiz,olay,1,nötr,yönlü,açık_ilişki,kalk abim kazan gelsin,kazanın kardeşi kara göne - kılbaş (kalk abim kazan gelsin),ham_okuma_notu; araştırmacı tarafından standartlaştırıldı,13_ic_oguza_dis_oguzun_asi_olup_beyreki_oldurdugu.csv
DKR0800,825.0,İç Oğuz'a Dış Oğuz'un Asi Olup Beyrek'i Öldürdüğü,boy,Kılbaş,kilbas,kişi,Kara Göne,kara_gone,kişi,sen kazanın kardeşisin sen git,akrabalık,akrabalık,5,pozitif,yönsüz,açık_ilişki,sen kazanın kardeşisin sen git,kılbaş - kara göne (sen kazanın kardeşisin sen git),ham_okuma_notu; araştırmacı tarafından standartlaştırıldı,13_ic_oguza_dis_oguzun_asi_olup_beyreki_oldurdugu.csv
DKR0801,826.0,İç Oğuz'a Dış Oğuz'un Asi Olup Beyrek'i Öldürdüğü,boy,Kılbaş ve Kara Göne,kilbas_ve_kara_gone,grup,Salur Kazan,salur_kazan,kişi,"selam verdiler, aramızdan bir yiğit ayrıldı; kanım alınsın diye vasiyet etmiş; ağlamakla nesne olmaz",belirsiz,olay,1,nötr,yönlü,açık_ilişki,"selam verdiler, aramızdan bir yiğit ayrıldı; kanım alınsın diye vasiyet etmiş; ağlamakla nesne olmaz","kılbaş ve kara göne - kazan (selam verdiler, aramızdan bir yiğit ayrıldı; kanım alınsın diye vasiyet etmiş; ağlamakla nesne olmaz)",ham_okuma_notu; araştırmacı tarafından standartlaştırıldı,13_ic_oguza_dis_oguzun_asi_olup_beyreki_oldurdugu.csv
DKR0802,827.0,İç Oğuz'a Dış Oğuz'un Asi Olup Beyrek'i Öldürdüğü,boy,Salur Kazan,salur_kazan,kişi,Kılbaş ve Kara Göne,kilbas_ve_kara_gone,grup,tez cephaneyi yüklesinler; tüm beyler hazırlansın,belirsiz,olay,1,nötr,yönlü,açık_ilişki,tez cephaneyi yüklesinler; tüm beyler hazırlansın,kazan - kılbaş ve kara göne (tez cephaneyi yüklesinler; tüm beyler hazırlansın),ham_okuma_notu; araştırmacı tarafından standartlaştırıldı,13_ic_oguza_dis_oguzun_asi_olup_beyreki_oldurdugu.csv
DKR0803,828.0,İç Oğuz'a Dış Oğuz'un Asi Olup Beyrek'i Öldürdüğü,boy,Salur Kazan,salur_kazan,kişi,İç Oğuz Beyleri,ic_oguz_beyleri,grup,kazan öncülüğünde yola koyuldu,belirsiz,olay,1,nötr,yönlü,açık_ilişki,kazan öncülüğünde yola koyuldu,kazan - iç oğuz beyleri (kazan öncülüğünde yola koyuldu),ham_okuma_notu; araştırmacı tarafından standartlaştırıldı; v3 bağlamsal standardizasyon; v3 bağlamsal standardizasyon,13_ic_oguza_dis_oguzun_asi_olup_beyreki_oldurdugu.csv
DKR0806,831.0,İç Oğuz'a Dış Oğuz'un Asi Olup Beyrek'i Öldürdüğü,boy,Aruz,aruz,kişi,Salur Kazan,salur_kazan,kişi,düşman,belirsiz,olay,1,nötr,yönlü,açık_ilişki,düşman,aruz - kazan (düşman),ham_okuma_notu; araştırmacı tarafından standartlaştırıldı,13_ic_oguza_dis_oguzun_asi_olup_beyreki_oldurdugu.csv
DKR0807,832.0,İç Oğuz'a Dış Oğuz'un Asi Olup Beyrek'i Öldürdüğü,boy,Emen,emen,kişi,Ters Uzamış,ters_uzamis,kişi,düşman,belirsiz,olay,1,nötr,yönlü,açık_ilişki,düşman,emen - ters uzamış (düşman),ham_okuma_notu; araştırmacı tarafından standartlaştırıldı,13_ic_oguza_dis_oguzun_asi_olup_beyreki_oldurdugu.csv
DKR0808,833.0,İç Oğuz'a Dış Oğuz'un Asi Olup Beyrek'i Öldürdüğü,boy,Alp Rüstem,alp_rustem,kişi,Ense Koca Oğlu Okçu,ense_koca_oglu_okcu,kişi,düşman,belirsiz,olay,1,nötr,yönlü,açık_ilişki,düşman,alp rüstem - ense koca oğlu okçu (düşman),ham_okuma_notu; araştırmacı tarafından standartlaştırıldı,13_ic_oguza_dis_oguzun_asi_olup_beyreki_oldurdugu.csv
DKR0809,834.0,İç Oğuz'a Dış Oğuz'un Asi Olup Beyrek'i Öldürdüğü,boy,Aruz,aruz,kişi,Salur Kazan,salur_kazan,kişi,çatışma,çatışma,çatışma,5,negatif,yönsüz,açık_ilişki,çatışma,aruz - kazan (çatışma),ham_okuma_notu; araştırmacı tarafından standartlaştırıldı,13_ic_oguza_dis_oguzun_asi_olup_beyreki_oldurdugu.csv
DKR0810,835.0,İç Oğuz'a Dış Oğuz'un Asi Olup Beyrek'i Öldürdüğü,boy,Kara Göne,kara_gone,kişi,Aruz,aruz,kişi,aruzu öldürdü,belirsiz,olay,1,nötr,yönlü,açık_ilişki,aruzu öldürdü,kara göne - aruz (aruzu öldürdü),ham_okuma_notu; araştırmacı tarafından standartlaştırıldı,13_ic_oguza_dis_oguzun_asi_olup_beyreki_oldurdugu.csv
DKR0811,836.0,İç Oğuz'a Dış Oğuz'un Asi Olup Beyrek'i Öldürdüğü,boy,Dış Oğuz Beyleri,dis_oguz_beyleri,grup,Salur Kazan,salur_kazan,kişi,af dilediler,destek/yardım,olay,4,pozitif,yönlü,açık_ilişki,af dilediler,dış oğuz beyleri - kazan (af dilediler),ham_okuma_notu; araştırmacı tarafından standartlaştırıldı,13_ic_oguza_dis_oguzun_asi_olup_beyreki_oldurdugu.csv
DKR0812,837.0,İç Oğuz'a Dış Oğuz'un Asi Olup Beyrek'i Öldürdüğü,boy,Salur Kazan,salur_kazan,kişi,Dış Oğuz Beyleri,dis_oguz_beyleri,grup,affetti,destek/yardım,olay,4,pozitif,yönlü,açık_ilişki,affetti,kazan - dış oğuz beyleri (affetti),ham_okuma_notu; araştırmacı tarafından standartlaştırıldı,13_ic_oguza_dis_oguzun_asi_olup_beyreki_oldurdugu.csv
DKR0816,1.0,13. Boy: Salur Kazan'ın Yedi Başlı Ejderhayı Öldürmesi,boy,Salur Kazan,salur_kazan,kişi,Bayındır Han,bayindir_han,kişi,vekili,kimlik/unvan,kimlik,2,pozitif,yönlü,açık_ilişki,Bayındır Padişah'ın vekili,Salur Kazan - Bayındır Padişah (vekili),ham_okuma_notu; araştırmacı tarafından standartlaştırıldı,14_salur_kazanin_yedi_basli_ejderhayi_oldurmesi_boyu.csv
DKR0817,2.0,13. Boy: Salur Kazan'ın Yedi Başlı Ejderhayı Öldürmesi,boy,Salur Kazan,salur_kazan,kişi,Türkistan,turkistan,yer/coğrafya,Türkistan'ın direği,coğrafi_epitet,mekân,4,pozitif,yönlü,epitet_aktarım,epitet,Salur Kazan - Türkistan (Türkistan'ın direği),ham_okuma_notu; araştırmacı tarafından standartlaştırıldı,14_salur_kazanin_yedi_basli_ejderhayi_oldurmesi_boyu.csv
DKR0818,3.0,13. Boy: Salur Kazan'ın Yedi Başlı Ejderhayı Öldürmesi,boy,Serhat Beylerinden Ulak,serhat_beylerinden_ulak,grup,Salur Kazan,salur_kazan,kişi,düşman haberi verdi,diyalog_nötr,iletişim,2,nötr,yönlü,açık_ilişki,on bin düşman üstüne geliyor,Serhat beylerinden ulak - Salur Kazan (düşman haberi),ham_okuma_notu; araştırmacı tarafından standartlaştırıldı,14_salur_kazanin_yedi_basli_ejderhayi_oldurmesi_boyu.csv
DKR0819,4.0,13. Boy: Salur Kazan'ın Yedi Başlı Ejderhayı Öldürmesi,boy,Salur Kazan,salur_kazan,kişi,Han Afşar,han_afsar,kişi,sağdan saldım,otorite/emir,otorite,3,pozitif,yönlü,açık_ilişki,komutan sevki,Salur Kazan - Han Afşar (sağdan saldım),ham_okuma_notu; araştırmacı tarafından standartlaştırıldı,14_salur_kazanin_yedi_basli_ejderhayi_oldurmesi_boyu.csv
DKR0820,5.0,13. Boy: Salur Kazan'ın Yedi Başlı Ejderhayı Öldürmesi,boy,Salur Kazan,salur_kazan,kişi,Kıyan Oğlu Deli Dündar,kiyan_oglu_deli_dundar,kişi,soldan saldım,otorite/emir,otorite,3,pozitif,yönlü,açık_ilişki,komutan sevki,Salur Kazan - Kıyan Oğlu Deli Dündar (soldan saldım),ham_okuma_notu; araştırmacı tarafından standartlaştırıldı,14_salur_kazanin_yedi_basli_ejderhayi_oldurmesi_boyu.csv
DKR0821,6.0,13. Boy: Salur Kazan'ın Yedi Başlı Ejderhayı Öldürmesi,boy,Salur Kazan,salur_kazan,kişi,İç Oğuz Beyleri,ic_oguz_beyleri,grup,sağdan saldım,otorite/emir,otorite,3,pozitif,yönlü,açık_ilişki,komuta ilişkisi,Salur Kazan - İç Oğuz beyleri (sağdan saldım),ham_okuma_notu; araştırmacı tarafından standartlaştırıldı,14_salur_kazanin_yedi_basli_ejderhayi_oldurmesi_boyu.csv
DKR0822,7.0,13. Boy: Salur Kazan'ın Yedi Başlı Ejderhayı Öldürmesi,boy,Salur Kazan,salur_kazan,kişi,Dış Oğuz Ağaları,dis_oguz_agalari,grup,soldan buyurdum,otorite/emir,otorite,3,pozitif,yönlü,açık_ilişki,komuta ilişkisi,Salur Kazan - Dış Oğuz ağaları (soldan buyurdum),ham_okuma_notu; araştırmacı tarafından standartlaştırıldı,14_salur_kazanin_yedi_basli_ejderhayi_oldurmesi_boyu.csv
DKR0823,8.0,13. Boy: Salur Kazan'ın Yedi Başlı Ejderhayı Öldürmesi,boy,Salur Kazan,salur_kazan,kişi,Yüz Bin Kâfir,yuz_bin_kafir,grup,savaş yaptı,çatışma,çatışma,5,negatif,yönsüz,açık_ilişki,yedi gün yedi gece savaş,Salur Kazan - yüz bin kâfir (savaş yaptı),ham_okuma_notu; araştırmacı tarafından standartlaştırıldı,14_salur_kazanin_yedi_basli_ejderhayi_oldurmesi_boyu.csv
DKR0824,9.0,13. Boy: Salur Kazan'ın Yedi Başlı Ejderhayı Öldürmesi,boy,Salur Kazan,salur_kazan,kişi,Baş Açık,bas_acik,kişi,esir aldı,çatışma,çatışma,5,negatif,yönsüz,açık_ilişki,esaret,Salur Kazan - Baş Açık (esir aldı),ham_okuma_notu; araştırmacı tarafından standartlaştırıldı,14_salur_kazanin_yedi_basli_ejderhayi_oldurmesi_boyu.csv
DKR0825,10.0,13. Boy: Salur Kazan'ın Yedi Başlı Ejderhayı Öldürmesi,boy,Salur Kazan,salur_kazan,kişi,Lala Kılbaş,lala_kilbas,kişi,daruga yaptı,otorite/emir,otorite,3,pozitif,yönlü,açık_ilişki,Akça Kale Sürmeli'de daruga ataması,Salur Kazan - Lala Kılbaş (daruga yaptı),ham_okuma_notu; araştırmacı tarafından standartlaştırıldı,14_salur_kazanin_yedi_basli_ejderhayi_oldurmesi_boyu.csv
DKR0826,11.0,13. Boy: Salur Kazan'ın Yedi Başlı Ejderhayı Öldürmesi,boy,Salur Kazan,salur_kazan,kişi,Altı Bey Oğlu,alti_bey_oglu,kişi,tuğra ve nekkare verip bey yaptı,ödül/değişim,otorite,3,pozitif,yönlü,açık_ilişki,yetki ve paye verme,Salur Kazan - altı bey oğlu (bey yaptı),ham_okuma_notu; araştırmacı tarafından standartlaştırıldı,14_salur_kazanin_yedi_basli_ejderhayi_oldurmesi_boyu.csv
DKR0827,12.0,13. Boy: Salur Kazan'ın Yedi Başlı Ejderhayı Öldürmesi,boy,Salur Kazan,salur_kazan,kişi,İç Oğuz Beyleri,ic_oguz_beyleri,grup,ava çıktı,hareket/eylem,olay,2,nötr,yönlü,açık_ilişki,beyleriyle ava gitmesi,Salur Kazan - beyleri (ava çıktı),ham_okuma_notu; araştırmacı tarafından standartlaştırıldı; v3 bağlamsal standardizasyon; v3 bağlamsal standardizasyon,14_salur_kazanin_yedi_basli_ejderhayi_oldurmesi_boyu.csv
DKR0828,13.0,13. Boy: Salur Kazan'ın Yedi Başlı Ejderhayı Öldürmesi,boy,Salur Kazan,salur_kazan,kişi,Kazanın Askerleri,kazanin_askerleri,grup,orduya geri dönün dedi,otorite/emir,otorite,3,pozitif,yönlü,açık_ilişki,yalnız avlanmak istedi,Salur Kazan - askerleri (orduya geri dönün),ham_okuma_notu; araştırmacı tarafından standartlaştırıldı; v3 bağlamsal standardizasyon; v3 bağlamsal standardizasyon,14_salur_kazanin_yedi_basli_ejderhayi_oldurmesi_boyu.csv
DKR0829,14.0,13. Boy: Salur Kazan'ın Yedi Başlı Ejderhayı Öldürmesi,boy,Lala Kılbaş,lala_kilbas,kişi,Salur Kazan,salur_kazan,kişi,ardınca gitti,destek/yardım,olay,4,pozitif,yönlü,açık_ilişki,yalnız bırakmadı,Lala Kılbaş - Salur Kazan (ardınca gitti),ham_okuma_notu; araştırmacı tarafından standartlaştırıldı,14_salur_kazanin_yedi_basli_ejderhayi_oldurmesi_boyu.csv
DKR0830,15.0,13. Boy: Salur Kazan'ın Yedi Başlı Ejderhayı Öldürmesi,boy,Salur Kazan,salur_kazan,kişi,Lala Kılbaş,lala_kilbas,kişi,fikrini sordu,diyalog_nötr,iletişim,2,nötr,yönlü,açık_ilişki,ejderha karşısında danışma,Salur Kazan - Lala Kılbaş (fikrini sordu),ham_okuma_notu; araştırmacı tarafından standartlaştırıldı,14_salur_kazanin_yedi_basli_ejderhayi_oldurmesi_boyu.csv
DKR0831,16.0,13. Boy: Salur Kazan'ın Yedi Başlı Ejderhayı Öldürmesi,boy,Lala Kılbaş,lala_kilbas,kişi,Salur Kazan,salur_kazan,kişi,üstüne varmasını öğütledi,ikna/müzakere,iletişim,3,pozitif,yönlü,açık_ilişki,ejderhadan kaçmamasını öğütledi,Lala Kılbaş - Salur Kazan (öğüt verdi),ham_okuma_notu; araştırmacı tarafından standartlaştırıldı,14_salur_kazanin_yedi_basli_ejderhayi_oldurmesi_boyu.csv
DKR0832,17.0,13. Boy: Salur Kazan'ın Yedi Başlı Ejderhayı Öldürmesi,boy,Salur Kazan,salur_kazan,kişi,Yedi Başlı Ejderha,yedi_basli_ejderha,mitolojik/ilahi,karşılaştı,gerilim,çatışma,4,negatif,yönsüz,açık_ilişki,ava çıkarken ejderhaya rastladı,Salur Kazan - Yedi Başlı Ejderha (karşılaşma),ham_okuma_notu; araştırmacı tarafından standartlaştırıldı,14_salur_kazanin_yedi_basli_ejderhayi_oldurmesi_boyu.csv
DKR0833,18.0,13. Boy: Salur Kazan'ın Yedi Başlı Ejderhayı Öldürmesi,boy,Yedi Başlı Ejderha,yedi_basli_ejderha,mitolojik/ilahi,Salur Kazan,salur_kazan,kişi,yutmaya çalıştı,çatışma,çatışma,5,negatif,yönsüz,açık_ilişki,nefesiyle sürükledi,Yedi Başlı Ejderha - Salur Kazan (yutmaya çalıştı),ham_okuma_notu; araştırmacı tarafından standartlaştırıldı,14_salur_kazanin_yedi_basli_ejderhayi_oldurmesi_boyu.csv
DKR0834,19.0,13. Boy: Salur Kazan'ın Yedi Başlı Ejderhayı Öldürmesi,boy,Salur Kazan,salur_kazan,kişi,Tanrı,tanri,mitolojik/ilahi,yakarış,ikna/müzakere,iletişim,3,pozitif,yönlü,açık_ilişki,kurtuluş yolu istedi,Salur Kazan - Allah Tanrı (dua/yakarış),ham_okuma_notu; araştırmacı tarafından standartlaştırıldı,14_salur_kazanin_yedi_basli_ejderhayi_oldurmesi_boyu.csv
DKR0835,20.0,13. Boy: Salur Kazan'ın Yedi Başlı Ejderhayı Öldürmesi,boy,Tanrı,tanri,mitolojik/ilahi,Salur Kazan,salur_kazan,kişi,kaya peyda etti,destek/yardım,olay,4,pozitif,yönlü,açık_ilişki,korunaklı kaya belirdi,Allah Tanrı - Salur Kazan (yardım),ham_okuma_notu; araştırmacı tarafından standartlaştırıldı,14_salur_kazanin_yedi_basli_ejderhayi_oldurmesi_boyu.csv
DKR0836,21.0,13. Boy: Salur Kazan'ın Yedi Başlı Ejderhayı Öldürmesi,boy,Salur Kazan,salur_kazan,kişi,Yedi Başlı Ejderha,yedi_basli_ejderha,mitolojik/ilahi,ok yağdırdı,çatışma,çatışma,5,negatif,yönsüz,açık_ilişki,seksen ok attı,Salur Kazan - Yedi Başlı Ejderha (ok yağdırdı),ham_okuma_notu; araştırmacı tarafından standartlaştırıldı,14_salur_kazanin_yedi_basli_ejderhayi_oldurmesi_boyu.csv
DKR0837,22.0,13. Boy: Salur Kazan'ın Yedi Başlı Ejderhayı Öldürmesi,boy,Salur Kazan,salur_kazan,kişi,Yedi Başlı Ejderha,yedi_basli_ejderha,mitolojik/ilahi,yedi başını kılıçla kesti,çatışma,çatışma,5,negatif,yönsüz,açık_ilişki,öldürdü,Salur Kazan - Yedi Başlı Ejderha (öldürdü),ham_okuma_notu; araştırmacı tarafından standartlaştırıldı,14_salur_kazanin_yedi_basli_ejderhayi_oldurmesi_boyu.csv
DKR0838,23.0,13. Boy: Salur Kazan'ın Yedi Başlı Ejderhayı Öldürmesi,boy,Lala Kılbaş,lala_kilbas,kişi,Salur Kazan,salur_kazan,kişi,erliğine yiğitliğine aferin dedi,diyalog_olumlu,iletişim,3,pozitif,yönlü,açık_ilişki,övgü,Lala Kılbaş - Salur Kazan (övgü),ham_okuma_notu; araştırmacı tarafından standartlaştırıldı,14_salur_kazanin_yedi_basli_ejderhayi_oldurmesi_boyu.csv
DKR0839,24.0,13. Boy: Salur Kazan'ın Yedi Başlı Ejderhayı Öldürmesi,boy,Salur Kazan,salur_kazan,kişi,Lala Kılbaş,lala_kilbas,kişi,senin verdiğin cesaret ve güç öldürdü dedi,diyalog_olumlu,iletişim,3,pozitif,yönlü,açık_ilişki,başarıyı Lala'ya pay etti,Salur Kazan - Lala Kılbaş (minnet/övgü),ham_okuma_notu; araştırmacı tarafından standartlaştırıldı,14_salur_kazanin_yedi_basli_ejderhayi_oldurmesi_boyu.csv
DKR0840,25.0,13. Boy: Salur Kazan'ın Yedi Başlı Ejderhayı Öldürmesi,boy,Salur Kazan,salur_kazan,kişi,Ustalar,ustalar,grup,ejderhanın derisini yüzdür dedi,otorite/emir,otorite,3,pozitif,yönlü,açık_ilişki,ustaları çağırttı,Salur Kazan - Ustalar (deriyi yüzdür),ham_okuma_notu; araştırmacı tarafından standartlaştırıldı,14_salur_kazanin_yedi_basli_ejderhayi_oldurmesi_boyu.csv
DKR0841,26.0,13. Boy: Salur Kazan'ın Yedi Başlı Ejderhayı Öldürmesi,boy,Lala Kılbaş,lala_kilbas,kişi,Ustalar,ustalar,grup,getirtip deriyi yüzdürdü,otorite/emir,otorite,3,pozitif,yönlü,açık_ilişki,uygulama,Lala Kılbaş - Ustalar (getirtip yüzdürdü),ham_okuma_notu; araştırmacı tarafından standartlaştırıldı,14_salur_kazanin_yedi_basli_ejderhayi_oldurmesi_boyu.csv
DKR0842,27.0,13. Boy: Salur Kazan'ın Yedi Başlı Ejderhayı Öldürmesi,boy,Kara Budak,kara_budak,kişi,Salur Kazan,salur_kazan,kişi,amcası,akrabalık,akrabalık,5,pozitif,yönsüz,çıkarımsal_akrabalık,amcasına seslendi,Kara Budak - Salur Kazan (amca),ham_okuma_notu; araştırmacı tarafından standartlaştırıldı,14_salur_kazanin_yedi_basli_ejderhayi_oldurmesi_boyu.csv
DKR0843,28.0,13. Boy: Salur Kazan'ın Yedi Başlı Ejderhayı Öldürmesi,boy,Bayındır Han,bayindir_han,kişi,Salur Kazan,salur_kazan,kişi,"benim vekilim, iyi yiğittir",diyalog_olumlu,iletişim,3,pozitif,yönlü,açık_ilişki,savunma ve güven beyanı,Bayındır Padişah - Salur Kazan (övgü/güven),ham_okuma_notu; araştırmacı tarafından standartlaştırıldı,14_salur_kazanin_yedi_basli_ejderhayi_oldurmesi_boyu.csv
DKR0844,29.0,13. Boy: Salur Kazan'ın Yedi Başlı Ejderhayı Öldürmesi,boy,Kara Budak,kara_budak,kişi,Salur Kazan,salur_kazan,kişi,söyleşmezsen öldürürüm dedi,gerilim,çatışma,4,negatif,yönsüz,açık_ilişki,kimlik sınaması,Kara Budak - Salur Kazan (meydan okuma),ham_okuma_notu; araştırmacı tarafından standartlaştırıldı,14_salur_kazanin_yedi_basli_ejderhayi_oldurmesi_boyu.csv
DKR0845,30.0,13. Boy: Salur Kazan'ın Yedi Başlı Ejderhayı Öldürmesi,boy,Salur Kazan,salur_kazan,kişi,Kara Budak,kara_budak,kişi,kılıcını beline bağladı,destek/yardım,olay,4,pozitif,yönlü,açık_ilişki,güven ve paye,Salur Kazan - Kara Budak (kılıç verdi),ham_okuma_notu; araştırmacı tarafından standartlaştırıldı,14_salur_kazanin_yedi_basli_ejderhayi_oldurmesi_boyu.csv
DKR0846,31.0,13. Boy: Salur Kazan'ın Yedi Başlı Ejderhayı Öldürmesi,boy,Kara Budak,kara_budak,kişi,Bayındır Han,bayindir_han,kişi,haber verdi,diyalog_nötr,iletişim,2,nötr,yönlü,açık_ilişki,Kazan ejderha öldürmüştür,Kara Budak - Bayındır Padişah (haber verdi),ham_okuma_notu; araştırmacı tarafından standartlaştırıldı,14_salur_kazanin_yedi_basli_ejderhayi_oldurmesi_boyu.csv
DKR0847,32.0,13. Boy: Salur Kazan'ın Yedi Başlı Ejderhayı Öldürmesi,boy,İç Oğuz,ic_oguz,grup,Salur Kazan,salur_kazan,kişi,karşıladı,diyalog_olumlu,iletişim,3,pozitif,yönlü,açık_ilişki,topluca karşılama,İç Oğuz - Salur Kazan (karşıladı),ham_okuma_notu; araştırmacı tarafından standartlaştırıldı; v3 bağlamsal standardizasyon; v3 bağlamsal standardizasyon,14_salur_kazanin_yedi_basli_ejderhayi_oldurmesi_boyu.csv
DKR0848,33.0,13. Boy: Salur Kazan'ın Yedi Başlı Ejderhayı Öldürmesi,boy,Dış Oğuz,dis_oguz,grup,Salur Kazan,salur_kazan,kişi,karşıladı,diyalog_olumlu,iletişim,3,pozitif,yönlü,açık_ilişki,topluca karşılama,Dış Oğuz - Salur Kazan (karşıladı),ham_okuma_notu; araştırmacı tarafından standartlaştırıldı,14_salur_kazanin_yedi_basli_ejderhayi_oldurmesi_boyu.csv
DKR0849,34.0,13. Boy: Salur Kazan'ın Yedi Başlı Ejderhayı Öldürmesi,boy,Salur Kazan,salur_kazan,kişi,Bayındır Han,bayindir_han,kişi,ayağına kapandı,otorite/emir,otorite,3,pozitif,yönlü,açık_ilişki,bağlılık gösterisi,Salur Kazan - Bayındır Padişah (ayağına kapandı),ham_okuma_notu; araştırmacı tarafından standartlaştırıldı,14_salur_kazanin_yedi_basli_ejderhayi_oldurmesi_boyu.csv
DKR0850,35.0,13. Boy: Salur Kazan'ın Yedi Başlı Ejderhayı Öldürmesi,boy,Salur Kazan,salur_kazan,kişi,Bayındır Han,bayindir_han,kişi,ejderha derisinden gölgelik dikti ve konuk etti,ödül/değişim,otorite,3,pozitif,yönlü,açık_ilişki,yedi gün yedi gece konuk etti,Salur Kazan - Bayındır Padişah (gölgelik/konukluk),ham_okuma_notu; araştırmacı tarafından standartlaştırıldı,14_salur_kazanin_yedi_basli_ejderhayi_oldurmesi_boyu.csv
DKR0851,36.0,13. Boy: Salur Kazan'ın Yedi Başlı Ejderhayı Öldürmesi,boy,Dede Korkut,dede_korkut,kişi,Salur Kazan,salur_kazan,kişi,koçak yiğit diye övdü,diyalog_olumlu,iletişim,3,pozitif,yönlü,açık_ilişki,son söz/övgü,Dede Korkut - Salur Kazan (övgü),ham_okuma_notu; araştırmacı tarafından standartlaştırıldı,14_salur_kazanin_yedi_basli_ejderhayi_oldurmesi_boyu.csv
