relation_id,source_file_final,source_file_story_level,source_row_in_story_level,source_row_status,transformation,extraction_method,validation_status,annotator,version
DKR0001,data/final/dede_korkut_kenarlar_temiz.csv,data/story_level/01_girizgah.csv,0,matched_unique,column rename + taxonomy family mapping (see src/build_canonical.py),açık_ilişki,ok,original repository coder (identity not recorded in source data),processed-v4-rebuild
DKR0003,data/final/dede_korkut_kenarlar_temiz.csv,data/story_level/02_dirse_han_oglu_bogac_han_boyu.csv,0,matched_unique,column rename + taxonomy family mapping (see src/build_canonical.py),çıkarımsal_akrabalık,ok,original repository coder (identity not recorded in source data),processed-v4-rebuild
DKR0006,data/final/dede_korkut_kenarlar_temiz.csv,data/story_level/02_dirse_han_oglu_bogac_han_boyu.csv,1,matched_unique,column rename + taxonomy family mapping (see src/build_canonical.py),açık_ilişki,ok,original repository coder (identity not recorded in source data),processed-v4-rebuild
DKR0007,data/final/dede_korkut_kenarlar_temiz.csv,data/story_level/02_dirse_han_oglu_bogac_han_boyu.csv,2,matched_unique,column rename + taxonomy family mapping (see src/build_canonical.py),açık_ilişki,ok,original repository coder (identity not recorded in source data),processed-v4-rebuild
DKR0008,data/final/dede_korkut_kenarlar_temiz.csv,data/story_level/02_dirse_han_oglu_bogac_han_boyu.csv,,matched_ambiguous,column rename + taxonomy family mapping (see src/build_canonical.py),açık_ilişki,ok,original repository coder (identity not recorded in source data),processed-v4-rebuild
DKR0013,data/final/dede_korkut_kenarlar_temiz.csv,data/story_level/02_dirse_han_oglu_bogac_han_boyu.csv,4,matched_unique,column rename + taxonomy family mapping (see src/build_canonical.py),çıkarımsal_akrabalık,ok,original repository coder (identity not recorded in source data),processed-v4-rebuild
DKR0016,data/final/dede_korkut_kenarlar_temiz.csv,data/story_level/02_dirse_han_oglu_bogac_han_boyu.csv,5,matched_unique,column rename + taxonomy family mapping (see src/build_canonical.py),açık_ilişki,ok,original repository coder (identity not recorded in source data),processed-v4-rebuild
DKR0017,data/final/dede_korkut_kenarlar_temiz.csv,data/story_level/02_dirse_han_oglu_bogac_han_boyu.csv,6,matched_unique,column rename + taxonomy family mapping (see src/build_canonical.py),açık_ilişki,ok,original repository coder (identity not recorded in source data),processed-v4-rebuild
DKR0018,data/final/dede_korkut_kenarlar_temiz.csv,data/story_level/02_dirse_han_oglu_bogac_han_boyu.csv,7,matched_unique,column rename + taxonomy family mapping (see src/build_canonical.py),açık_ilişki,ok,original repository coder (identity not recorded in source data),processed-v4-rebuild
DKR0019,data/final/dede_korkut_kenarlar_temiz.csv,data/story_level/02_dirse_han_oglu_bogac_han_boyu.csv,8,matched_unique,column rename + taxonomy family mapping (see src/build_canonical.py),açık_ilişki,ok,original repository coder (identity not recorded in source data),processed-v4-rebuild
DKR0020,data/final/dede_korkut_kenarlar_temiz.csv,data/story_level/02_dirse_han_oglu_bogac_han_boyu.csv,9,matched_unique,column rename + taxonomy family mapping (see src/build_canonical.py),açık_ilişki,ok,original repository coder (identity not recorded in source data),processed-v4-rebuild
DKR0021,data/final/dede_korkut_kenarlar_temiz.csv,data/story_level/02_dirse_han_oglu_bogac_han_boyu.csv,,matched_ambiguous,column rename + taxonomy family mapping (see src/build_canonical.py),açık_ilişki,ok,original repository coder (identity not recorded in source data),processed-v4-rebuild
DKR0022,data/final/dede_korkut_kenarlar_temiz.csv,data/story_level/02_dirse_han_oglu_bogac_han_boyu.csv,11,matched_unique,column rename + taxonomy family mapping (see src/build_canonical.py),açık_ilişki,ok,original repository coder (identity not recorded in source data),processed-v4-rebuild
DKR0023,data/final/dede_korkut_kenarlar_temiz.csv,data/story_level/02_dirse_han_oglu_bogac_han_boyu.csv,12,matched_unique,column rename + taxonomy family mapping (see src/build_canonical.py),açık_ilişki,ok,original repository coder (identity not recorded in source data),processed-v4-rebuild
DKR0024,data/final/dede_korkut_kenarlar_temiz.csv,data/story_level/02_dirse_han_oglu_bogac_han_boyu.csv,13,matched_unique,column rename + taxonomy family mapping (see src/build_canonical.py),açık_ilişki,ok,original repository coder (identity not recorded in source data),processed-v4-rebuild
DKR0026,data/final/dede_korkut_kenarlar_temiz.csv,data/story_level/02_dirse_han_oglu_bogac_han_boyu.csv,14,matched_unique,column rename + taxonomy family mapping (see src/build_canonical.py),açık_ilişki,ok,original repository coder (identity not recorded in source data),processed-v4-rebuild
DKR0027,data/final/dede_korkut_kenarlar_temiz.csv,data/story_level/02_dirse_han_oglu_bogac_han_boyu.csv,15,matched_unique,column rename + taxonomy family mapping (see src/build_canonical.py),açık_ilişki,ok,original repository coder (identity not recorded in source data),processed-v4-rebuild
DKR0028,data/final/dede_korkut_kenarlar_temiz.csv,data/story_level/02_dirse_han_oglu_bogac_han_boyu.csv,16,matched_unique,column rename + taxonomy family mapping (see src/build_canonical.py),açık_ilişki,ok,original repository coder (identity not recorded in source data),processed-v4-rebuild
DKR0030,data/final/dede_korkut_kenarlar_temiz.csv,data/story_level/02_dirse_han_oglu_bogac_han_boyu.csv,17,matched_unique,column rename + taxonomy family mapping (see src/build_canonical.py),açık_ilişki,ok,original repository coder (identity not recorded in source data),processed-v4-rebuild
DKR0031,data/final/dede_korkut_kenarlar_temiz.csv,data/story_level/02_dirse_han_oglu_bogac_han_boyu.csv,18,matched_unique,column rename + taxonomy family mapping (see src/build_canonical.py),açık_ilişki,ok,original repository coder (identity not recorded in source data),processed-v4-rebuild
DKR0032,data/final/dede_korkut_kenarlar_temiz.csv,data/story_level/02_dirse_han_oglu_bogac_han_boyu.csv,19,matched_unique,column rename + taxonomy family mapping (see src/build_canonical.py),açık_ilişki,ok,original repository coder (identity not recorded in source data),processed-v4-rebuild
DKR0033,data/final/dede_korkut_kenarlar_temiz.csv,data/story_level/02_dirse_han_oglu_bogac_han_boyu.csv,20,matched_unique,column rename + taxonomy family mapping (see src/build_canonical.py),açık_ilişki,ok,original repository coder (identity not recorded in source data),processed-v4-rebuild
DKR0034,data/final/dede_korkut_kenarlar_temiz.csv,data/story_level/02_dirse_han_oglu_bogac_han_boyu.csv,21,matched_unique,column rename + taxonomy family mapping (see src/build_canonical.py),açık_ilişki,ok,original repository coder (identity not recorded in source data),processed-v4-rebuild
DKR0035,data/final/dede_korkut_kenarlar_temiz.csv,data/story_level/02_dirse_han_oglu_bogac_han_boyu.csv,22,matched_unique,column rename + taxonomy family mapping (see src/build_canonical.py),açık_ilişki,ok,original repository coder (identity not recorded in source data),processed-v4-rebuild
DKR0037,data/final/dede_korkut_kenarlar_temiz.csv,data/story_level/03_salur_kazanin_evinin_yagmalandigi.csv,0,matched_unique,column rename + taxonomy family mapping (see src/build_canonical.py),çıkarımsal_akrabalık,ok,original repository coder (identity not recorded in source data),processed-v4-rebuild
DKR0039,data/final/dede_korkut_kenarlar_temiz.csv,data/story_level/03_salur_kazanin_evinin_yagmalandigi.csv,1,matched_unique,column rename + taxonomy family mapping (see src/build_canonical.py),çıkarımsal_akrabalık,ok,original repository coder (identity not recorded in source data),processed-v4-rebuild
DKR0041,data/final/dede_korkut_kenarlar_temiz.csv,data/story_level/03_salur_kazanin_evinin_yagmalandigi.csv,2,matched_unique,column rename + taxonomy family mapping (see src/build_canonical.py),açık_ilişki,ok,original repository coder (identity not recorded in source data),processed-v4-rebuild
DKR0043,data/final/dede_korkut_kenarlar_temiz.csv,data/story_level/03_salur_kazanin_evinin_yagmalandigi.csv,3,matched_unique,column rename + taxonomy family mapping (see src/build_canonical.py),açık_ilişki,ok,original repository coder (identity not recorded in source data),processed-v4-rebuild
DKR0045,data/final/dede_korkut_kenarlar_temiz.csv,data/story_level/03_salur_kazanin_evinin_yagmalandigi.csv,4,matched_unique,column rename + taxonomy family mapping (see src/build_canonical.py),açık_ilişki,ok,original repository coder (identity not recorded in source data),processed-v4-rebuild
DKR0046,data/final/dede_korkut_kenarlar_temiz.csv,data/story_level/03_salur_kazanin_evinin_yagmalandigi.csv,,matched_ambiguous,column rename + taxonomy family mapping (see src/build_canonical.py),çıkarımsal_akrabalık,ok,original repository coder (identity not recorded in source data),processed-v4-rebuild
DKR0047,data/final/dede_korkut_kenarlar_temiz.csv,data/story_level/03_salur_kazanin_evinin_yagmalandigi.csv,6,matched_unique,column rename + taxonomy family mapping (see src/build_canonical.py),açık_ilişki,ok,original repository coder (identity not recorded in source data),processed-v4-rebuild
DKR0052,data/final/dede_korkut_kenarlar_temiz.csv,data/story_level/03_salur_kazanin_evinin_yagmalandigi.csv,7,matched_unique,column rename + taxonomy family mapping (see src/build_canonical.py),açık_ilişki,ok,original repository coder (identity not recorded in source data),processed-v4-rebuild
DKR0053,data/final/dede_korkut_kenarlar_temiz.csv,data/story_level/03_salur_kazanin_evinin_yagmalandigi.csv,8,matched_unique,column rename + taxonomy family mapping (see src/build_canonical.py),açık_ilişki,ok,original repository coder (identity not recorded in source data),processed-v4-rebuild
DKR0054,data/final/dede_korkut_kenarlar_temiz.csv,data/story_level/03_salur_kazanin_evinin_yagmalandigi.csv,9,matched_unique,column rename + taxonomy family mapping (see src/build_canonical.py),açık_ilişki,ok,original repository coder (identity not recorded in source data),processed-v4-rebuild
DKR0056,data/final/dede_korkut_kenarlar_temiz.csv,data/story_level/03_salur_kazanin_evinin_yagmalandigi.csv,10,matched_unique,column rename + taxonomy family mapping (see src/build_canonical.py),açık_ilişki,ok,original repository coder (identity not recorded in source data),processed-v4-rebuild
DKR0057,data/final/dede_korkut_kenarlar_temiz.csv,data/story_level/03_salur_kazanin_evinin_yagmalandigi.csv,11,matched_unique,column rename + taxonomy family mapping (see src/build_canonical.py),açık_ilişki,ok,original repository coder (identity not recorded in source data),processed-v4-rebuild
DKR0058,data/final/dede_korkut_kenarlar_temiz.csv,data/story_level/03_salur_kazanin_evinin_yagmalandigi.csv,12,matched_unique,column rename + taxonomy family mapping (see src/build_canonical.py),açık_ilişki,ok,original repository coder (identity not recorded in source data),processed-v4-rebuild
DKR0059,data/final/dede_korkut_kenarlar_temiz.csv,data/story_level/03_salur_kazanin_evinin_yagmalandigi.csv,13,matched_unique,column rename + taxonomy family mapping (see src/build_canonical.py),açık_ilişki,ok,original repository coder (identity not recorded in source data),processed-v4-rebuild
DKR0060,data/final/dede_korkut_kenarlar_temiz.csv,data/story_level/03_salur_kazanin_evinin_yagmalandigi.csv,14,matched_unique,column rename + taxonomy family mapping (see src/build_canonical.py),açık_ilişki,ok,original repository coder (identity not recorded in source data),processed-v4-rebuild
DKR0061,data/final/dede_korkut_kenarlar_temiz.csv,data/story_level/03_salur_kazanin_evinin_yagmalandigi.csv,15,matched_unique,column rename + taxonomy family mapping (see src/build_canonical.py),açık_ilişki,ok,original repository coder (identity not recorded in source data),processed-v4-rebuild
DKR0062,data/final/dede_korkut_kenarlar_temiz.csv,data/story_level/03_salur_kazanin_evinin_yagmalandigi.csv,16,matched_unique,column rename + taxonomy family mapping (see src/build_canonical.py),açık_ilişki,ok,original repository coder (identity not recorded in source data),processed-v4-rebuild
DKR0063,data/final/dede_korkut_kenarlar_temiz.csv,data/story_level/03_salur_kazanin_evinin_yagmalandigi.csv,17,matched_unique,column rename + taxonomy family mapping (see src/build_canonical.py),açık_ilişki,ok,original repository coder (identity not recorded in source data),processed-v4-rebuild
DKR0064,data/final/dede_korkut_kenarlar_temiz.csv,data/story_level/03_salur_kazanin_evinin_yagmalandigi.csv,18,matched_unique,column rename + taxonomy family mapping (see src/build_canonical.py),açık_ilişki,ok,original repository coder (identity not recorded in source data),processed-v4-rebuild
DKR0065,data/final/dede_korkut_kenarlar_temiz.csv,data/story_level/03_salur_kazanin_evinin_yagmalandigi.csv,19,matched_unique,column rename + taxonomy family mapping (see src/build_canonical.py),açık_ilişki,ok,original repository coder (identity not recorded in source data),processed-v4-rebuild
DKR0066,data/final/dede_korkut_kenarlar_temiz.csv,data/story_level/03_salur_kazanin_evinin_yagmalandigi.csv,20,matched_unique,column rename + taxonomy family mapping (see src/build_canonical.py),açık_ilişki,ok,original repository coder (identity not recorded in source data),processed-v4-rebuild
DKR0067,data/final/dede_korkut_kenarlar_temiz.csv,data/story_level/03_salur_kazanin_evinin_yagmalandigi.csv,21,matched_unique,column rename + taxonomy family mapping (see src/build_canonical.py),açık_ilişki,ok,original repository coder (identity not recorded in source data),processed-v4-rebuild
DKR0068,data/final/dede_korkut_kenarlar_temiz.csv,data/story_level/03_salur_kazanin_evinin_yagmalandigi.csv,22,matched_unique,column rename + taxonomy family mapping (see src/build_canonical.py),açık_ilişki,ok,original repository coder (identity not recorded in source data),processed-v4-rebuild
DKR0069,data/final/dede_korkut_kenarlar_temiz.csv,data/story_level/03_salur_kazanin_evinin_yagmalandigi.csv,23,matched_unique,column rename + taxonomy family mapping (see src/build_canonical.py),açık_ilişki,ok,original repository coder (identity not recorded in source data),processed-v4-rebuild
DKR0070,data/final/dede_korkut_kenarlar_temiz.csv,data/story_level/03_salur_kazanin_evinin_yagmalandigi.csv,24,matched_unique,column rename + taxonomy family mapping (see src/build_canonical.py),açık_ilişki,ok,original repository coder (identity not recorded in source data),processed-v4-rebuild
DKR0071,data/final/dede_korkut_kenarlar_temiz.csv,data/story_level/03_salur_kazanin_evinin_yagmalandigi.csv,25,matched_unique,column rename + taxonomy family mapping (see src/build_canonical.py),açık_ilişki,ok,original repository coder (identity not recorded in source data),processed-v4-rebuild
DKR0072,data/final/dede_korkut_kenarlar_temiz.csv,data/story_level/03_salur_kazanin_evinin_yagmalandigi.csv,26,matched_unique,column rename + taxonomy family mapping (see src/build_canonical.py),açık_ilişki,ok,original repository coder (identity not recorded in source data),processed-v4-rebuild
DKR0073,data/final/dede_korkut_kenarlar_temiz.csv,data/story_level/03_salur_kazanin_evinin_yagmalandigi.csv,27,matched_unique,column rename + taxonomy family mapping (see src/build_canonical.py),açık_ilişki,ok,original repository coder (identity not recorded in source data),processed-v4-rebuild
DKR0074,data/final/dede_korkut_kenarlar_temiz.csv,data/story_level/03_salur_kazanin_evinin_yagmalandigi.csv,28,matched_unique,column rename + taxonomy family mapping (see src/build_canonical.py),açık_ilişki,ok,original repository coder (identity not recorded in source data),processed-v4-rebuild
DKR0075,data/final/dede_korkut_kenarlar_temiz.csv,data/story_level/03_salur_kazanin_evinin_yagmalandigi.csv,29,matched_unique,column rename + taxonomy family mapping (see src/build_canonical.py),açık_ilişki,ok,original repository coder (identity not recorded in source data),processed-v4-rebuild
DKR0076,data/final/dede_korkut_kenarlar_temiz.csv,data/story_level/03_salur_kazanin_evinin_yagmalandigi.csv,30,matched_unique,column rename + taxonomy family mapping (see src/build_canonical.py),açık_ilişki,ok,original repository coder (identity not recorded in source data),processed-v4-rebuild
DKR0077,data/final/dede_korkut_kenarlar_temiz.csv,data/story_level/03_salur_kazanin_evinin_yagmalandigi.csv,31,matched_unique,column rename + taxonomy family mapping (see src/build_canonical.py),açık_ilişki,ok,original repository coder (identity not recorded in source data),processed-v4-rebuild
DKR0079,data/final/dede_korkut_kenarlar_temiz.csv,data/story_level/03_salur_kazanin_evinin_yagmalandigi.csv,32,matched_unique,column rename + taxonomy family mapping (see src/build_canonical.py),açık_ilişki,ok,original repository coder (identity not recorded in source data),processed-v4-rebuild
DKR0080,data/final/dede_korkut_kenarlar_temiz.csv,data/story_level/03_salur_kazanin_evinin_yagmalandigi.csv,33,matched_unique,column rename + taxonomy family mapping (see src/build_canonical.py),açık_ilişki,ok,original repository coder (identity not recorded in source data),processed-v4-rebuild
DKR0081,data/final/dede_korkut_kenarlar_temiz.csv,data/story_level/03_salur_kazanin_evinin_yagmalandigi.csv,34,matched_unique,column rename + taxonomy family mapping (see src/build_canonical.py),açık_ilişki,ok,original repository coder (identity not recorded in source data),processed-v4-rebuild
DKR0083,data/final/dede_korkut_kenarlar_temiz.csv,data/story_level/03_salur_kazanin_evinin_yagmalandigi.csv,35,matched_unique,column rename + taxonomy family mapping (see src/build_canonical.py),açık_ilişki,ok,original repository coder (identity not recorded in source data),processed-v4-rebuild
DKR0085,data/final/dede_korkut_kenarlar_temiz.csv,data/story_level/03_salur_kazanin_evinin_yagmalandigi.csv,36,matched_unique,column rename + taxonomy family mapping (see src/build_canonical.py),açık_ilişki,ok,original repository coder (identity not recorded in source data),processed-v4-rebuild
DKR0086,data/final/dede_korkut_kenarlar_temiz.csv,data/story_level/03_salur_kazanin_evinin_yagmalandigi.csv,,matched_ambiguous,column rename + taxonomy family mapping (see src/build_canonical.py),çıkarımsal_akrabalık,ok,original repository coder (identity not recorded in source data),processed-v4-rebuild
DKR0087,data/final/dede_korkut_kenarlar_temiz.csv,data/story_level/03_salur_kazanin_evinin_yagmalandigi.csv,38,matched_unique,column rename + taxonomy family mapping (see src/build_canonical.py),açık_ilişki,ok,original repository coder (identity not recorded in source data),processed-v4-rebuild
DKR0088,data/final/dede_korkut_kenarlar_temiz.csv,data/story_level/03_salur_kazanin_evinin_yagmalandigi.csv,39,matched_unique,column rename + taxonomy family mapping (see src/build_canonical.py),açık_ilişki,ok,original repository coder (identity not recorded in source data),processed-v4-rebuild
DKR0093,data/final/dede_korkut_kenarlar_temiz.csv,data/story_level/03_salur_kazanin_evinin_yagmalandigi.csv,40,matched_unique,column rename + taxonomy family mapping (see src/build_canonical.py),çıkarımsal_akrabalık,ok,original repository coder (identity not recorded in source data),processed-v4-rebuild
DKR0094,data/final/dede_korkut_kenarlar_temiz.csv,data/story_level/03_salur_kazanin_evinin_yagmalandigi.csv,41,matched_unique,column rename + taxonomy family mapping (see src/build_canonical.py),açık_ilişki,ok,original repository coder (identity not recorded in source data),processed-v4-rebuild
DKR0095,data/final/dede_korkut_kenarlar_temiz.csv,data/story_level/03_salur_kazanin_evinin_yagmalandigi.csv,42,matched_unique,column rename + taxonomy family mapping (see src/build_canonical.py),açık_ilişki,ok,original repository coder (identity not recorded in source data),processed-v4-rebuild
DKR0096,data/final/dede_korkut_kenarlar_temiz.csv,data/story_level/03_salur_kazanin_evinin_yagmalandigi.csv,43,matched_unique,column rename + taxonomy family mapping (see src/build_canonical.py),açık_ilişki,ok,original repository coder (identity not recorded in source data),processed-v4-rebuild
DKR0097,data/final/dede_korkut_kenarlar_temiz.csv,data/story_level/03_salur_kazanin_evinin_yagmalandigi.csv,44,matched_unique,column rename + taxonomy family mapping (see src/build_canonical.py),açık_ilişki,ok,original repository coder (identity not recorded in source data),processed-v4-rebuild
DKR0098,data/final/dede_korkut_kenarlar_temiz.csv,data/story_level/03_salur_kazanin_evinin_yagmalandigi.csv,45,matched_unique,column rename + taxonomy family mapping (see src/build_canonical.py),açık_ilişki,ok,original repository coder (identity not recorded in source data),processed-v4-rebuild
DKR0099,data/final/dede_korkut_kenarlar_temiz.csv,data/story_level/03_salur_kazanin_evinin_yagmalandigi.csv,46,matched_unique,column rename + taxonomy family mapping (see src/build_canonical.py),açık_ilişki,ok,original repository coder (identity not recorded in source data),processed-v4-rebuild
DKR0100,data/final/dede_korkut_kenarlar_temiz.csv,data/story_level/03_salur_kazanin_evinin_yagmalandigi.csv,47,matched_unique,column rename + taxonomy family mapping (see src/build_canonical.py),açık_ilişki,ok,original repository coder (identity not recorded in source data),processed-v4-rebuild
DKR0101,data/final/dede_korkut_kenarlar_temiz.csv,data/story_level/03_salur_kazanin_evinin_yagmalandigi.csv,48,matched_unique,column rename + taxonomy family mapping (see src/build_canonical.py),açık_ilişki,ok,original repository coder (identity not recorded in source data),processed-v4-rebuild
DKR0814,data/final/dede_korkut_kenarlar_temiz.csv,data/story_level/03_salur_kazanin_evinin_yagmalandigi.csv,49,matched_unique,column rename + taxonomy family mapping (see src/build_canonical.py),manuel_turkistan_ekleme,ok,original repository coder (identity not recorded in source data),processed-v4-rebuild
DKR0815,data/final/dede_korkut_kenarlar_temiz.csv,data/story_level/03_salur_kazanin_evinin_yagmalandigi.csv,50,matched_unique,column rename + taxonomy family mapping (see src/build_canonical.py),manuel_turkistan_ekleme,ok,original repository coder (identity not recorded in source data),processed-v4-rebuild
DKR0104,data/final/dede_korkut_kenarlar_temiz.csv,data/story_level/04_kam_purenin_oglu_bamsi_beyrek_boyu.csv,0,matched_unique,column rename + taxonomy family mapping (see src/build_canonical.py),çıkarımsal_akrabalık,ok,original repository coder (identity not recorded in source data),processed-v4-rebuild
DKR0107,data/final/dede_korkut_kenarlar_temiz.csv,data/story_level/04_kam_purenin_oglu_bamsi_beyrek_boyu.csv,1,matched_unique,column rename + taxonomy family mapping (see src/build_canonical.py),açık_ilişki,ok,original repository coder (identity not recorded in source data),processed-v4-rebuild
DKR0110,data/final/dede_korkut_kenarlar_temiz.csv,data/story_level/04_kam_purenin_oglu_bamsi_beyrek_boyu.csv,2,matched_unique,column rename + taxonomy family mapping (see src/build_canonical.py),açık_ilişki,ok,original repository coder (identity not recorded in source data),processed-v4-rebuild
DKR0111,data/final/dede_korkut_kenarlar_temiz.csv,data/story_level/04_kam_purenin_oglu_bamsi_beyrek_boyu.csv,3,matched_unique,column rename + taxonomy family mapping (see src/build_canonical.py),açık_ilişki,ok,original repository coder (identity not recorded in source data),processed-v4-rebuild
DKR0112,data/final/dede_korkut_kenarlar_temiz.csv,data/story_level/04_kam_purenin_oglu_bamsi_beyrek_boyu.csv,,unmatched_provenance_gap,column rename + taxonomy family mapping (see src/build_canonical.py),açık_ilişki,ok,original repository coder (identity not recorded in source data),processed-v4-rebuild
DKR0114,data/final/dede_korkut_kenarlar_temiz.csv,data/story_level/04_kam_purenin_oglu_bamsi_beyrek_boyu.csv,5,matched_unique,column rename + taxonomy family mapping (see src/build_canonical.py),açık_ilişki,ok,original repository coder (identity not recorded in source data),processed-v4-rebuild
DKR0115,data/final/dede_korkut_kenarlar_temiz.csv,data/story_level/04_kam_purenin_oglu_bamsi_beyrek_boyu.csv,6,matched_unique,column rename + taxonomy family mapping (see src/build_canonical.py),açık_ilişki,ok,original repository coder (identity not recorded in source data),processed-v4-rebuild
DKR0116,data/final/dede_korkut_kenarlar_temiz.csv,data/story_level/04_kam_purenin_oglu_bamsi_beyrek_boyu.csv,7,matched_unique,column rename + taxonomy family mapping (see src/build_canonical.py),açık_ilişki,ok,original repository coder (identity not recorded in source data),processed-v4-rebuild
DKR0118,data/final/dede_korkut_kenarlar_temiz.csv,data/story_level/04_kam_purenin_oglu_bamsi_beyrek_boyu.csv,8,matched_unique,column rename + taxonomy family mapping (see src/build_canonical.py),açık_ilişki,ok,original repository coder (identity not recorded in source data),processed-v4-rebuild
DKR0119,data/final/dede_korkut_kenarlar_temiz.csv,data/story_level/04_kam_purenin_oglu_bamsi_beyrek_boyu.csv,9,matched_unique,column rename + taxonomy family mapping (see src/build_canonical.py),açık_ilişki,ok,original repository coder (identity not recorded in source data),processed-v4-rebuild
DKR0120,data/final/dede_korkut_kenarlar_temiz.csv,data/story_level/04_kam_purenin_oglu_bamsi_beyrek_boyu.csv,10,matched_unique,column rename + taxonomy family mapping (see src/build_canonical.py),açık_ilişki,ok,original repository coder (identity not recorded in source data),processed-v4-rebuild
DKR0123,data/final/dede_korkut_kenarlar_temiz.csv,data/story_level/04_kam_purenin_oglu_bamsi_beyrek_boyu.csv,12,matched_unique,column rename + taxonomy family mapping (see src/build_canonical.py),açık_ilişki,ok,original repository coder (identity not recorded in source data),processed-v4-rebuild
DKR0126,data/final/dede_korkut_kenarlar_temiz.csv,data/story_level/04_kam_purenin_oglu_bamsi_beyrek_boyu.csv,13,matched_unique,column rename + taxonomy family mapping (see src/build_canonical.py),açık_ilişki,ok,original repository coder (identity not recorded in source data),processed-v4-rebuild
DKR0128,data/final/dede_korkut_kenarlar_temiz.csv,data/story_level/04_kam_purenin_oglu_bamsi_beyrek_boyu.csv,14,matched_unique,column rename + taxonomy family mapping (see src/build_canonical.py),açık_ilişki,ok,original repository coder (identity not recorded in source data),processed-v4-rebuild
DKR0129,data/final/dede_korkut_kenarlar_temiz.csv,data/story_level/04_kam_purenin_oglu_bamsi_beyrek_boyu.csv,15,matched_unique,column rename + taxonomy family mapping (see src/build_canonical.py),açık_ilişki,ok,original repository coder (identity not recorded in source data),processed-v4-rebuild
DKR0130,data/final/dede_korkut_kenarlar_temiz.csv,data/story_level/04_kam_purenin_oglu_bamsi_beyrek_boyu.csv,16,matched_unique,column rename + taxonomy family mapping (see src/build_canonical.py),açık_ilişki,ok,original repository coder (identity not recorded in source data),processed-v4-rebuild
DKR0131,data/final/dede_korkut_kenarlar_temiz.csv,data/story_level/04_kam_purenin_oglu_bamsi_beyrek_boyu.csv,17,matched_unique,column rename + taxonomy family mapping (see src/build_canonical.py),açık_ilişki,ok,original repository coder (identity not recorded in source data),processed-v4-rebuild
DKR0132,data/final/dede_korkut_kenarlar_temiz.csv,data/story_level/04_kam_purenin_oglu_bamsi_beyrek_boyu.csv,18,matched_unique,column rename + taxonomy family mapping (see src/build_canonical.py),açık_ilişki,ok,original repository coder (identity not recorded in source data),processed-v4-rebuild
DKR0134,data/final/dede_korkut_kenarlar_temiz.csv,data/story_level/04_kam_purenin_oglu_bamsi_beyrek_boyu.csv,19,matched_unique,column rename + taxonomy family mapping (see src/build_canonical.py),açık_ilişki,ok,original repository coder (identity not recorded in source data),processed-v4-rebuild
DKR0135,data/final/dede_korkut_kenarlar_temiz.csv,data/story_level/04_kam_purenin_oglu_bamsi_beyrek_boyu.csv,20,matched_unique,column rename + taxonomy family mapping (see src/build_canonical.py),açık_ilişki,ok,original repository coder (identity not recorded in source data),processed-v4-rebuild
DKR0136,data/final/dede_korkut_kenarlar_temiz.csv,data/story_level/04_kam_purenin_oglu_bamsi_beyrek_boyu.csv,21,matched_unique,column rename + taxonomy family mapping (see src/build_canonical.py),açık_ilişki,ok,original repository coder (identity not recorded in source data),processed-v4-rebuild
DKR0137,data/final/dede_korkut_kenarlar_temiz.csv,data/story_level/04_kam_purenin_oglu_bamsi_beyrek_boyu.csv,22,matched_unique,column rename + taxonomy family mapping (see src/build_canonical.py),açık_ilişki,ok,original repository coder (identity not recorded in source data),processed-v4-rebuild
DKR0138,data/final/dede_korkut_kenarlar_temiz.csv,data/story_level/04_kam_purenin_oglu_bamsi_beyrek_boyu.csv,23,matched_unique,column rename + taxonomy family mapping (see src/build_canonical.py),açık_ilişki,ok,original repository coder (identity not recorded in source data),processed-v4-rebuild
DKR0139,data/final/dede_korkut_kenarlar_temiz.csv,data/story_level/04_kam_purenin_oglu_bamsi_beyrek_boyu.csv,24,matched_unique,column rename + taxonomy family mapping (see src/build_canonical.py),açık_ilişki,ok,original repository coder (identity not recorded in source data),processed-v4-rebuild
DKR0140,data/final/dede_korkut_kenarlar_temiz.csv,data/story_level/04_kam_purenin_oglu_bamsi_beyrek_boyu.csv,25,matched_unique,column rename + taxonomy family mapping (see src/build_canonical.py),açık_ilişki,ok,original repository coder (identity not recorded in source data),processed-v4-rebuild
DKR0141,data/final/dede_korkut_kenarlar_temiz.csv,data/story_level/04_kam_purenin_oglu_bamsi_beyrek_boyu.csv,26,matched_unique,column rename + taxonomy family mapping (see src/build_canonical.py),açık_ilişki,ok,original repository coder (identity not recorded in source data),processed-v4-rebuild
DKR0142,data/final/dede_korkut_kenarlar_temiz.csv,data/story_level/04_kam_purenin_oglu_bamsi_beyrek_boyu.csv,27,matched_unique,column rename + taxonomy family mapping (see src/build_canonical.py),açık_ilişki,ok,original repository coder (identity not recorded in source data),processed-v4-rebuild
DKR0143,data/final/dede_korkut_kenarlar_temiz.csv,data/story_level/04_kam_purenin_oglu_bamsi_beyrek_boyu.csv,28,matched_unique,column rename + taxonomy family mapping (see src/build_canonical.py),açık_ilişki,ok,original repository coder (identity not recorded in source data),processed-v4-rebuild
DKR0144,data/final/dede_korkut_kenarlar_temiz.csv,data/story_level/04_kam_purenin_oglu_bamsi_beyrek_boyu.csv,29,matched_unique,column rename + taxonomy family mapping (see src/build_canonical.py),açık_ilişki,ok,original repository coder (identity not recorded in source data),processed-v4-rebuild
DKR0145,data/final/dede_korkut_kenarlar_temiz.csv,data/story_level/04_kam_purenin_oglu_bamsi_beyrek_boyu.csv,30,matched_unique,column rename + taxonomy family mapping (see src/build_canonical.py),açık_ilişki,ok,original repository coder (identity not recorded in source data),processed-v4-rebuild
DKR0146,data/final/dede_korkut_kenarlar_temiz.csv,data/story_level/04_kam_purenin_oglu_bamsi_beyrek_boyu.csv,31,matched_unique,column rename + taxonomy family mapping (see src/build_canonical.py),açık_ilişki,ok,original repository coder (identity not recorded in source data),processed-v4-rebuild
DKR0147,data/final/dede_korkut_kenarlar_temiz.csv,data/story_level/04_kam_purenin_oglu_bamsi_beyrek_boyu.csv,32,matched_unique,column rename + taxonomy family mapping (see src/build_canonical.py),açık_ilişki,ok,original repository coder (identity not recorded in source data),processed-v4-rebuild
DKR0148,data/final/dede_korkut_kenarlar_temiz.csv,data/story_level/04_kam_purenin_oglu_bamsi_beyrek_boyu.csv,,unmatched_provenance_gap,column rename + taxonomy family mapping (see src/build_canonical.py),açık_ilişki,ok,original repository coder (identity not recorded in source data),processed-v4-rebuild
DKR0149,data/final/dede_korkut_kenarlar_temiz.csv,data/story_level/04_kam_purenin_oglu_bamsi_beyrek_boyu.csv,34,matched_unique,column rename + taxonomy family mapping (see src/build_canonical.py),açık_ilişki,ok,original repository coder (identity not recorded in source data),processed-v4-rebuild
DKR0150,data/final/dede_korkut_kenarlar_temiz.csv,data/story_level/04_kam_purenin_oglu_bamsi_beyrek_boyu.csv,35,matched_unique,column rename + taxonomy family mapping (see src/build_canonical.py),açık_ilişki,ok,original repository coder (identity not recorded in source data),processed-v4-rebuild
DKR0151,data/final/dede_korkut_kenarlar_temiz.csv,data/story_level/04_kam_purenin_oglu_bamsi_beyrek_boyu.csv,36,matched_unique,column rename + taxonomy family mapping (see src/build_canonical.py),açık_ilişki,ok,original repository coder (identity not recorded in source data),processed-v4-rebuild
DKR0156,data/final/dede_korkut_kenarlar_temiz.csv,data/story_level/04_kam_purenin_oglu_bamsi_beyrek_boyu.csv,37,matched_unique,column rename + taxonomy family mapping (see src/build_canonical.py),çıkarımsal_akrabalık,ok,original repository coder (identity not recorded in source data),processed-v4-rebuild
DKR0159,data/final/dede_korkut_kenarlar_temiz.csv,data/story_level/04_kam_purenin_oglu_bamsi_beyrek_boyu.csv,38,matched_unique,column rename + taxonomy family mapping (see src/build_canonical.py),açık_ilişki,ok,original repository coder (identity not recorded in source data),processed-v4-rebuild
DKR0160,data/final/dede_korkut_kenarlar_temiz.csv,data/story_level/04_kam_purenin_oglu_bamsi_beyrek_boyu.csv,,unmatched_provenance_gap,column rename + taxonomy family mapping (see src/build_canonical.py),açık_ilişki,ok,original repository coder (identity not recorded in source data),processed-v4-rebuild
DKR0161,data/final/dede_korkut_kenarlar_temiz.csv,data/story_level/04_kam_purenin_oglu_bamsi_beyrek_boyu.csv,,unmatched_provenance_gap,column rename + taxonomy family mapping (see src/build_canonical.py),açık_ilişki,ok,original repository coder (identity not recorded in source data),processed-v4-rebuild
DKR0163,data/final/dede_korkut_kenarlar_temiz.csv,data/story_level/04_kam_purenin_oglu_bamsi_beyrek_boyu.csv,41,matched_unique,column rename + taxonomy family mapping (see src/build_canonical.py),açık_ilişki,ok,original repository coder (identity not recorded in source data),processed-v4-rebuild
DKR0165,data/final/dede_korkut_kenarlar_temiz.csv,data/story_level/04_kam_purenin_oglu_bamsi_beyrek_boyu.csv,42,matched_unique,column rename + taxonomy family mapping (see src/build_canonical.py),açık_ilişki,ok,original repository coder (identity not recorded in source data),processed-v4-rebuild
DKR0166,data/final/dede_korkut_kenarlar_temiz.csv,data/story_level/04_kam_purenin_oglu_bamsi_beyrek_boyu.csv,,unmatched_provenance_gap,column rename + taxonomy family mapping (see src/build_canonical.py),açık_ilişki,ok,original repository coder (identity not recorded in source data),processed-v4-rebuild
DKR0168,data/final/dede_korkut_kenarlar_temiz.csv,data/story_level/04_kam_purenin_oglu_bamsi_beyrek_boyu.csv,45,matched_unique,column rename + taxonomy family mapping (see src/build_canonical.py),açık_ilişki,ok,original repository coder (identity not recorded in source data),processed-v4-rebuild
DKR0169,data/final/dede_korkut_kenarlar_temiz.csv,data/story_level/04_kam_purenin_oglu_bamsi_beyrek_boyu.csv,46,matched_unique,column rename + taxonomy family mapping (see src/build_canonical.py),açık_ilişki,ok,original repository coder (identity not recorded in source data),processed-v4-rebuild
DKR0170,data/final/dede_korkut_kenarlar_temiz.csv,data/story_level/04_kam_purenin_oglu_bamsi_beyrek_boyu.csv,47,matched_unique,column rename + taxonomy family mapping (see src/build_canonical.py),açık_ilişki,ok,original repository coder (identity not recorded in source data),processed-v4-rebuild
DKR0171,data/final/dede_korkut_kenarlar_temiz.csv,data/story_level/04_kam_purenin_oglu_bamsi_beyrek_boyu.csv,48,matched_unique,column rename + taxonomy family mapping (see src/build_canonical.py),açık_ilişki,ok,original repository coder (identity not recorded in source data),processed-v4-rebuild
DKR0172,data/final/dede_korkut_kenarlar_temiz.csv,data/story_level/04_kam_purenin_oglu_bamsi_beyrek_boyu.csv,49,matched_unique,column rename + taxonomy family mapping (see src/build_canonical.py),açık_ilişki,ok,original repository coder (identity not recorded in source data),processed-v4-rebuild
DKR0173,data/final/dede_korkut_kenarlar_temiz.csv,data/story_level/04_kam_purenin_oglu_bamsi_beyrek_boyu.csv,50,matched_unique,column rename + taxonomy family mapping (see src/build_canonical.py),açık_ilişki,ok,original repository coder (identity not recorded in source data),processed-v4-rebuild
DKR0174,data/final/dede_korkut_kenarlar_temiz.csv,data/story_level/04_kam_purenin_oglu_bamsi_beyrek_boyu.csv,51,matched_unique,column rename + taxonomy family mapping (see src/build_canonical.py),açık_ilişki,ok,original repository coder (identity not recorded in source data),processed-v4-rebuild
DKR0175,data/final/dede_korkut_kenarlar_temiz.csv,data/story_level/04_kam_purenin_oglu_bamsi_beyrek_boyu.csv,52,matched_unique,column rename + taxonomy family mapping (see src/build_canonical.py),açık_ilişki,ok,original repository coder (identity not recorded in source data),processed-v4-rebuild
DKR0176,data/final/dede_korkut_kenarlar_temiz.csv,data/story_level/04_kam_purenin_oglu_bamsi_beyrek_boyu.csv,53,matched_unique,column rename + taxonomy family mapping (see src/build_canonical.py),açık_ilişki,ok,original repository coder (identity not recorded in source data),processed-v4-rebuild
DKR0177,data/final/dede_korkut_kenarlar_temiz.csv,data/story_level/04_kam_purenin_oglu_bamsi_beyrek_boyu.csv,54,matched_unique,column rename + taxonomy family mapping (see src/build_canonical.py),açık_ilişki,ok,original repository coder (identity not recorded in source data),processed-v4-rebuild
DKR0178,data/final/dede_korkut_kenarlar_temiz.csv,data/story_level/04_kam_purenin_oglu_bamsi_beyrek_boyu.csv,55,matched_unique,column rename + taxonomy family mapping (see src/build_canonical.py),açık_ilişki,ok,original repository coder (identity not recorded in source data),processed-v4-rebuild
DKR0179,data/final/dede_korkut_kenarlar_temiz.csv,data/story_level/04_kam_purenin_oglu_bamsi_beyrek_boyu.csv,56,matched_unique,column rename + taxonomy family mapping (see src/build_canonical.py),açık_ilişki,ok,original repository coder (identity not recorded in source data),processed-v4-rebuild
DKR0181,data/final/dede_korkut_kenarlar_temiz.csv,data/story_level/04_kam_purenin_oglu_bamsi_beyrek_boyu.csv,57,matched_unique,column rename + taxonomy family mapping (see src/build_canonical.py),açık_ilişki,ok,original repository coder (identity not recorded in source data),processed-v4-rebuild
DKR0183,data/final/dede_korkut_kenarlar_temiz.csv,data/story_level/04_kam_purenin_oglu_bamsi_beyrek_boyu.csv,58,matched_unique,column rename + taxonomy family mapping (see src/build_canonical.py),çıkarımsal_akrabalık,ok,original repository coder (identity not recorded in source data),processed-v4-rebuild
DKR0184,data/final/dede_korkut_kenarlar_temiz.csv,data/story_level/04_kam_purenin_oglu_bamsi_beyrek_boyu.csv,59,matched_unique,column rename + taxonomy family mapping (see src/build_canonical.py),açık_ilişki,ok,original repository coder (identity not recorded in source data),processed-v4-rebuild
DKR0185,data/final/dede_korkut_kenarlar_temiz.csv,data/story_level/04_kam_purenin_oglu_bamsi_beyrek_boyu.csv,60,matched_unique,column rename + taxonomy family mapping (see src/build_canonical.py),açık_ilişki,ok,original repository coder (identity not recorded in source data),processed-v4-rebuild
DKR0186,data/final/dede_korkut_kenarlar_temiz.csv,data/story_level/04_kam_purenin_oglu_bamsi_beyrek_boyu.csv,61,matched_unique,column rename + taxonomy family mapping (see src/build_canonical.py),açık_ilişki,ok,original repository coder (identity not recorded in source data),processed-v4-rebuild
DKR0187,data/final/dede_korkut_kenarlar_temiz.csv,data/story_level/04_kam_purenin_oglu_bamsi_beyrek_boyu.csv,62,matched_unique,column rename + taxonomy family mapping (see src/build_canonical.py),açık_ilişki,ok,original repository coder (identity not recorded in source data),processed-v4-rebuild
DKR0188,data/final/dede_korkut_kenarlar_temiz.csv,data/story_level/04_kam_purenin_oglu_bamsi_beyrek_boyu.csv,63,matched_unique,column rename + taxonomy family mapping (see src/build_canonical.py),açık_ilişki,ok,original repository coder (identity not recorded in source data),processed-v4-rebuild
DKR0189,data/final/dede_korkut_kenarlar_temiz.csv,data/story_level/04_kam_purenin_oglu_bamsi_beyrek_boyu.csv,64,matched_unique,column rename + taxonomy family mapping (see src/build_canonical.py),açık_ilişki,ok,original repository coder (identity not recorded in source data),processed-v4-rebuild
DKR0190,data/final/dede_korkut_kenarlar_temiz.csv,data/story_level/04_kam_purenin_oglu_bamsi_beyrek_boyu.csv,65,matched_unique,column rename + taxonomy family mapping (see src/build_canonical.py),açık_ilişki,ok,original repository coder (identity not recorded in source data),processed-v4-rebuild
DKR0191,data/final/dede_korkut_kenarlar_temiz.csv,data/story_level/04_kam_purenin_oglu_bamsi_beyrek_boyu.csv,,unmatched_provenance_gap,column rename + taxonomy family mapping (see src/build_canonical.py),açık_ilişki,ok,original repository coder (identity not recorded in source data),processed-v4-rebuild
DKR0193,data/final/dede_korkut_kenarlar_temiz.csv,data/story_level/04_kam_purenin_oglu_bamsi_beyrek_boyu.csv,67,matched_unique,column rename + taxonomy family mapping (see src/build_canonical.py),açık_ilişki,ok,original repository coder (identity not recorded in source data),processed-v4-rebuild
DKR0196,data/final/dede_korkut_kenarlar_temiz.csv,data/story_level/04_kam_purenin_oglu_bamsi_beyrek_boyu.csv,68,matched_unique,column rename + taxonomy family mapping (see src/build_canonical.py),açık_ilişki,ok,original repository coder (identity not recorded in source data),processed-v4-rebuild
DKR0197,data/final/dede_korkut_kenarlar_temiz.csv,data/story_level/04_kam_purenin_oglu_bamsi_beyrek_boyu.csv,69,matched_unique,column rename + taxonomy family mapping (see src/build_canonical.py),açık_ilişki,ok,original repository coder (identity not recorded in source data),processed-v4-rebuild
DKR0198,data/final/dede_korkut_kenarlar_temiz.csv,data/story_level/04_kam_purenin_oglu_bamsi_beyrek_boyu.csv,70,matched_unique,column rename + taxonomy family mapping (see src/build_canonical.py),açık_ilişki,ok,original repository coder (identity not recorded in source data),processed-v4-rebuild
DKR0199,data/final/dede_korkut_kenarlar_temiz.csv,data/story_level/04_kam_purenin_oglu_bamsi_beyrek_boyu.csv,71,matched_unique,column rename + taxonomy family mapping (see src/build_canonical.py),açık_ilişki,ok,original repository coder (identity not recorded in source data),processed-v4-rebuild
DKR0200,data/final/dede_korkut_kenarlar_temiz.csv,data/story_level/04_kam_purenin_oglu_bamsi_beyrek_boyu.csv,72,matched_unique,column rename + taxonomy family mapping (see src/build_canonical.py),açık_ilişki,ok,original repository coder (identity not recorded in source data),processed-v4-rebuild
DKR0202,data/final/dede_korkut_kenarlar_temiz.csv,data/story_level/04_kam_purenin_oglu_bamsi_beyrek_boyu.csv,73,matched_unique,column rename + taxonomy family mapping (see src/build_canonical.py),açık_ilişki,ok,original repository coder (identity not recorded in source data),processed-v4-rebuild
DKR0203,data/final/dede_korkut_kenarlar_temiz.csv,data/story_level/04_kam_purenin_oglu_bamsi_beyrek_boyu.csv,74,matched_unique,column rename + taxonomy family mapping (see src/build_canonical.py),açık_ilişki,ok,original repository coder (identity not recorded in source data),processed-v4-rebuild
DKR0205,data/final/dede_korkut_kenarlar_temiz.csv,data/story_level/04_kam_purenin_oglu_bamsi_beyrek_boyu.csv,,unmatched_provenance_gap,column rename + taxonomy family mapping (see src/build_canonical.py),açık_ilişki,ok,original repository coder (identity not recorded in source data),processed-v4-rebuild
DKR0206,data/final/dede_korkut_kenarlar_temiz.csv,data/story_level/04_kam_purenin_oglu_bamsi_beyrek_boyu.csv,,unmatched_provenance_gap,column rename + taxonomy family mapping (see src/build_canonical.py),açık_ilişki,ok,original repository coder (identity not recorded in source data),processed-v4-rebuild
DKR0207,data/final/dede_korkut_kenarlar_temiz.csv,data/story_level/04_kam_purenin_oglu_bamsi_beyrek_boyu.csv,,unmatched_provenance_gap,column rename + taxonomy family mapping (see src/build_canonical.py),açık_ilişki,ok,original repository coder (identity not recorded in source data),processed-v4-rebuild
DKR0208,data/final/dede_korkut_kenarlar_temiz.csv,data/story_level/04_kam_purenin_oglu_bamsi_beyrek_boyu.csv,78,matched_unique,column rename + taxonomy family mapping (see src/build_canonical.py),açık_ilişki,ok,original repository coder (identity not recorded in source data),processed-v4-rebuild
DKR0209,data/final/dede_korkut_kenarlar_temiz.csv,data/story_level/04_kam_purenin_oglu_bamsi_beyrek_boyu.csv,79,matched_unique,column rename + taxonomy family mapping (see src/build_canonical.py),açık_ilişki,ok,original repository coder (identity not recorded in source data),processed-v4-rebuild
DKR0210,data/final/dede_korkut_kenarlar_temiz.csv,data/story_level/04_kam_purenin_oglu_bamsi_beyrek_boyu.csv,80,matched_unique,column rename + taxonomy family mapping (see src/build_canonical.py),açık_ilişki,ok,original repository coder (identity not recorded in source data),processed-v4-rebuild
DKR0211,data/final/dede_korkut_kenarlar_temiz.csv,data/story_level/04_kam_purenin_oglu_bamsi_beyrek_boyu.csv,81,matched_unique,column rename + taxonomy family mapping (see src/build_canonical.py),açık_ilişki,ok,original repository coder (identity not recorded in source data),processed-v4-rebuild
DKR0212,data/final/dede_korkut_kenarlar_temiz.csv,data/story_level/04_kam_purenin_oglu_bamsi_beyrek_boyu.csv,82,matched_unique,column rename + taxonomy family mapping (see src/build_canonical.py),açık_ilişki,ok,original repository coder (identity not recorded in source data),processed-v4-rebuild
DKR0213,data/final/dede_korkut_kenarlar_temiz.csv,data/story_level/04_kam_purenin_oglu_bamsi_beyrek_boyu.csv,83,matched_unique,column rename + taxonomy family mapping (see src/build_canonical.py),açık_ilişki,ok,original repository coder (identity not recorded in source data),processed-v4-rebuild
DKR0214,data/final/dede_korkut_kenarlar_temiz.csv,data/story_level/04_kam_purenin_oglu_bamsi_beyrek_boyu.csv,84,matched_unique,column rename + taxonomy family mapping (see src/build_canonical.py),açık_ilişki,ok,original repository coder (identity not recorded in source data),processed-v4-rebuild
DKR0215,data/final/dede_korkut_kenarlar_temiz.csv,data/story_level/04_kam_purenin_oglu_bamsi_beyrek_boyu.csv,85,matched_unique,column rename + taxonomy family mapping (see src/build_canonical.py),açık_ilişki,ok,original repository coder (identity not recorded in source data),processed-v4-rebuild
DKR0216,data/final/dede_korkut_kenarlar_temiz.csv,data/story_level/04_kam_purenin_oglu_bamsi_beyrek_boyu.csv,86,matched_unique,column rename + taxonomy family mapping (see src/build_canonical.py),açık_ilişki,ok,original repository coder (identity not recorded in source data),processed-v4-rebuild
DKR0218,data/final/dede_korkut_kenarlar_temiz.csv,data/story_level/04_kam_purenin_oglu_bamsi_beyrek_boyu.csv,87,matched_unique,column rename + taxonomy family mapping (see src/build_canonical.py),açık_ilişki,ok,original repository coder (identity not recorded in source data),processed-v4-rebuild
DKR0219,data/final/dede_korkut_kenarlar_temiz.csv,data/story_level/04_kam_purenin_oglu_bamsi_beyrek_boyu.csv,88,matched_unique,column rename + taxonomy family mapping (see src/build_canonical.py),açık_ilişki,ok,original repository coder (identity not recorded in source data),processed-v4-rebuild
DKR0220,data/final/dede_korkut_kenarlar_temiz.csv,data/story_level/04_kam_purenin_oglu_bamsi_beyrek_boyu.csv,89,matched_unique,column rename + taxonomy family mapping (see src/build_canonical.py),açık_ilişki,ok,original repository coder (identity not recorded in source data),processed-v4-rebuild
DKR0221,data/final/dede_korkut_kenarlar_temiz.csv,data/story_level/04_kam_purenin_oglu_bamsi_beyrek_boyu.csv,90,matched_unique,column rename + taxonomy family mapping (see src/build_canonical.py),açık_ilişki,ok,original repository coder (identity not recorded in source data),processed-v4-rebuild
DKR0222,data/final/dede_korkut_kenarlar_temiz.csv,data/story_level/04_kam_purenin_oglu_bamsi_beyrek_boyu.csv,91,matched_unique,column rename + taxonomy family mapping (see src/build_canonical.py),açık_ilişki,ok,original repository coder (identity not recorded in source data),processed-v4-rebuild
DKR0224,data/final/dede_korkut_kenarlar_temiz.csv,data/story_level/04_kam_purenin_oglu_bamsi_beyrek_boyu.csv,92,matched_unique,column rename + taxonomy family mapping (see src/build_canonical.py),açık_ilişki,ok,original repository coder (identity not recorded in source data),processed-v4-rebuild
DKR0225,data/final/dede_korkut_kenarlar_temiz.csv,data/story_level/04_kam_purenin_oglu_bamsi_beyrek_boyu.csv,93,matched_unique,column rename + taxonomy family mapping (see src/build_canonical.py),açık_ilişki,ok,original repository coder (identity not recorded in source data),processed-v4-rebuild
DKR0229,data/final/dede_korkut_kenarlar_temiz.csv,data/story_level/04_kam_purenin_oglu_bamsi_beyrek_boyu.csv,,unmatched_provenance_gap,column rename + taxonomy family mapping (see src/build_canonical.py),açık_ilişki,ok,original repository coder (identity not recorded in source data),processed-v4-rebuild
DKR0230,data/final/dede_korkut_kenarlar_temiz.csv,data/story_level/04_kam_purenin_oglu_bamsi_beyrek_boyu.csv,,unmatched_provenance_gap,column rename + taxonomy family mapping (see src/build_canonical.py),açık_ilişki,ok,original repository coder (identity not recorded in source data),processed-v4-rebuild
DKR0231,data/final/dede_korkut_kenarlar_temiz.csv,data/story_level/04_kam_purenin_oglu_bamsi_beyrek_boyu.csv,96,matched_unique,column rename + taxonomy family mapping (see src/build_canonical.py),açık_ilişki,ok,original repository coder (identity not recorded in source data),processed-v4-rebuild
DKR0232,data/final/dede_korkut_kenarlar_temiz.csv,data/story_level/04_kam_purenin_oglu_bamsi_beyrek_boyu.csv,97,matched_unique,column rename + taxonomy family mapping (see src/build_canonical.py),açık_ilişki,ok,original repository coder (identity not recorded in source data),processed-v4-rebuild
DKR0233,data/final/dede_korkut_kenarlar_temiz.csv,data/story_level/04_kam_purenin_oglu_bamsi_beyrek_boyu.csv,98,matched_unique,column rename + taxonomy family mapping (see src/build_canonical.py),açık_ilişki,ok,original repository coder (identity not recorded in source data),processed-v4-rebuild
DKR0235,data/final/dede_korkut_kenarlar_temiz.csv,data/story_level/04_kam_purenin_oglu_bamsi_beyrek_boyu.csv,99,matched_unique,column rename + taxonomy family mapping (see src/build_canonical.py),açık_ilişki,ok,original repository coder (identity not recorded in source data),processed-v4-rebuild
DKR0236,data/final/dede_korkut_kenarlar_temiz.csv,data/story_level/04_kam_purenin_oglu_bamsi_beyrek_boyu.csv,100,matched_unique,column rename + taxonomy family mapping (see src/build_canonical.py),açık_ilişki,ok,original repository coder (identity not recorded in source data),processed-v4-rebuild
DKR0237,data/final/dede_korkut_kenarlar_temiz.csv,data/story_level/04_kam_purenin_oglu_bamsi_beyrek_boyu.csv,101,matched_unique,column rename + taxonomy family mapping (see src/build_canonical.py),açık_ilişki,ok,original repository coder (identity not recorded in source data),processed-v4-rebuild
DKR0238,data/final/dede_korkut_kenarlar_temiz.csv,data/story_level/04_kam_purenin_oglu_bamsi_beyrek_boyu.csv,102,matched_unique,column rename + taxonomy family mapping (see src/build_canonical.py),açık_ilişki,ok,original repository coder (identity not recorded in source data),processed-v4-rebuild
DKR0239,data/final/dede_korkut_kenarlar_temiz.csv,data/story_level/04_kam_purenin_oglu_bamsi_beyrek_boyu.csv,103,matched_unique,column rename + taxonomy family mapping (see src/build_canonical.py),açık_ilişki,ok,original repository coder (identity not recorded in source data),processed-v4-rebuild
DKR0241,data/final/dede_korkut_kenarlar_temiz.csv,data/story_level/04_kam_purenin_oglu_bamsi_beyrek_boyu.csv,104,matched_unique,column rename + taxonomy family mapping (see src/build_canonical.py),açık_ilişki,ok,original repository coder (identity not recorded in source data),processed-v4-rebuild
DKR0242,data/final/dede_korkut_kenarlar_temiz.csv,data/story_level/04_kam_purenin_oglu_bamsi_beyrek_boyu.csv,105,matched_unique,column rename + taxonomy family mapping (see src/build_canonical.py),açık_ilişki,ok,original repository coder (identity not recorded in source data),processed-v4-rebuild
DKR0243,data/final/dede_korkut_kenarlar_temiz.csv,data/story_level/04_kam_purenin_oglu_bamsi_beyrek_boyu.csv,106,matched_unique,column rename + taxonomy family mapping (see src/build_canonical.py),açık_ilişki,ok,original repository coder (identity not recorded in source data),processed-v4-rebuild
DKR0244,data/final/dede_korkut_kenarlar_temiz.csv,data/story_level/04_kam_purenin_oglu_bamsi_beyrek_boyu.csv,107,matched_unique,column rename + taxonomy family mapping (see src/build_canonical.py),açık_ilişki,ok,original repository coder (identity not recorded in source data),processed-v4-rebuild
DKR0245,data/final/dede_korkut_kenarlar_temiz.csv,data/story_level/04_kam_purenin_oglu_bamsi_beyrek_boyu.csv,108,matched_unique,column rename + taxonomy family mapping (see src/build_canonical.py),açık_ilişki,ok,original repository coder (identity not recorded in source data),processed-v4-rebuild
DKR0249,data/final/dede_korkut_kenarlar_temiz.csv,data/story_level/05_kazan_bey_oglu_uruz_beyin_tutsak_oldugu_boy.csv,0,matched_unique,column rename + taxonomy family mapping (see src/build_canonical.py),çıkarımsal_akrabalık,ok,original repository coder (identity not recorded in source data),processed-v4-rebuild
DKR0250,data/final/dede_korkut_kenarlar_temiz.csv,data/story_level/05_kazan_bey_oglu_uruz_beyin_tutsak_oldugu_boy.csv,1,matched_unique,column rename + taxonomy family mapping (see src/build_canonical.py),açık_ilişki,ok,original repository coder (identity not recorded in source data),processed-v4-rebuild
DKR0254,data/final/dede_korkut_kenarlar_temiz.csv,data/story_level/05_kazan_bey_oglu_uruz_beyin_tutsak_oldugu_boy.csv,3,matched_unique,column rename + taxonomy family mapping (see src/build_canonical.py),açık_ilişki,ok,original repository coder (identity not recorded in source data),processed-v4-rebuild
DKR0255,data/final/dede_korkut_kenarlar_temiz.csv,data/story_level/05_kazan_bey_oglu_uruz_beyin_tutsak_oldugu_boy.csv,4,matched_unique,column rename + taxonomy family mapping (see src/build_canonical.py),açık_ilişki,ok,original repository coder (identity not recorded in source data),processed-v4-rebuild
DKR0256,data/final/dede_korkut_kenarlar_temiz.csv,data/story_level/05_kazan_bey_oglu_uruz_beyin_tutsak_oldugu_boy.csv,5,matched_unique,column rename + taxonomy family mapping (see src/build_canonical.py),açık_ilişki,ok,original repository coder (identity not recorded in source data),processed-v4-rebuild
DKR0257,data/final/dede_korkut_kenarlar_temiz.csv,data/story_level/05_kazan_bey_oglu_uruz_beyin_tutsak_oldugu_boy.csv,6,matched_unique,column rename + taxonomy family mapping (see src/build_canonical.py),açık_ilişki,ok,original repository coder (identity not recorded in source data),processed-v4-rebuild
DKR0258,data/final/dede_korkut_kenarlar_temiz.csv,data/story_level/05_kazan_bey_oglu_uruz_beyin_tutsak_oldugu_boy.csv,7,matched_unique,column rename + taxonomy family mapping (see src/build_canonical.py),açık_ilişki,ok,original repository coder (identity not recorded in source data),processed-v4-rebuild
DKR0259,data/final/dede_korkut_kenarlar_temiz.csv,data/story_level/05_kazan_bey_oglu_uruz_beyin_tutsak_oldugu_boy.csv,8,matched_unique,column rename + taxonomy family mapping (see src/build_canonical.py),açık_ilişki,ok,original repository coder (identity not recorded in source data),processed-v4-rebuild
DKR0260,data/final/dede_korkut_kenarlar_temiz.csv,data/story_level/05_kazan_bey_oglu_uruz_beyin_tutsak_oldugu_boy.csv,9,matched_unique,column rename + taxonomy family mapping (see src/build_canonical.py),açık_ilişki,ok,original repository coder (identity not recorded in source data),processed-v4-rebuild
DKR0261,data/final/dede_korkut_kenarlar_temiz.csv,data/story_level/05_kazan_bey_oglu_uruz_beyin_tutsak_oldugu_boy.csv,10,matched_unique,column rename + taxonomy family mapping (see src/build_canonical.py),açık_ilişki,ok,original repository coder (identity not recorded in source data),processed-v4-rebuild
DKR0262,data/final/dede_korkut_kenarlar_temiz.csv,data/story_level/05_kazan_bey_oglu_uruz_beyin_tutsak_oldugu_boy.csv,11,matched_unique,column rename + taxonomy family mapping (see src/build_canonical.py),açık_ilişki,ok,original repository coder (identity not recorded in source data),processed-v4-rebuild
DKR0263,data/final/dede_korkut_kenarlar_temiz.csv,data/story_level/05_kazan_bey_oglu_uruz_beyin_tutsak_oldugu_boy.csv,12,matched_unique,column rename + taxonomy family mapping (see src/build_canonical.py),açık_ilişki,ok,original repository coder (identity not recorded in source data),processed-v4-rebuild
DKR0265,data/final/dede_korkut_kenarlar_temiz.csv,data/story_level/05_kazan_bey_oglu_uruz_beyin_tutsak_oldugu_boy.csv,13,matched_unique,column rename + taxonomy family mapping (see src/build_canonical.py),açık_ilişki,ok,original repository coder (identity not recorded in source data),processed-v4-rebuild
DKR0266,data/final/dede_korkut_kenarlar_temiz.csv,data/story_level/05_kazan_bey_oglu_uruz_beyin_tutsak_oldugu_boy.csv,14,matched_unique,column rename + taxonomy family mapping (see src/build_canonical.py),açık_ilişki,ok,original repository coder (identity not recorded in source data),processed-v4-rebuild
DKR0268,data/final/dede_korkut_kenarlar_temiz.csv,data/story_level/05_kazan_bey_oglu_uruz_beyin_tutsak_oldugu_boy.csv,15,matched_unique,column rename + taxonomy family mapping (see src/build_canonical.py),açık_ilişki,ok,original repository coder (identity not recorded in source data),processed-v4-rebuild
DKR0269,data/final/dede_korkut_kenarlar_temiz.csv,data/story_level/05_kazan_bey_oglu_uruz_beyin_tutsak_oldugu_boy.csv,16,matched_unique,column rename + taxonomy family mapping (see src/build_canonical.py),açık_ilişki,ok,original repository coder (identity not recorded in source data),processed-v4-rebuild
DKR0270,data/final/dede_korkut_kenarlar_temiz.csv,data/story_level/05_kazan_bey_oglu_uruz_beyin_tutsak_oldugu_boy.csv,17,matched_unique,column rename + taxonomy family mapping (see src/build_canonical.py),açık_ilişki,ok,original repository coder (identity not recorded in source data),processed-v4-rebuild
DKR0271,data/final/dede_korkut_kenarlar_temiz.csv,data/story_level/05_kazan_bey_oglu_uruz_beyin_tutsak_oldugu_boy.csv,18,matched_unique,column rename + taxonomy family mapping (see src/build_canonical.py),açık_ilişki,ok,original repository coder (identity not recorded in source data),processed-v4-rebuild
DKR0272,data/final/dede_korkut_kenarlar_temiz.csv,data/story_level/05_kazan_bey_oglu_uruz_beyin_tutsak_oldugu_boy.csv,19,matched_unique,column rename + taxonomy family mapping (see src/build_canonical.py),açık_ilişki,ok,original repository coder (identity not recorded in source data),processed-v4-rebuild
DKR0273,data/final/dede_korkut_kenarlar_temiz.csv,data/story_level/05_kazan_bey_oglu_uruz_beyin_tutsak_oldugu_boy.csv,20,matched_unique,column rename + taxonomy family mapping (see src/build_canonical.py),açık_ilişki,ok,original repository coder (identity not recorded in source data),processed-v4-rebuild
DKR0274,data/final/dede_korkut_kenarlar_temiz.csv,data/story_level/05_kazan_bey_oglu_uruz_beyin_tutsak_oldugu_boy.csv,21,matched_unique,column rename + taxonomy family mapping (see src/build_canonical.py),açık_ilişki,ok,original repository coder (identity not recorded in source data),processed-v4-rebuild
DKR0275,data/final/dede_korkut_kenarlar_temiz.csv,data/story_level/05_kazan_bey_oglu_uruz_beyin_tutsak_oldugu_boy.csv,22,matched_unique,column rename + taxonomy family mapping (see src/build_canonical.py),açık_ilişki,ok,original repository coder (identity not recorded in source data),processed-v4-rebuild
DKR0276,data/final/dede_korkut_kenarlar_temiz.csv,data/story_level/05_kazan_bey_oglu_uruz_beyin_tutsak_oldugu_boy.csv,23,matched_unique,column rename + taxonomy family mapping (see src/build_canonical.py),açık_ilişki,ok,original repository coder (identity not recorded in source data),processed-v4-rebuild
DKR0278,data/final/dede_korkut_kenarlar_temiz.csv,data/story_level/05_kazan_bey_oglu_uruz_beyin_tutsak_oldugu_boy.csv,,unmatched_provenance_gap,column rename + taxonomy family mapping (see src/build_canonical.py),açık_ilişki,ok,original repository coder (identity not recorded in source data),processed-v4-rebuild
DKR0279,data/final/dede_korkut_kenarlar_temiz.csv,data/story_level/05_kazan_bey_oglu_uruz_beyin_tutsak_oldugu_boy.csv,,unmatched_provenance_gap,column rename + taxonomy family mapping (see src/build_canonical.py),açık_ilişki,ok,original repository coder (identity not recorded in source data),processed-v4-rebuild
DKR0280,data/final/dede_korkut_kenarlar_temiz.csv,data/story_level/05_kazan_bey_oglu_uruz_beyin_tutsak_oldugu_boy.csv,26,matched_unique,column rename + taxonomy family mapping (see src/build_canonical.py),açık_ilişki,ok,original repository coder (identity not recorded in source data),processed-v4-rebuild
DKR0282,data/final/dede_korkut_kenarlar_temiz.csv,data/story_level/05_kazan_bey_oglu_uruz_beyin_tutsak_oldugu_boy.csv,27,matched_unique,column rename + taxonomy family mapping (see src/build_canonical.py),açık_ilişki,ok,original repository coder (identity not recorded in source data),processed-v4-rebuild
DKR0283,data/final/dede_korkut_kenarlar_temiz.csv,data/story_level/05_kazan_bey_oglu_uruz_beyin_tutsak_oldugu_boy.csv,28,matched_unique,column rename + taxonomy family mapping (see src/build_canonical.py),açık_ilişki,ok,original repository coder (identity not recorded in source data),processed-v4-rebuild
DKR0284,data/final/dede_korkut_kenarlar_temiz.csv,data/story_level/05_kazan_bey_oglu_uruz_beyin_tutsak_oldugu_boy.csv,29,matched_unique,column rename + taxonomy family mapping (see src/build_canonical.py),açık_ilişki,ok,original repository coder (identity not recorded in source data),processed-v4-rebuild
DKR0285,data/final/dede_korkut_kenarlar_temiz.csv,data/story_level/05_kazan_bey_oglu_uruz_beyin_tutsak_oldugu_boy.csv,30,matched_unique,column rename + taxonomy family mapping (see src/build_canonical.py),açık_ilişki,ok,original repository coder (identity not recorded in source data),processed-v4-rebuild
DKR0286,data/final/dede_korkut_kenarlar_temiz.csv,data/story_level/05_kazan_bey_oglu_uruz_beyin_tutsak_oldugu_boy.csv,31,matched_unique,column rename + taxonomy family mapping (see src/build_canonical.py),açık_ilişki,ok,original repository coder (identity not recorded in source data),processed-v4-rebuild
DKR0287,data/final/dede_korkut_kenarlar_temiz.csv,data/story_level/05_kazan_bey_oglu_uruz_beyin_tutsak_oldugu_boy.csv,,unmatched_provenance_gap,column rename + taxonomy family mapping (see src/build_canonical.py),açık_ilişki,ok,original repository coder (identity not recorded in source data),processed-v4-rebuild
DKR0288,data/final/dede_korkut_kenarlar_temiz.csv,data/story_level/05_kazan_bey_oglu_uruz_beyin_tutsak_oldugu_boy.csv,,unmatched_provenance_gap,column rename + taxonomy family mapping (see src/build_canonical.py),açık_ilişki,ok,original repository coder (identity not recorded in source data),processed-v4-rebuild
DKR0289,data/final/dede_korkut_kenarlar_temiz.csv,data/story_level/05_kazan_bey_oglu_uruz_beyin_tutsak_oldugu_boy.csv,34,matched_unique,column rename + taxonomy family mapping (see src/build_canonical.py),açık_ilişki,ok,original repository coder (identity not recorded in source data),processed-v4-rebuild
DKR0290,data/final/dede_korkut_kenarlar_temiz.csv,data/story_level/05_kazan_bey_oglu_uruz_beyin_tutsak_oldugu_boy.csv,35,matched_unique,column rename + taxonomy family mapping (see src/build_canonical.py),açık_ilişki,ok,original repository coder (identity not recorded in source data),processed-v4-rebuild
DKR0291,data/final/dede_korkut_kenarlar_temiz.csv,data/story_level/05_kazan_bey_oglu_uruz_beyin_tutsak_oldugu_boy.csv,36,matched_unique,column rename + taxonomy family mapping (see src/build_canonical.py),açık_ilişki,ok,original repository coder (identity not recorded in source data),processed-v4-rebuild
DKR0292,data/final/dede_korkut_kenarlar_temiz.csv,data/story_level/05_kazan_bey_oglu_uruz_beyin_tutsak_oldugu_boy.csv,37,matched_unique,column rename + taxonomy family mapping (see src/build_canonical.py),açık_ilişki,ok,original repository coder (identity not recorded in source data),processed-v4-rebuild
DKR0293,data/final/dede_korkut_kenarlar_temiz.csv,data/story_level/05_kazan_bey_oglu_uruz_beyin_tutsak_oldugu_boy.csv,38,matched_unique,column rename + taxonomy family mapping (see src/build_canonical.py),açık_ilişki,ok,original repository coder (identity not recorded in source data),processed-v4-rebuild
DKR0294,data/final/dede_korkut_kenarlar_temiz.csv,data/story_level/05_kazan_bey_oglu_uruz_beyin_tutsak_oldugu_boy.csv,39,matched_unique,column rename + taxonomy family mapping (see src/build_canonical.py),açık_ilişki,ok,original repository coder (identity not recorded in source data),processed-v4-rebuild
DKR0295,data/final/dede_korkut_kenarlar_temiz.csv,data/story_level/05_kazan_bey_oglu_uruz_beyin_tutsak_oldugu_boy.csv,40,matched_unique,column rename + taxonomy family mapping (see src/build_canonical.py),açık_ilişki,ok,original repository coder (identity not recorded in source data),processed-v4-rebuild
DKR0298,data/final/dede_korkut_kenarlar_temiz.csv,data/story_level/06_duha_koca_oglu_deli_dumrul.csv,0,matched_unique,column rename + taxonomy family mapping (see src/build_canonical.py),çıkarımsal_akrabalık,ok,original repository coder (identity not recorded in source data),processed-v4-rebuild
DKR0300,data/final/dede_korkut_kenarlar_temiz.csv,data/story_level/06_duha_koca_oglu_deli_dumrul.csv,1,matched_unique,column rename + taxonomy family mapping (see src/build_canonical.py),açık_ilişki,ok,original repository coder (identity not recorded in source data),processed-v4-rebuild
DKR0302,data/final/dede_korkut_kenarlar_temiz.csv,data/story_level/06_duha_koca_oglu_deli_dumrul.csv,2,matched_unique,column rename + taxonomy family mapping (see src/build_canonical.py),açık_ilişki,ok,original repository coder (identity not recorded in source data),processed-v4-rebuild
DKR0303,data/final/dede_korkut_kenarlar_temiz.csv,data/story_level/06_duha_koca_oglu_deli_dumrul.csv,3,matched_unique,column rename + taxonomy family mapping (see src/build_canonical.py),açık_ilişki,ok,original repository coder (identity not recorded in source data),processed-v4-rebuild
DKR0304,data/final/dede_korkut_kenarlar_temiz.csv,data/story_level/06_duha_koca_oglu_deli_dumrul.csv,4,matched_unique,column rename + taxonomy family mapping (see src/build_canonical.py),açık_ilişki,ok,original repository coder (identity not recorded in source data),processed-v4-rebuild
DKR0305,data/final/dede_korkut_kenarlar_temiz.csv,data/story_level/06_duha_koca_oglu_deli_dumrul.csv,5,matched_unique,column rename + taxonomy family mapping (see src/build_canonical.py),açık_ilişki,ok,original repository coder (identity not recorded in source data),processed-v4-rebuild
DKR0306,data/final/dede_korkut_kenarlar_temiz.csv,data/story_level/06_duha_koca_oglu_deli_dumrul.csv,6,matched_unique,column rename + taxonomy family mapping (see src/build_canonical.py),açık_ilişki,ok,original repository coder (identity not recorded in source data),processed-v4-rebuild
DKR0307,data/final/dede_korkut_kenarlar_temiz.csv,data/story_level/06_duha_koca_oglu_deli_dumrul.csv,7,matched_unique,column rename + taxonomy family mapping (see src/build_canonical.py),açık_ilişki,ok,original repository coder (identity not recorded in source data),processed-v4-rebuild
DKR0308,data/final/dede_korkut_kenarlar_temiz.csv,data/story_level/06_duha_koca_oglu_deli_dumrul.csv,8,matched_unique,column rename + taxonomy family mapping (see src/build_canonical.py),açık_ilişki,ok,original repository coder (identity not recorded in source data),processed-v4-rebuild
DKR0309,data/final/dede_korkut_kenarlar_temiz.csv,data/story_level/06_duha_koca_oglu_deli_dumrul.csv,9,matched_unique,column rename + taxonomy family mapping (see src/build_canonical.py),açık_ilişki,ok,original repository coder (identity not recorded in source data),processed-v4-rebuild
DKR0310,data/final/dede_korkut_kenarlar_temiz.csv,data/story_level/06_duha_koca_oglu_deli_dumrul.csv,10,matched_unique,column rename + taxonomy family mapping (see src/build_canonical.py),açık_ilişki,ok,original repository coder (identity not recorded in source data),processed-v4-rebuild
DKR0311,data/final/dede_korkut_kenarlar_temiz.csv,data/story_level/06_duha_koca_oglu_deli_dumrul.csv,11,matched_unique,column rename + taxonomy family mapping (see src/build_canonical.py),açık_ilişki,ok,original repository coder (identity not recorded in source data),processed-v4-rebuild
DKR0312,data/final/dede_korkut_kenarlar_temiz.csv,data/story_level/06_duha_koca_oglu_deli_dumrul.csv,12,matched_unique,column rename + taxonomy family mapping (see src/build_canonical.py),açık_ilişki,ok,original repository coder (identity not recorded in source data),processed-v4-rebuild
DKR0313,data/final/dede_korkut_kenarlar_temiz.csv,data/story_level/06_duha_koca_oglu_deli_dumrul.csv,13,matched_unique,column rename + taxonomy family mapping (see src/build_canonical.py),açık_ilişki,ok,original repository coder (identity not recorded in source data),processed-v4-rebuild
DKR0314,data/final/dede_korkut_kenarlar_temiz.csv,data/story_level/06_duha_koca_oglu_deli_dumrul.csv,14,matched_unique,column rename + taxonomy family mapping (see src/build_canonical.py),açık_ilişki,ok,original repository coder (identity not recorded in source data),processed-v4-rebuild
DKR0315,data/final/dede_korkut_kenarlar_temiz.csv,data/story_level/06_duha_koca_oglu_deli_dumrul.csv,15,matched_unique,column rename + taxonomy family mapping (see src/build_canonical.py),açık_ilişki,ok,original repository coder (identity not recorded in source data),processed-v4-rebuild
DKR0316,data/final/dede_korkut_kenarlar_temiz.csv,data/story_level/06_duha_koca_oglu_deli_dumrul.csv,16,matched_unique,column rename + taxonomy family mapping (see src/build_canonical.py),açık_ilişki,ok,original repository coder (identity not recorded in source data),processed-v4-rebuild
DKR0317,data/final/dede_korkut_kenarlar_temiz.csv,data/story_level/06_duha_koca_oglu_deli_dumrul.csv,17,matched_unique,column rename + taxonomy family mapping (see src/build_canonical.py),açık_ilişki,ok,original repository coder (identity not recorded in source data),processed-v4-rebuild
DKR0318,data/final/dede_korkut_kenarlar_temiz.csv,data/story_level/06_duha_koca_oglu_deli_dumrul.csv,18,matched_unique,column rename + taxonomy family mapping (see src/build_canonical.py),açık_ilişki,ok,original repository coder (identity not recorded in source data),processed-v4-rebuild
DKR0319,data/final/dede_korkut_kenarlar_temiz.csv,data/story_level/06_duha_koca_oglu_deli_dumrul.csv,19,matched_unique,column rename + taxonomy family mapping (see src/build_canonical.py),açık_ilişki,ok,original repository coder (identity not recorded in source data),processed-v4-rebuild
DKR0320,data/final/dede_korkut_kenarlar_temiz.csv,data/story_level/06_duha_koca_oglu_deli_dumrul.csv,20,matched_unique,column rename + taxonomy family mapping (see src/build_canonical.py),açık_ilişki,ok,original repository coder (identity not recorded in source data),processed-v4-rebuild
DKR0321,data/final/dede_korkut_kenarlar_temiz.csv,data/story_level/06_duha_koca_oglu_deli_dumrul.csv,21,matched_unique,column rename + taxonomy family mapping (see src/build_canonical.py),açık_ilişki,ok,original repository coder (identity not recorded in source data),processed-v4-rebuild
DKR0324,data/final/dede_korkut_kenarlar_temiz.csv,data/story_level/07_kanli_koca_oglu_kan_turali_boyu.csv,0,matched_unique,column rename + taxonomy family mapping (see src/build_canonical.py),çıkarımsal_akrabalık,ok,original repository coder (identity not recorded in source data),processed-v4-rebuild
DKR0325,data/final/dede_korkut_kenarlar_temiz.csv,data/story_level/07_kanli_koca_oglu_kan_turali_boyu.csv,1,matched_unique,column rename + taxonomy family mapping (see src/build_canonical.py),açık_ilişki,ok,original repository coder (identity not recorded in source data),processed-v4-rebuild
DKR0326,data/final/dede_korkut_kenarlar_temiz.csv,data/story_level/07_kanli_koca_oglu_kan_turali_boyu.csv,2,matched_unique,column rename + taxonomy family mapping (see src/build_canonical.py),açık_ilişki,ok,original repository coder (identity not recorded in source data),processed-v4-rebuild
DKR0327,data/final/dede_korkut_kenarlar_temiz.csv,data/story_level/07_kanli_koca_oglu_kan_turali_boyu.csv,3,matched_unique,column rename + taxonomy family mapping (see src/build_canonical.py),açık_ilişki,ok,original repository coder (identity not recorded in source data),processed-v4-rebuild
DKR0328,data/final/dede_korkut_kenarlar_temiz.csv,data/story_level/07_kanli_koca_oglu_kan_turali_boyu.csv,4,matched_unique,column rename + taxonomy family mapping (see src/build_canonical.py),açık_ilişki,ok,original repository coder (identity not recorded in source data),processed-v4-rebuild
DKR0332,data/final/dede_korkut_kenarlar_temiz.csv,data/story_level/07_kanli_koca_oglu_kan_turali_boyu.csv,5,matched_unique,column rename + taxonomy family mapping (see src/build_canonical.py),çıkarımsal_akrabalık,ok,original repository coder (identity not recorded in source data),processed-v4-rebuild
DKR0337,data/final/dede_korkut_kenarlar_temiz.csv,data/story_level/07_kanli_koca_oglu_kan_turali_boyu.csv,6,matched_unique,column rename + taxonomy family mapping (see src/build_canonical.py),açık_ilişki,ok,original repository coder (identity not recorded in source data),processed-v4-rebuild
DKR0338,data/final/dede_korkut_kenarlar_temiz.csv,data/story_level/07_kanli_koca_oglu_kan_turali_boyu.csv,7,matched_unique,column rename + taxonomy family mapping (see src/build_canonical.py),açık_ilişki,ok,original repository coder (identity not recorded in source data),processed-v4-rebuild
DKR0339,data/final/dede_korkut_kenarlar_temiz.csv,data/story_level/07_kanli_koca_oglu_kan_turali_boyu.csv,8,matched_unique,column rename + taxonomy family mapping (see src/build_canonical.py),açık_ilişki,ok,original repository coder (identity not recorded in source data),processed-v4-rebuild
DKR0340,data/final/dede_korkut_kenarlar_temiz.csv,data/story_level/07_kanli_koca_oglu_kan_turali_boyu.csv,9,matched_unique,column rename + taxonomy family mapping (see src/build_canonical.py),açık_ilişki,ok,original repository coder (identity not recorded in source data),processed-v4-rebuild
DKR0342,data/final/dede_korkut_kenarlar_temiz.csv,data/story_level/07_kanli_koca_oglu_kan_turali_boyu.csv,10,matched_unique,column rename + taxonomy family mapping (see src/build_canonical.py),açık_ilişki,ok,original repository coder (identity not recorded in source data),processed-v4-rebuild
DKR0343,data/final/dede_korkut_kenarlar_temiz.csv,data/story_level/07_kanli_koca_oglu_kan_turali_boyu.csv,,unmatched_provenance_gap,column rename + taxonomy family mapping (see src/build_canonical.py),açık_ilişki,ok,original repository coder (identity not recorded in source data),processed-v4-rebuild
DKR0344,data/final/dede_korkut_kenarlar_temiz.csv,data/story_level/07_kanli_koca_oglu_kan_turali_boyu.csv,12,matched_unique,column rename + taxonomy family mapping (see src/build_canonical.py),çıkarımsal_akrabalık,ok,original repository coder (identity not recorded in source data),processed-v4-rebuild
DKR0346,data/final/dede_korkut_kenarlar_temiz.csv,data/story_level/07_kanli_koca_oglu_kan_turali_boyu.csv,14,matched_unique,column rename + taxonomy family mapping (see src/build_canonical.py),açık_ilişki,ok,original repository coder (identity not recorded in source data),processed-v4-rebuild
DKR0347,data/final/dede_korkut_kenarlar_temiz.csv,data/story_level/07_kanli_koca_oglu_kan_turali_boyu.csv,15,matched_unique,column rename + taxonomy family mapping (see src/build_canonical.py),açık_ilişki,ok,original repository coder (identity not recorded in source data),processed-v4-rebuild
DKR0349,data/final/dede_korkut_kenarlar_temiz.csv,data/story_level/07_kanli_koca_oglu_kan_turali_boyu.csv,16,matched_unique,column rename + taxonomy family mapping (see src/build_canonical.py),çıkarımsal_akrabalık,ok,original repository coder (identity not recorded in source data),processed-v4-rebuild
DKR0352,data/final/dede_korkut_kenarlar_temiz.csv,data/story_level/07_kanli_koca_oglu_kan_turali_boyu.csv,17,matched_unique,column rename + taxonomy family mapping (see src/build_canonical.py),açık_ilişki,ok,original repository coder (identity not recorded in source data),processed-v4-rebuild
DKR0353,data/final/dede_korkut_kenarlar_temiz.csv,data/story_level/07_kanli_koca_oglu_kan_turali_boyu.csv,18,matched_unique,column rename + taxonomy family mapping (see src/build_canonical.py),açık_ilişki,ok,original repository coder (identity not recorded in source data),processed-v4-rebuild
DKR0354,data/final/dede_korkut_kenarlar_temiz.csv,data/story_level/07_kanli_koca_oglu_kan_turali_boyu.csv,19,matched_unique,column rename + taxonomy family mapping (see src/build_canonical.py),açık_ilişki,ok,original repository coder (identity not recorded in source data),processed-v4-rebuild
DKR0355,data/final/dede_korkut_kenarlar_temiz.csv,data/story_level/07_kanli_koca_oglu_kan_turali_boyu.csv,,unmatched_provenance_gap,column rename + taxonomy family mapping (see src/build_canonical.py),açık_ilişki,ok,original repository coder (identity not recorded in source data),processed-v4-rebuild
DKR0356,data/final/dede_korkut_kenarlar_temiz.csv,data/story_level/07_kanli_koca_oglu_kan_turali_boyu.csv,21,matched_unique,column rename + taxonomy family mapping (see src/build_canonical.py),açık_ilişki,ok,original repository coder (identity not recorded in source data),processed-v4-rebuild
DKR0358,data/final/dede_korkut_kenarlar_temiz.csv,data/story_level/07_kanli_koca_oglu_kan_turali_boyu.csv,22,matched_unique,column rename + taxonomy family mapping (see src/build_canonical.py),açık_ilişki,ok,original repository coder (identity not recorded in source data),processed-v4-rebuild
DKR0359,data/final/dede_korkut_kenarlar_temiz.csv,data/story_level/07_kanli_koca_oglu_kan_turali_boyu.csv,23,matched_unique,column rename + taxonomy family mapping (see src/build_canonical.py),açık_ilişki,ok,original repository coder (identity not recorded in source data),processed-v4-rebuild
DKR0360,data/final/dede_korkut_kenarlar_temiz.csv,data/story_level/07_kanli_koca_oglu_kan_turali_boyu.csv,,unmatched_provenance_gap,column rename + taxonomy family mapping (see src/build_canonical.py),açık_ilişki,ok,original repository coder (identity not recorded in source data),processed-v4-rebuild
DKR0361,data/final/dede_korkut_kenarlar_temiz.csv,data/story_level/07_kanli_koca_oglu_kan_turali_boyu.csv,25,matched_unique,column rename + taxonomy family mapping (see src/build_canonical.py),açık_ilişki,ok,original repository coder (identity not recorded in source data),processed-v4-rebuild
DKR0362,data/final/dede_korkut_kenarlar_temiz.csv,data/story_level/07_kanli_koca_oglu_kan_turali_boyu.csv,26,matched_unique,column rename + taxonomy family mapping (see src/build_canonical.py),açık_ilişki,ok,original repository coder (identity not recorded in source data),processed-v4-rebuild
DKR0363,data/final/dede_korkut_kenarlar_temiz.csv,data/story_level/07_kanli_koca_oglu_kan_turali_boyu.csv,27,matched_unique,column rename + taxonomy family mapping (see src/build_canonical.py),açık_ilişki,ok,original repository coder (identity not recorded in source data),processed-v4-rebuild
DKR0364,data/final/dede_korkut_kenarlar_temiz.csv,data/story_level/07_kanli_koca_oglu_kan_turali_boyu.csv,28,matched_unique,column rename + taxonomy family mapping (see src/build_canonical.py),açık_ilişki,ok,original repository coder (identity not recorded in source data),processed-v4-rebuild
DKR0367,data/final/dede_korkut_kenarlar_temiz.csv,data/story_level/07_kanli_koca_oglu_kan_turali_boyu.csv,29,matched_unique,column rename + taxonomy family mapping (see src/build_canonical.py),açık_ilişki,ok,original repository coder (identity not recorded in source data),processed-v4-rebuild
DKR0368,data/final/dede_korkut_kenarlar_temiz.csv,data/story_level/07_kanli_koca_oglu_kan_turali_boyu.csv,30,matched_unique,column rename + taxonomy family mapping (see src/build_canonical.py),açık_ilişki,ok,original repository coder (identity not recorded in source data),processed-v4-rebuild
DKR0371,data/final/dede_korkut_kenarlar_temiz.csv,data/story_level/07_kanli_koca_oglu_kan_turali_boyu.csv,31,matched_unique,column rename + taxonomy family mapping (see src/build_canonical.py),açık_ilişki,ok,original repository coder (identity not recorded in source data),processed-v4-rebuild
DKR0372,data/final/dede_korkut_kenarlar_temiz.csv,data/story_level/07_kanli_koca_oglu_kan_turali_boyu.csv,,unmatched_provenance_gap,column rename + taxonomy family mapping (see src/build_canonical.py),açık_ilişki,ok,original repository coder (identity not recorded in source data),processed-v4-rebuild
DKR0373,data/final/dede_korkut_kenarlar_temiz.csv,data/story_level/07_kanli_koca_oglu_kan_turali_boyu.csv,33,matched_unique,column rename + taxonomy family mapping (see src/build_canonical.py),açık_ilişki,ok,original repository coder (identity not recorded in source data),processed-v4-rebuild
DKR0375,data/final/dede_korkut_kenarlar_temiz.csv,data/story_level/07_kanli_koca_oglu_kan_turali_boyu.csv,34,matched_unique,column rename + taxonomy family mapping (see src/build_canonical.py),açık_ilişki,ok,original repository coder (identity not recorded in source data),processed-v4-rebuild
DKR0376,data/final/dede_korkut_kenarlar_temiz.csv,data/story_level/07_kanli_koca_oglu_kan_turali_boyu.csv,,unmatched_provenance_gap,column rename + taxonomy family mapping (see src/build_canonical.py),açık_ilişki,ok,original repository coder (identity not recorded in source data),processed-v4-rebuild
DKR0377,data/final/dede_korkut_kenarlar_temiz.csv,data/story_level/07_kanli_koca_oglu_kan_turali_boyu.csv,36,matched_unique,column rename + taxonomy family mapping (see src/build_canonical.py),açık_ilişki,ok,original repository coder (identity not recorded in source data),processed-v4-rebuild
DKR0378,data/final/dede_korkut_kenarlar_temiz.csv,data/story_level/07_kanli_koca_oglu_kan_turali_boyu.csv,37,matched_unique,column rename + taxonomy family mapping (see src/build_canonical.py),açık_ilişki,ok,original repository coder (identity not recorded in source data),processed-v4-rebuild
DKR0379,data/final/dede_korkut_kenarlar_temiz.csv,data/story_level/07_kanli_koca_oglu_kan_turali_boyu.csv,38,matched_unique,column rename + taxonomy family mapping (see src/build_canonical.py),açık_ilişki,ok,original repository coder (identity not recorded in source data),processed-v4-rebuild
DKR0380,data/final/dede_korkut_kenarlar_temiz.csv,data/story_level/07_kanli_koca_oglu_kan_turali_boyu.csv,39,matched_unique,column rename + taxonomy family mapping (see src/build_canonical.py),açık_ilişki,ok,original repository coder (identity not recorded in source data),processed-v4-rebuild
DKR0381,data/final/dede_korkut_kenarlar_temiz.csv,data/story_level/07_kanli_koca_oglu_kan_turali_boyu.csv,40,matched_unique,column rename + taxonomy family mapping (see src/build_canonical.py),açık_ilişki,ok,original repository coder (identity not recorded in source data),processed-v4-rebuild
DKR0385,data/final/dede_korkut_kenarlar_temiz.csv,data/story_level/08_kazilik_koca_oglu_yigenek_boyu.csv,0,matched_unique,column rename + taxonomy family mapping (see src/build_canonical.py),çıkarımsal_akrabalık,ok,original repository coder (identity not recorded in source data),processed-v4-rebuild
DKR0389,data/final/dede_korkut_kenarlar_temiz.csv,data/story_level/08_kazilik_koca_oglu_yigenek_boyu.csv,1,matched_unique,column rename + taxonomy family mapping (see src/build_canonical.py),çıkarımsal_akrabalık,ok,original repository coder (identity not recorded in source data),processed-v4-rebuild
DKR0390,data/final/dede_korkut_kenarlar_temiz.csv,data/story_level/08_kazilik_koca_oglu_yigenek_boyu.csv,2,matched_unique,column rename + taxonomy family mapping (see src/build_canonical.py),açık_ilişki,ok,original repository coder (identity not recorded in source data),processed-v4-rebuild
DKR0391,data/final/dede_korkut_kenarlar_temiz.csv,data/story_level/08_kazilik_koca_oglu_yigenek_boyu.csv,3,matched_unique,column rename + taxonomy family mapping (see src/build_canonical.py),açık_ilişki,ok,original repository coder (identity not recorded in source data),processed-v4-rebuild
DKR0392,data/final/dede_korkut_kenarlar_temiz.csv,data/story_level/08_kazilik_koca_oglu_yigenek_boyu.csv,4,matched_unique,column rename + taxonomy family mapping (see src/build_canonical.py),açık_ilişki,ok,original repository coder (identity not recorded in source data),processed-v4-rebuild
DKR0393,data/final/dede_korkut_kenarlar_temiz.csv,data/story_level/08_kazilik_koca_oglu_yigenek_boyu.csv,5,matched_unique,column rename + taxonomy family mapping (see src/build_canonical.py),çıkarımsal_akrabalık,ok,original repository coder (identity not recorded in source data),processed-v4-rebuild
DKR0394,data/final/dede_korkut_kenarlar_temiz.csv,data/story_level/08_kazilik_koca_oglu_yigenek_boyu.csv,6,matched_unique,column rename + taxonomy family mapping (see src/build_canonical.py),açık_ilişki,ok,original repository coder (identity not recorded in source data),processed-v4-rebuild
DKR0395,data/final/dede_korkut_kenarlar_temiz.csv,data/story_level/08_kazilik_koca_oglu_yigenek_boyu.csv,7,matched_unique,column rename + taxonomy family mapping (see src/build_canonical.py),açık_ilişki,ok,original repository coder (identity not recorded in source data),processed-v4-rebuild
DKR0397,data/final/dede_korkut_kenarlar_temiz.csv,data/story_level/08_kazilik_koca_oglu_yigenek_boyu.csv,8,matched_unique,column rename + taxonomy family mapping (see src/build_canonical.py),açık_ilişki,ok,original repository coder (identity not recorded in source data),processed-v4-rebuild
DKR0398,data/final/dede_korkut_kenarlar_temiz.csv,data/story_level/08_kazilik_koca_oglu_yigenek_boyu.csv,9,matched_unique,column rename + taxonomy family mapping (see src/build_canonical.py),çıkarımsal_akrabalık,ok,original repository coder (identity not recorded in source data),processed-v4-rebuild
DKR0399,data/final/dede_korkut_kenarlar_temiz.csv,data/story_level/08_kazilik_koca_oglu_yigenek_boyu.csv,10,matched_unique,column rename + taxonomy family mapping (see src/build_canonical.py),açık_ilişki,ok,original repository coder (identity not recorded in source data),processed-v4-rebuild
DKR0400,data/final/dede_korkut_kenarlar_temiz.csv,data/story_level/08_kazilik_koca_oglu_yigenek_boyu.csv,11,matched_unique,column rename + taxonomy family mapping (see src/build_canonical.py),açık_ilişki,ok,original repository coder (identity not recorded in source data),processed-v4-rebuild
DKR0401,data/final/dede_korkut_kenarlar_temiz.csv,data/story_level/08_kazilik_koca_oglu_yigenek_boyu.csv,12,matched_unique,column rename + taxonomy family mapping (see src/build_canonical.py),açık_ilişki,ok,original repository coder (identity not recorded in source data),processed-v4-rebuild
DKR0402,data/final/dede_korkut_kenarlar_temiz.csv,data/story_level/08_kazilik_koca_oglu_yigenek_boyu.csv,,unmatched_provenance_gap,column rename + taxonomy family mapping (see src/build_canonical.py),açık_ilişki,ok,original repository coder (identity not recorded in source data),processed-v4-rebuild
DKR0404,data/final/dede_korkut_kenarlar_temiz.csv,data/story_level/08_kazilik_koca_oglu_yigenek_boyu.csv,14,matched_unique,column rename + taxonomy family mapping (see src/build_canonical.py),açık_ilişki,ok,original repository coder (identity not recorded in source data),processed-v4-rebuild
DKR0405,data/final/dede_korkut_kenarlar_temiz.csv,data/story_level/08_kazilik_koca_oglu_yigenek_boyu.csv,15,matched_unique,column rename + taxonomy family mapping (see src/build_canonical.py),açık_ilişki,ok,original repository coder (identity not recorded in source data),processed-v4-rebuild
DKR0406,data/final/dede_korkut_kenarlar_temiz.csv,data/story_level/08_kazilik_koca_oglu_yigenek_boyu.csv,16,matched_unique,column rename + taxonomy family mapping (see src/build_canonical.py),açık_ilişki,ok,original repository coder (identity not recorded in source data),processed-v4-rebuild
DKR0407,data/final/dede_korkut_kenarlar_temiz.csv,data/story_level/08_kazilik_koca_oglu_yigenek_boyu.csv,17,matched_unique,column rename + taxonomy family mapping (see src/build_canonical.py),açık_ilişki,ok,original repository coder (identity not recorded in source data),processed-v4-rebuild
DKR0408,data/final/dede_korkut_kenarlar_temiz.csv,data/story_level/08_kazilik_koca_oglu_yigenek_boyu.csv,18,matched_unique,column rename + taxonomy family mapping (see src/build_canonical.py),açık_ilişki,ok,original repository coder (identity not recorded in source data),processed-v4-rebuild
DKR0409,data/final/dede_korkut_kenarlar_temiz.csv,data/story_level/08_kazilik_koca_oglu_yigenek_boyu.csv,19,matched_unique,column rename + taxonomy family mapping (see src/build_canonical.py),açık_ilişki,ok,original repository coder (identity not recorded in source data),processed-v4-rebuild
DKR0410,data/final/dede_korkut_kenarlar_temiz.csv,data/story_level/08_kazilik_koca_oglu_yigenek_boyu.csv,20,matched_unique,column rename + taxonomy family mapping (see src/build_canonical.py),açık_ilişki,ok,original repository coder (identity not recorded in source data),processed-v4-rebuild
DKR0411,data/final/dede_korkut_kenarlar_temiz.csv,data/story_level/08_kazilik_koca_oglu_yigenek_boyu.csv,21,matched_unique,column rename + taxonomy family mapping (see src/build_canonical.py),açık_ilişki,ok,original repository coder (identity not recorded in source data),processed-v4-rebuild
DKR0412,data/final/dede_korkut_kenarlar_temiz.csv,data/story_level/08_kazilik_koca_oglu_yigenek_boyu.csv,22,matched_unique,column rename + taxonomy family mapping (see src/build_canonical.py),açık_ilişki,ok,original repository coder (identity not recorded in source data),processed-v4-rebuild
DKR0414,data/final/dede_korkut_kenarlar_temiz.csv,data/story_level/08_kazilik_koca_oglu_yigenek_boyu.csv,23,matched_unique,column rename + taxonomy family mapping (see src/build_canonical.py),açık_ilişki,ok,original repository coder (identity not recorded in source data),processed-v4-rebuild
DKR0417,data/final/dede_korkut_kenarlar_temiz.csv,data/story_level/09_basatin_tepegozu_oldurdugu_boy.csv,0,matched_unique,column rename + taxonomy family mapping (see src/build_canonical.py),çıkarımsal_akrabalık,ok,original repository coder (identity not recorded in source data),processed-v4-rebuild
DKR0419,data/final/dede_korkut_kenarlar_temiz.csv,data/story_level/09_basatin_tepegozu_oldurdugu_boy.csv,1,matched_unique,column rename + taxonomy family mapping (see src/build_canonical.py),açık_ilişki,ok,original repository coder (identity not recorded in source data),processed-v4-rebuild
DKR0420,data/final/dede_korkut_kenarlar_temiz.csv,data/story_level/09_basatin_tepegozu_oldurdugu_boy.csv,2,matched_unique,column rename + taxonomy family mapping (see src/build_canonical.py),açık_ilişki,ok,original repository coder (identity not recorded in source data),processed-v4-rebuild
DKR0421,data/final/dede_korkut_kenarlar_temiz.csv,data/story_level/09_basatin_tepegozu_oldurdugu_boy.csv,3,matched_unique,column rename + taxonomy family mapping (see src/build_canonical.py),açık_ilişki,ok,original repository coder (identity not recorded in source data),processed-v4-rebuild
DKR0422,data/final/dede_korkut_kenarlar_temiz.csv,data/story_level/09_basatin_tepegozu_oldurdugu_boy.csv,4,matched_unique,column rename + taxonomy family mapping (see src/build_canonical.py),açık_ilişki,ok,original repository coder (identity not recorded in source data),processed-v4-rebuild
DKR0423,data/final/dede_korkut_kenarlar_temiz.csv,data/story_level/09_basatin_tepegozu_oldurdugu_boy.csv,5,matched_unique,column rename + taxonomy family mapping (see src/build_canonical.py),açık_ilişki,ok,original repository coder (identity not recorded in source data),processed-v4-rebuild
DKR0426,data/final/dede_korkut_kenarlar_temiz.csv,data/story_level/09_basatin_tepegozu_oldurdugu_boy.csv,6,matched_unique,column rename + taxonomy family mapping (see src/build_canonical.py),açık_ilişki,ok,original repository coder (identity not recorded in source data),processed-v4-rebuild
DKR0431,data/final/dede_korkut_kenarlar_temiz.csv,data/story_level/09_basatin_tepegozu_oldurdugu_boy.csv,7,matched_unique,column rename + taxonomy family mapping (see src/build_canonical.py),açık_ilişki,ok,original repository coder (identity not recorded in source data),processed-v4-rebuild
DKR0432,data/final/dede_korkut_kenarlar_temiz.csv,data/story_level/09_basatin_tepegozu_oldurdugu_boy.csv,8,matched_unique,column rename + taxonomy family mapping (see src/build_canonical.py),açık_ilişki,ok,original repository coder (identity not recorded in source data),processed-v4-rebuild
DKR0434,data/final/dede_korkut_kenarlar_temiz.csv,data/story_level/09_basatin_tepegozu_oldurdugu_boy.csv,9,matched_unique,column rename + taxonomy family mapping (see src/build_canonical.py),açık_ilişki,ok,original repository coder (identity not recorded in source data),processed-v4-rebuild
DKR0436,data/final/dede_korkut_kenarlar_temiz.csv,data/story_level/09_basatin_tepegozu_oldurdugu_boy.csv,10,matched_unique,column rename + taxonomy family mapping (see src/build_canonical.py),açık_ilişki,ok,original repository coder (identity not recorded in source data),processed-v4-rebuild
DKR0437,data/final/dede_korkut_kenarlar_temiz.csv,data/story_level/09_basatin_tepegozu_oldurdugu_boy.csv,11,matched_unique,column rename + taxonomy family mapping (see src/build_canonical.py),açık_ilişki,ok,original repository coder (identity not recorded in source data),processed-v4-rebuild
DKR0438,data/final/dede_korkut_kenarlar_temiz.csv,data/story_level/09_basatin_tepegozu_oldurdugu_boy.csv,12,matched_unique,column rename + taxonomy family mapping (see src/build_canonical.py),açık_ilişki,ok,original repository coder (identity not recorded in source data),processed-v4-rebuild
DKR0439,data/final/dede_korkut_kenarlar_temiz.csv,data/story_level/09_basatin_tepegozu_oldurdugu_boy.csv,13,matched_unique,column rename + taxonomy family mapping (see src/build_canonical.py),açık_ilişki,ok,original repository coder (identity not recorded in source data),processed-v4-rebuild
DKR0440,data/final/dede_korkut_kenarlar_temiz.csv,data/story_level/09_basatin_tepegozu_oldurdugu_boy.csv,14,matched_unique,column rename + taxonomy family mapping (see src/build_canonical.py),açık_ilişki,ok,original repository coder (identity not recorded in source data),processed-v4-rebuild
DKR0441,data/final/dede_korkut_kenarlar_temiz.csv,data/story_level/09_basatin_tepegozu_oldurdugu_boy.csv,15,matched_unique,column rename + taxonomy family mapping (see src/build_canonical.py),açık_ilişki,ok,original repository coder (identity not recorded in source data),processed-v4-rebuild
DKR0442,data/final/dede_korkut_kenarlar_temiz.csv,data/story_level/09_basatin_tepegozu_oldurdugu_boy.csv,16,matched_unique,column rename + taxonomy family mapping (see src/build_canonical.py),açık_ilişki,ok,original repository coder (identity not recorded in source data),processed-v4-rebuild
DKR0444,data/final/dede_korkut_kenarlar_temiz.csv,data/story_level/09_basatin_tepegozu_oldurdugu_boy.csv,,unmatched_provenance_gap,column rename + taxonomy family mapping (see src/build_canonical.py),açık_ilişki,ok,original repository coder (identity not recorded in source data),processed-v4-rebuild
DKR0445,data/final/dede_korkut_kenarlar_temiz.csv,data/story_level/09_basatin_tepegozu_oldurdugu_boy.csv,18,matched_unique,column rename + taxonomy family mapping (see src/build_canonical.py),açık_ilişki,ok,original repository coder (identity not recorded in source data),processed-v4-rebuild
DKR0446,data/final/dede_korkut_kenarlar_temiz.csv,data/story_level/09_basatin_tepegozu_oldurdugu_boy.csv,19,matched_unique,column rename + taxonomy family mapping (see src/build_canonical.py),açık_ilişki,ok,original repository coder (identity not recorded in source data),processed-v4-rebuild
DKR0447,data/final/dede_korkut_kenarlar_temiz.csv,data/story_level/09_basatin_tepegozu_oldurdugu_boy.csv,,unmatched_provenance_gap,column rename + taxonomy family mapping (see src/build_canonical.py),açık_ilişki,ok,original repository coder (identity not recorded in source data),processed-v4-rebuild
DKR0448,data/final/dede_korkut_kenarlar_temiz.csv,data/story_level/09_basatin_tepegozu_oldurdugu_boy.csv,21,matched_unique,column rename + taxonomy family mapping (see src/build_canonical.py),açık_ilişki,ok,original repository coder (identity not recorded in source data),processed-v4-rebuild
DKR0449,data/final/dede_korkut_kenarlar_temiz.csv,data/story_level/09_basatin_tepegozu_oldurdugu_boy.csv,22,matched_unique,column rename + taxonomy family mapping (see src/build_canonical.py),açık_ilişki,ok,original repository coder (identity not recorded in source data),processed-v4-rebuild
DKR0450,data/final/dede_korkut_kenarlar_temiz.csv,data/story_level/09_basatin_tepegozu_oldurdugu_boy.csv,23,matched_unique,column rename + taxonomy family mapping (see src/build_canonical.py),açık_ilişki,ok,original repository coder (identity not recorded in source data),processed-v4-rebuild
DKR0451,data/final/dede_korkut_kenarlar_temiz.csv,data/story_level/09_basatin_tepegozu_oldurdugu_boy.csv,24,matched_unique,column rename + taxonomy family mapping (see src/build_canonical.py),açık_ilişki,ok,original repository coder (identity not recorded in source data),processed-v4-rebuild
DKR0453,data/final/dede_korkut_kenarlar_temiz.csv,data/story_level/09_basatin_tepegozu_oldurdugu_boy.csv,25,matched_unique,column rename + taxonomy family mapping (see src/build_canonical.py),açık_ilişki,ok,original repository coder (identity not recorded in source data),processed-v4-rebuild
DKR0454,data/final/dede_korkut_kenarlar_temiz.csv,data/story_level/09_basatin_tepegozu_oldurdugu_boy.csv,26,matched_unique,column rename + taxonomy family mapping (see src/build_canonical.py),açık_ilişki,ok,original repository coder (identity not recorded in source data),processed-v4-rebuild
DKR0455,data/final/dede_korkut_kenarlar_temiz.csv,data/story_level/09_basatin_tepegozu_oldurdugu_boy.csv,27,matched_unique,column rename + taxonomy family mapping (see src/build_canonical.py),açık_ilişki,ok,original repository coder (identity not recorded in source data),processed-v4-rebuild
DKR0456,data/final/dede_korkut_kenarlar_temiz.csv,data/story_level/09_basatin_tepegozu_oldurdugu_boy.csv,28,matched_unique,column rename + taxonomy family mapping (see src/build_canonical.py),açık_ilişki,ok,original repository coder (identity not recorded in source data),processed-v4-rebuild
DKR0457,data/final/dede_korkut_kenarlar_temiz.csv,data/story_level/09_basatin_tepegozu_oldurdugu_boy.csv,29,matched_unique,column rename + taxonomy family mapping (see src/build_canonical.py),açık_ilişki,ok,original repository coder (identity not recorded in source data),processed-v4-rebuild
DKR0458,data/final/dede_korkut_kenarlar_temiz.csv,data/story_level/09_basatin_tepegozu_oldurdugu_boy.csv,30,matched_unique,column rename + taxonomy family mapping (see src/build_canonical.py),açık_ilişki,ok,original repository coder (identity not recorded in source data),processed-v4-rebuild
DKR0459,data/final/dede_korkut_kenarlar_temiz.csv,data/story_level/09_basatin_tepegozu_oldurdugu_boy.csv,31,matched_unique,column rename + taxonomy family mapping (see src/build_canonical.py),açık_ilişki,ok,original repository coder (identity not recorded in source data),processed-v4-rebuild
DKR0460,data/final/dede_korkut_kenarlar_temiz.csv,data/story_level/09_basatin_tepegozu_oldurdugu_boy.csv,32,matched_unique,column rename + taxonomy family mapping (see src/build_canonical.py),açık_ilişki,ok,original repository coder (identity not recorded in source data),processed-v4-rebuild
DKR0461,data/final/dede_korkut_kenarlar_temiz.csv,data/story_level/09_basatin_tepegozu_oldurdugu_boy.csv,33,matched_unique,column rename + taxonomy family mapping (see src/build_canonical.py),açık_ilişki,ok,original repository coder (identity not recorded in source data),processed-v4-rebuild
DKR0462,data/final/dede_korkut_kenarlar_temiz.csv,data/story_level/09_basatin_tepegozu_oldurdugu_boy.csv,34,matched_unique,column rename + taxonomy family mapping (see src/build_canonical.py),açık_ilişki,ok,original repository coder (identity not recorded in source data),processed-v4-rebuild
DKR0463,data/final/dede_korkut_kenarlar_temiz.csv,data/story_level/09_basatin_tepegozu_oldurdugu_boy.csv,35,matched_unique,column rename + taxonomy family mapping (see src/build_canonical.py),açık_ilişki,ok,original repository coder (identity not recorded in source data),processed-v4-rebuild
DKR0464,data/final/dede_korkut_kenarlar_temiz.csv,data/story_level/09_basatin_tepegozu_oldurdugu_boy.csv,36,matched_unique,column rename + taxonomy family mapping (see src/build_canonical.py),açık_ilişki,ok,original repository coder (identity not recorded in source data),processed-v4-rebuild
DKR0468,data/final/dede_korkut_kenarlar_temiz.csv,data/story_level/09_basatin_tepegozu_oldurdugu_boy.csv,37,matched_unique,column rename + taxonomy family mapping (see src/build_canonical.py),açık_ilişki,ok,original repository coder (identity not recorded in source data),processed-v4-rebuild
DKR0469,data/final/dede_korkut_kenarlar_temiz.csv,data/story_level/09_basatin_tepegozu_oldurdugu_boy.csv,38,matched_unique,column rename + taxonomy family mapping (see src/build_canonical.py),açık_ilişki,ok,original repository coder (identity not recorded in source data),processed-v4-rebuild
DKR0470,data/final/dede_korkut_kenarlar_temiz.csv,data/story_level/09_basatin_tepegozu_oldurdugu_boy.csv,39,matched_unique,column rename + taxonomy family mapping (see src/build_canonical.py),açık_ilişki,ok,original repository coder (identity not recorded in source data),processed-v4-rebuild
DKR0471,data/final/dede_korkut_kenarlar_temiz.csv,data/story_level/09_basatin_tepegozu_oldurdugu_boy.csv,40,matched_unique,column rename + taxonomy family mapping (see src/build_canonical.py),açık_ilişki,ok,original repository coder (identity not recorded in source data),processed-v4-rebuild
DKR0472,data/final/dede_korkut_kenarlar_temiz.csv,data/story_level/09_basatin_tepegozu_oldurdugu_boy.csv,,unmatched_provenance_gap,column rename + taxonomy family mapping (see src/build_canonical.py),açık_ilişki,ok,original repository coder (identity not recorded in source data),processed-v4-rebuild
DKR0474,data/final/dede_korkut_kenarlar_temiz.csv,data/story_level/09_basatin_tepegozu_oldurdugu_boy.csv,42,matched_unique,column rename + taxonomy family mapping (see src/build_canonical.py),açık_ilişki,ok,original repository coder (identity not recorded in source data),processed-v4-rebuild
DKR0475,data/final/dede_korkut_kenarlar_temiz.csv,data/story_level/09_basatin_tepegozu_oldurdugu_boy.csv,43,matched_unique,column rename + taxonomy family mapping (see src/build_canonical.py),açık_ilişki,ok,original repository coder (identity not recorded in source data),processed-v4-rebuild
DKR0478,data/final/dede_korkut_kenarlar_temiz.csv,data/story_level/09_basatin_tepegozu_oldurdugu_boy.csv,44,matched_unique,column rename + taxonomy family mapping (see src/build_canonical.py),açık_ilişki,ok,original repository coder (identity not recorded in source data),processed-v4-rebuild
DKR0479,data/final/dede_korkut_kenarlar_temiz.csv,data/story_level/09_basatin_tepegozu_oldurdugu_boy.csv,45,matched_unique,column rename + taxonomy family mapping (see src/build_canonical.py),açık_ilişki,ok,original repository coder (identity not recorded in source data),processed-v4-rebuild
DKR0481,data/final/dede_korkut_kenarlar_temiz.csv,data/story_level/09_basatin_tepegozu_oldurdugu_boy.csv,46,matched_unique,column rename + taxonomy family mapping (see src/build_canonical.py),açık_ilişki,ok,original repository coder (identity not recorded in source data),processed-v4-rebuild
DKR0482,data/final/dede_korkut_kenarlar_temiz.csv,data/story_level/09_basatin_tepegozu_oldurdugu_boy.csv,47,matched_unique,column rename + taxonomy family mapping (see src/build_canonical.py),açık_ilişki,ok,original repository coder (identity not recorded in source data),processed-v4-rebuild
DKR0483,data/final/dede_korkut_kenarlar_temiz.csv,data/story_level/09_basatin_tepegozu_oldurdugu_boy.csv,48,matched_unique,column rename + taxonomy family mapping (see src/build_canonical.py),açık_ilişki,ok,original repository coder (identity not recorded in source data),processed-v4-rebuild
DKR0484,data/final/dede_korkut_kenarlar_temiz.csv,data/story_level/09_basatin_tepegozu_oldurdugu_boy.csv,49,matched_unique,column rename + taxonomy family mapping (see src/build_canonical.py),açık_ilişki,ok,original repository coder (identity not recorded in source data),processed-v4-rebuild
DKR0485,data/final/dede_korkut_kenarlar_temiz.csv,data/story_level/09_basatin_tepegozu_oldurdugu_boy.csv,50,matched_unique,column rename + taxonomy family mapping (see src/build_canonical.py),açık_ilişki,ok,original repository coder (identity not recorded in source data),processed-v4-rebuild
DKR0486,data/final/dede_korkut_kenarlar_temiz.csv,data/story_level/09_basatin_tepegozu_oldurdugu_boy.csv,51,matched_unique,column rename + taxonomy family mapping (see src/build_canonical.py),açık_ilişki,ok,original repository coder (identity not recorded in source data),processed-v4-rebuild
DKR0488,data/final/dede_korkut_kenarlar_temiz.csv,data/story_level/09_basatin_tepegozu_oldurdugu_boy.csv,52,matched_unique,column rename + taxonomy family mapping (see src/build_canonical.py),açık_ilişki,ok,original repository coder (identity not recorded in source data),processed-v4-rebuild
DKR0489,data/final/dede_korkut_kenarlar_temiz.csv,data/story_level/09_basatin_tepegozu_oldurdugu_boy.csv,53,matched_unique,column rename + taxonomy family mapping (see src/build_canonical.py),açık_ilişki,ok,original repository coder (identity not recorded in source data),processed-v4-rebuild
DKR0490,data/final/dede_korkut_kenarlar_temiz.csv,data/story_level/09_basatin_tepegozu_oldurdugu_boy.csv,54,matched_unique,column rename + taxonomy family mapping (see src/build_canonical.py),açık_ilişki,ok,original repository coder (identity not recorded in source data),processed-v4-rebuild
DKR0491,data/final/dede_korkut_kenarlar_temiz.csv,data/story_level/09_basatin_tepegozu_oldurdugu_boy.csv,55,matched_unique,column rename + taxonomy family mapping (see src/build_canonical.py),açık_ilişki,ok,original repository coder (identity not recorded in source data),processed-v4-rebuild
DKR0492,data/final/dede_korkut_kenarlar_temiz.csv,data/story_level/09_basatin_tepegozu_oldurdugu_boy.csv,56,matched_unique,column rename + taxonomy family mapping (see src/build_canonical.py),açık_ilişki,ok,original repository coder (identity not recorded in source data),processed-v4-rebuild
DKR0493,data/final/dede_korkut_kenarlar_temiz.csv,data/story_level/09_basatin_tepegozu_oldurdugu_boy.csv,57,matched_unique,column rename + taxonomy family mapping (see src/build_canonical.py),açık_ilişki,ok,original repository coder (identity not recorded in source data),processed-v4-rebuild
DKR0494,data/final/dede_korkut_kenarlar_temiz.csv,data/story_level/09_basatin_tepegozu_oldurdugu_boy.csv,58,matched_unique,column rename + taxonomy family mapping (see src/build_canonical.py),açık_ilişki,ok,original repository coder (identity not recorded in source data),processed-v4-rebuild
DKR0495,data/final/dede_korkut_kenarlar_temiz.csv,data/story_level/09_basatin_tepegozu_oldurdugu_boy.csv,,unmatched_provenance_gap,column rename + taxonomy family mapping (see src/build_canonical.py),açık_ilişki,ok,original repository coder (identity not recorded in source data),processed-v4-rebuild
DKR0496,data/final/dede_korkut_kenarlar_temiz.csv,data/story_level/09_basatin_tepegozu_oldurdugu_boy.csv,60,matched_unique,column rename + taxonomy family mapping (see src/build_canonical.py),açık_ilişki,ok,original repository coder (identity not recorded in source data),processed-v4-rebuild
DKR0499,data/final/dede_korkut_kenarlar_temiz.csv,data/story_level/09_basatin_tepegozu_oldurdugu_boy.csv,,unmatched_provenance_gap,column rename + taxonomy family mapping (see src/build_canonical.py),açık_ilişki,ok,original repository coder (identity not recorded in source data),processed-v4-rebuild
DKR0500,data/final/dede_korkut_kenarlar_temiz.csv,data/story_level/09_basatin_tepegozu_oldurdugu_boy.csv,,unmatched_provenance_gap,column rename + taxonomy family mapping (see src/build_canonical.py),açık_ilişki,ok,original repository coder (identity not recorded in source data),processed-v4-rebuild
DKR0502,data/final/dede_korkut_kenarlar_temiz.csv,data/story_level/09_basatin_tepegozu_oldurdugu_boy.csv,63,matched_unique,column rename + taxonomy family mapping (see src/build_canonical.py),açık_ilişki,ok,original repository coder (identity not recorded in source data),processed-v4-rebuild
DKR0503,data/final/dede_korkut_kenarlar_temiz.csv,data/story_level/09_basatin_tepegozu_oldurdugu_boy.csv,,unmatched_provenance_gap,column rename + taxonomy family mapping (see src/build_canonical.py),açık_ilişki,ok,original repository coder (identity not recorded in source data),processed-v4-rebuild
DKR0508,data/final/dede_korkut_kenarlar_temiz.csv,data/story_level/10_begil_oglu_emrenin_boyu.csv,0,matched_unique,column rename + taxonomy family mapping (see src/build_canonical.py),çıkarımsal_akrabalık,ok,original repository coder (identity not recorded in source data),processed-v4-rebuild
DKR0514,data/final/dede_korkut_kenarlar_temiz.csv,data/story_level/10_begil_oglu_emrenin_boyu.csv,1,matched_unique,column rename + taxonomy family mapping (see src/build_canonical.py),açık_ilişki,ok,original repository coder (identity not recorded in source data),processed-v4-rebuild
DKR0515,data/final/dede_korkut_kenarlar_temiz.csv,data/story_level/10_begil_oglu_emrenin_boyu.csv,,unmatched_provenance_gap,column rename + taxonomy family mapping (see src/build_canonical.py),açık_ilişki,ok,original repository coder (identity not recorded in source data),processed-v4-rebuild
DKR0516,data/final/dede_korkut_kenarlar_temiz.csv,data/story_level/10_begil_oglu_emrenin_boyu.csv,,unmatched_provenance_gap,column rename + taxonomy family mapping (see src/build_canonical.py),açık_ilişki,ok,original repository coder (identity not recorded in source data),processed-v4-rebuild
DKR0517,data/final/dede_korkut_kenarlar_temiz.csv,data/story_level/10_begil_oglu_emrenin_boyu.csv,,unmatched_provenance_gap,column rename + taxonomy family mapping (see src/build_canonical.py),açık_ilişki,ok,original repository coder (identity not recorded in source data),processed-v4-rebuild
DKR0518,data/final/dede_korkut_kenarlar_temiz.csv,data/story_level/10_begil_oglu_emrenin_boyu.csv,5,matched_unique,column rename + taxonomy family mapping (see src/build_canonical.py),açık_ilişki,ok,original repository coder (identity not recorded in source data),processed-v4-rebuild
DKR0519,data/final/dede_korkut_kenarlar_temiz.csv,data/story_level/10_begil_oglu_emrenin_boyu.csv,6,matched_unique,column rename + taxonomy family mapping (see src/build_canonical.py),açık_ilişki,ok,original repository coder (identity not recorded in source data),processed-v4-rebuild
DKR0520,data/final/dede_korkut_kenarlar_temiz.csv,data/story_level/10_begil_oglu_emrenin_boyu.csv,7,matched_unique,column rename + taxonomy family mapping (see src/build_canonical.py),açık_ilişki,ok,original repository coder (identity not recorded in source data),processed-v4-rebuild
DKR0521,data/final/dede_korkut_kenarlar_temiz.csv,data/story_level/10_begil_oglu_emrenin_boyu.csv,8,matched_unique,column rename + taxonomy family mapping (see src/build_canonical.py),açık_ilişki,ok,original repository coder (identity not recorded in source data),processed-v4-rebuild
DKR0524,data/final/dede_korkut_kenarlar_temiz.csv,data/story_level/10_begil_oglu_emrenin_boyu.csv,,unmatched_provenance_gap,column rename + taxonomy family mapping (see src/build_canonical.py),açık_ilişki,ok,original repository coder (identity not recorded in source data),processed-v4-rebuild
DKR0525,data/final/dede_korkut_kenarlar_temiz.csv,data/story_level/10_begil_oglu_emrenin_boyu.csv,,unmatched_provenance_gap,column rename + taxonomy family mapping (see src/build_canonical.py),açık_ilişki,ok,original repository coder (identity not recorded in source data),processed-v4-rebuild
DKR0526,data/final/dede_korkut_kenarlar_temiz.csv,data/story_level/10_begil_oglu_emrenin_boyu.csv,11,matched_unique,column rename + taxonomy family mapping (see src/build_canonical.py),açık_ilişki,ok,original repository coder (identity not recorded in source data),processed-v4-rebuild
DKR0528,data/final/dede_korkut_kenarlar_temiz.csv,data/story_level/10_begil_oglu_emrenin_boyu.csv,12,matched_unique,column rename + taxonomy family mapping (see src/build_canonical.py),açık_ilişki,ok,original repository coder (identity not recorded in source data),processed-v4-rebuild
DKR0529,data/final/dede_korkut_kenarlar_temiz.csv,data/story_level/10_begil_oglu_emrenin_boyu.csv,13,matched_unique,column rename + taxonomy family mapping (see src/build_canonical.py),açık_ilişki,ok,original repository coder (identity not recorded in source data),processed-v4-rebuild
DKR0530,data/final/dede_korkut_kenarlar_temiz.csv,data/story_level/10_begil_oglu_emrenin_boyu.csv,14,matched_unique,column rename + taxonomy family mapping (see src/build_canonical.py),açık_ilişki,ok,original repository coder (identity not recorded in source data),processed-v4-rebuild
DKR0531,data/final/dede_korkut_kenarlar_temiz.csv,data/story_level/10_begil_oglu_emrenin_boyu.csv,15,matched_unique,column rename + taxonomy family mapping (see src/build_canonical.py),açık_ilişki,ok,original repository coder (identity not recorded in source data),processed-v4-rebuild
DKR0532,data/final/dede_korkut_kenarlar_temiz.csv,data/story_level/10_begil_oglu_emrenin_boyu.csv,16,matched_unique,column rename + taxonomy family mapping (see src/build_canonical.py),açık_ilişki,ok,original repository coder (identity not recorded in source data),processed-v4-rebuild
DKR0533,data/final/dede_korkut_kenarlar_temiz.csv,data/story_level/10_begil_oglu_emrenin_boyu.csv,17,matched_unique,column rename + taxonomy family mapping (see src/build_canonical.py),açık_ilişki,ok,original repository coder (identity not recorded in source data),processed-v4-rebuild
DKR0534,data/final/dede_korkut_kenarlar_temiz.csv,data/story_level/10_begil_oglu_emrenin_boyu.csv,18,matched_unique,column rename + taxonomy family mapping (see src/build_canonical.py),açık_ilişki,ok,original repository coder (identity not recorded in source data),processed-v4-rebuild
DKR0537,data/final/dede_korkut_kenarlar_temiz.csv,data/story_level/10_begil_oglu_emrenin_boyu.csv,19,matched_unique,column rename + taxonomy family mapping (see src/build_canonical.py),açık_ilişki,ok,original repository coder (identity not recorded in source data),processed-v4-rebuild
DKR0538,data/final/dede_korkut_kenarlar_temiz.csv,data/story_level/10_begil_oglu_emrenin_boyu.csv,20,matched_unique,column rename + taxonomy family mapping (see src/build_canonical.py),açık_ilişki,ok,original repository coder (identity not recorded in source data),processed-v4-rebuild
DKR0539,data/final/dede_korkut_kenarlar_temiz.csv,data/story_level/10_begil_oglu_emrenin_boyu.csv,21,matched_unique,column rename + taxonomy family mapping (see src/build_canonical.py),açık_ilişki,ok,original repository coder (identity not recorded in source data),processed-v4-rebuild
DKR0540,data/final/dede_korkut_kenarlar_temiz.csv,data/story_level/10_begil_oglu_emrenin_boyu.csv,,unmatched_provenance_gap,column rename + taxonomy family mapping (see src/build_canonical.py),açık_ilişki,ok,original repository coder (identity not recorded in source data),processed-v4-rebuild
DKR0542,data/final/dede_korkut_kenarlar_temiz.csv,data/story_level/10_begil_oglu_emrenin_boyu.csv,23,matched_unique,column rename + taxonomy family mapping (see src/build_canonical.py),açık_ilişki,ok,original repository coder (identity not recorded in source data),processed-v4-rebuild
DKR0543,data/final/dede_korkut_kenarlar_temiz.csv,data/story_level/10_begil_oglu_emrenin_boyu.csv,24,matched_unique,column rename + taxonomy family mapping (see src/build_canonical.py),açık_ilişki,ok,original repository coder (identity not recorded in source data),processed-v4-rebuild
DKR0544,data/final/dede_korkut_kenarlar_temiz.csv,data/story_level/10_begil_oglu_emrenin_boyu.csv,25,matched_unique,column rename + taxonomy family mapping (see src/build_canonical.py),açık_ilişki,ok,original repository coder (identity not recorded in source data),processed-v4-rebuild
DKR0548,data/final/dede_korkut_kenarlar_temiz.csv,data/story_level/10_begil_oglu_emrenin_boyu.csv,26,matched_unique,column rename + taxonomy family mapping (see src/build_canonical.py),açık_ilişki,ok,original repository coder (identity not recorded in source data),processed-v4-rebuild
DKR0549,data/final/dede_korkut_kenarlar_temiz.csv,data/story_level/10_begil_oglu_emrenin_boyu.csv,27,matched_unique,column rename + taxonomy family mapping (see src/build_canonical.py),açık_ilişki,ok,original repository coder (identity not recorded in source data),processed-v4-rebuild
DKR0550,data/final/dede_korkut_kenarlar_temiz.csv,data/story_level/10_begil_oglu_emrenin_boyu.csv,28,matched_unique,column rename + taxonomy family mapping (see src/build_canonical.py),açık_ilişki,ok,original repository coder (identity not recorded in source data),processed-v4-rebuild
DKR0551,data/final/dede_korkut_kenarlar_temiz.csv,data/story_level/10_begil_oglu_emrenin_boyu.csv,29,matched_unique,column rename + taxonomy family mapping (see src/build_canonical.py),açık_ilişki,ok,original repository coder (identity not recorded in source data),processed-v4-rebuild
DKR0554,data/final/dede_korkut_kenarlar_temiz.csv,data/story_level/10_begil_oglu_emrenin_boyu.csv,30,matched_unique,column rename + taxonomy family mapping (see src/build_canonical.py),açık_ilişki,ok,original repository coder (identity not recorded in source data),processed-v4-rebuild
DKR0555,data/final/dede_korkut_kenarlar_temiz.csv,data/story_level/10_begil_oglu_emrenin_boyu.csv,,unmatched_provenance_gap,column rename + taxonomy family mapping (see src/build_canonical.py),açık_ilişki,ok,original repository coder (identity not recorded in source data),processed-v4-rebuild
DKR0556,data/final/dede_korkut_kenarlar_temiz.csv,data/story_level/10_begil_oglu_emrenin_boyu.csv,32,matched_unique,column rename + taxonomy family mapping (see src/build_canonical.py),açık_ilişki,ok,original repository coder (identity not recorded in source data),processed-v4-rebuild
DKR0558,data/final/dede_korkut_kenarlar_temiz.csv,data/story_level/10_begil_oglu_emrenin_boyu.csv,33,matched_unique,column rename + taxonomy family mapping (see src/build_canonical.py),açık_ilişki,ok,original repository coder (identity not recorded in source data),processed-v4-rebuild
DKR0559,data/final/dede_korkut_kenarlar_temiz.csv,data/story_level/10_begil_oglu_emrenin_boyu.csv,,unmatched_provenance_gap,column rename + taxonomy family mapping (see src/build_canonical.py),açık_ilişki,ok,original repository coder (identity not recorded in source data),processed-v4-rebuild
DKR0560,data/final/dede_korkut_kenarlar_temiz.csv,data/story_level/10_begil_oglu_emrenin_boyu.csv,35,matched_unique,column rename + taxonomy family mapping (see src/build_canonical.py),açık_ilişki,ok,original repository coder (identity not recorded in source data),processed-v4-rebuild
DKR0562,data/final/dede_korkut_kenarlar_temiz.csv,data/story_level/10_begil_oglu_emrenin_boyu.csv,,unmatched_provenance_gap,column rename + taxonomy family mapping (see src/build_canonical.py),açık_ilişki,ok,original repository coder (identity not recorded in source data),processed-v4-rebuild
DKR0564,data/final/dede_korkut_kenarlar_temiz.csv,data/story_level/10_begil_oglu_emrenin_boyu.csv,37,matched_unique,column rename + taxonomy family mapping (see src/build_canonical.py),açık_ilişki,ok,original repository coder (identity not recorded in source data),processed-v4-rebuild
DKR0566,data/final/dede_korkut_kenarlar_temiz.csv,data/story_level/10_begil_oglu_emrenin_boyu.csv,38,matched_unique,column rename + taxonomy family mapping (see src/build_canonical.py),açık_ilişki,ok,original repository coder (identity not recorded in source data),processed-v4-rebuild
DKR0567,data/final/dede_korkut_kenarlar_temiz.csv,data/story_level/10_begil_oglu_emrenin_boyu.csv,39,matched_unique,column rename + taxonomy family mapping (see src/build_canonical.py),açık_ilişki,ok,original repository coder (identity not recorded in source data),processed-v4-rebuild
DKR0568,data/final/dede_korkut_kenarlar_temiz.csv,data/story_level/10_begil_oglu_emrenin_boyu.csv,40,matched_unique,column rename + taxonomy family mapping (see src/build_canonical.py),açık_ilişki,ok,original repository coder (identity not recorded in source data),processed-v4-rebuild
DKR0569,data/final/dede_korkut_kenarlar_temiz.csv,data/story_level/10_begil_oglu_emrenin_boyu.csv,41,matched_unique,column rename + taxonomy family mapping (see src/build_canonical.py),açık_ilişki,ok,original repository coder (identity not recorded in source data),processed-v4-rebuild
DKR0570,data/final/dede_korkut_kenarlar_temiz.csv,data/story_level/10_begil_oglu_emrenin_boyu.csv,42,matched_unique,column rename + taxonomy family mapping (see src/build_canonical.py),açık_ilişki,ok,original repository coder (identity not recorded in source data),processed-v4-rebuild
DKR0571,data/final/dede_korkut_kenarlar_temiz.csv,data/story_level/10_begil_oglu_emrenin_boyu.csv,43,matched_unique,column rename + taxonomy family mapping (see src/build_canonical.py),açık_ilişki,ok,original repository coder (identity not recorded in source data),processed-v4-rebuild
DKR0572,data/final/dede_korkut_kenarlar_temiz.csv,data/story_level/10_begil_oglu_emrenin_boyu.csv,44,matched_unique,column rename + taxonomy family mapping (see src/build_canonical.py),açık_ilişki,ok,original repository coder (identity not recorded in source data),processed-v4-rebuild
DKR0577,data/final/dede_korkut_kenarlar_temiz.csv,data/story_level/10_begil_oglu_emrenin_boyu.csv,45,matched_unique,column rename + taxonomy family mapping (see src/build_canonical.py),çıkarımsal_akrabalık,ok,original repository coder (identity not recorded in source data),processed-v4-rebuild
DKR0579,data/final/dede_korkut_kenarlar_temiz.csv,data/story_level/10_begil_oglu_emrenin_boyu.csv,46,matched_unique,column rename + taxonomy family mapping (see src/build_canonical.py),açık_ilişki,ok,original repository coder (identity not recorded in source data),processed-v4-rebuild
DKR0580,data/final/dede_korkut_kenarlar_temiz.csv,data/story_level/10_begil_oglu_emrenin_boyu.csv,47,matched_unique,column rename + taxonomy family mapping (see src/build_canonical.py),açık_ilişki,ok,original repository coder (identity not recorded in source data),processed-v4-rebuild
DKR0581,data/final/dede_korkut_kenarlar_temiz.csv,data/story_level/10_begil_oglu_emrenin_boyu.csv,48,matched_unique,column rename + taxonomy family mapping (see src/build_canonical.py),açık_ilişki,ok,original repository coder (identity not recorded in source data),processed-v4-rebuild
DKR0582,data/final/dede_korkut_kenarlar_temiz.csv,data/story_level/10_begil_oglu_emrenin_boyu.csv,49,matched_unique,column rename + taxonomy family mapping (see src/build_canonical.py),açık_ilişki,ok,original repository coder (identity not recorded in source data),processed-v4-rebuild
DKR0583,data/final/dede_korkut_kenarlar_temiz.csv,data/story_level/10_begil_oglu_emrenin_boyu.csv,50,matched_unique,column rename + taxonomy family mapping (see src/build_canonical.py),açık_ilişki,ok,original repository coder (identity not recorded in source data),processed-v4-rebuild
DKR0584,data/final/dede_korkut_kenarlar_temiz.csv,data/story_level/10_begil_oglu_emrenin_boyu.csv,51,matched_unique,column rename + taxonomy family mapping (see src/build_canonical.py),açık_ilişki,ok,original repository coder (identity not recorded in source data),processed-v4-rebuild
DKR0585,data/final/dede_korkut_kenarlar_temiz.csv,data/story_level/10_begil_oglu_emrenin_boyu.csv,52,matched_unique,column rename + taxonomy family mapping (see src/build_canonical.py),açık_ilişki,ok,original repository coder (identity not recorded in source data),processed-v4-rebuild
DKR0586,data/final/dede_korkut_kenarlar_temiz.csv,data/story_level/10_begil_oglu_emrenin_boyu.csv,53,matched_unique,column rename + taxonomy family mapping (see src/build_canonical.py),açık_ilişki,ok,original repository coder (identity not recorded in source data),processed-v4-rebuild
DKR0589,data/final/dede_korkut_kenarlar_temiz.csv,data/story_level/10_begil_oglu_emrenin_boyu.csv,54,matched_unique,column rename + taxonomy family mapping (see src/build_canonical.py),açık_ilişki,ok,original repository coder (identity not recorded in source data),processed-v4-rebuild
DKR0590,data/final/dede_korkut_kenarlar_temiz.csv,data/story_level/10_begil_oglu_emrenin_boyu.csv,55,matched_unique,column rename + taxonomy family mapping (see src/build_canonical.py),açık_ilişki,ok,original repository coder (identity not recorded in source data),processed-v4-rebuild
DKR0591,data/final/dede_korkut_kenarlar_temiz.csv,data/story_level/10_begil_oglu_emrenin_boyu.csv,56,matched_unique,column rename + taxonomy family mapping (see src/build_canonical.py),açık_ilişki,ok,original repository coder (identity not recorded in source data),processed-v4-rebuild
DKR0592,data/final/dede_korkut_kenarlar_temiz.csv,data/story_level/10_begil_oglu_emrenin_boyu.csv,57,matched_unique,column rename + taxonomy family mapping (see src/build_canonical.py),açık_ilişki,ok,original repository coder (identity not recorded in source data),processed-v4-rebuild
DKR0594,data/final/dede_korkut_kenarlar_temiz.csv,data/story_level/10_begil_oglu_emrenin_boyu.csv,58,matched_unique,column rename + taxonomy family mapping (see src/build_canonical.py),çıkarımsal_akrabalık,ok,original repository coder (identity not recorded in source data),processed-v4-rebuild
DKR0597,data/final/dede_korkut_kenarlar_temiz.csv,data/story_level/11_usun_koca_oglu_seyrek_boyu.csv,0,matched_unique,column rename + taxonomy family mapping (see src/build_canonical.py),çıkarımsal_akrabalık,ok,original repository coder (identity not recorded in source data),processed-v4-rebuild
DKR0598,data/final/dede_korkut_kenarlar_temiz.csv,data/story_level/11_usun_koca_oglu_seyrek_boyu.csv,1,matched_unique,column rename + taxonomy family mapping (see src/build_canonical.py),çıkarımsal_akrabalık,ok,original repository coder (identity not recorded in source data),processed-v4-rebuild
DKR0600,data/final/dede_korkut_kenarlar_temiz.csv,data/story_level/11_usun_koca_oglu_seyrek_boyu.csv,2,matched_unique,column rename + taxonomy family mapping (see src/build_canonical.py),açık_ilişki,ok,original repository coder (identity not recorded in source data),processed-v4-rebuild
DKR0601,data/final/dede_korkut_kenarlar_temiz.csv,data/story_level/11_usun_koca_oglu_seyrek_boyu.csv,3,matched_unique,column rename + taxonomy family mapping (see src/build_canonical.py),açık_ilişki,ok,original repository coder (identity not recorded in source data),processed-v4-rebuild
DKR0602,data/final/dede_korkut_kenarlar_temiz.csv,data/story_level/11_usun_koca_oglu_seyrek_boyu.csv,4,matched_unique,column rename + taxonomy family mapping (see src/build_canonical.py),açık_ilişki,ok,original repository coder (identity not recorded in source data),processed-v4-rebuild
DKR0604,data/final/dede_korkut_kenarlar_temiz.csv,data/story_level/11_usun_koca_oglu_seyrek_boyu.csv,5,matched_unique,column rename + taxonomy family mapping (see src/build_canonical.py),açık_ilişki,ok,original repository coder (identity not recorded in source data),processed-v4-rebuild
DKR0605,data/final/dede_korkut_kenarlar_temiz.csv,data/story_level/11_usun_koca_oglu_seyrek_boyu.csv,6,matched_unique,column rename + taxonomy family mapping (see src/build_canonical.py),açık_ilişki,ok,original repository coder (identity not recorded in source data),processed-v4-rebuild
DKR0606,data/final/dede_korkut_kenarlar_temiz.csv,data/story_level/11_usun_koca_oglu_seyrek_boyu.csv,7,matched_unique,column rename + taxonomy family mapping (see src/build_canonical.py),açık_ilişki,ok,original repository coder (identity not recorded in source data),processed-v4-rebuild
DKR0608,data/final/dede_korkut_kenarlar_temiz.csv,data/story_level/11_usun_koca_oglu_seyrek_boyu.csv,8,matched_unique,column rename + taxonomy family mapping (see src/build_canonical.py),açık_ilişki,ok,original repository coder (identity not recorded in source data),processed-v4-rebuild
DKR0609,data/final/dede_korkut_kenarlar_temiz.csv,data/story_level/11_usun_koca_oglu_seyrek_boyu.csv,9,matched_unique,column rename + taxonomy family mapping (see src/build_canonical.py),açık_ilişki,ok,original repository coder (identity not recorded in source data),processed-v4-rebuild
DKR0613,data/final/dede_korkut_kenarlar_temiz.csv,data/story_level/11_usun_koca_oglu_seyrek_boyu.csv,,unmatched_provenance_gap,column rename + taxonomy family mapping (see src/build_canonical.py),açık_ilişki,ok,original repository coder (identity not recorded in source data),processed-v4-rebuild
DKR0614,data/final/dede_korkut_kenarlar_temiz.csv,data/story_level/11_usun_koca_oglu_seyrek_boyu.csv,11,matched_unique,column rename + taxonomy family mapping (see src/build_canonical.py),açık_ilişki,ok,original repository coder (identity not recorded in source data),processed-v4-rebuild
DKR0615,data/final/dede_korkut_kenarlar_temiz.csv,data/story_level/11_usun_koca_oglu_seyrek_boyu.csv,12,matched_unique,column rename + taxonomy family mapping (see src/build_canonical.py),açık_ilişki,ok,original repository coder (identity not recorded in source data),processed-v4-rebuild
DKR0616,data/final/dede_korkut_kenarlar_temiz.csv,data/story_level/11_usun_koca_oglu_seyrek_boyu.csv,13,matched_unique,column rename + taxonomy family mapping (see src/build_canonical.py),açık_ilişki,ok,original repository coder (identity not recorded in source data),processed-v4-rebuild
DKR0619,data/final/dede_korkut_kenarlar_temiz.csv,data/story_level/11_usun_koca_oglu_seyrek_boyu.csv,14,matched_unique,column rename + taxonomy family mapping (see src/build_canonical.py),açık_ilişki,ok,original repository coder (identity not recorded in source data),processed-v4-rebuild
DKR0620,data/final/dede_korkut_kenarlar_temiz.csv,data/story_level/11_usun_koca_oglu_seyrek_boyu.csv,15,matched_unique,column rename + taxonomy family mapping (see src/build_canonical.py),açık_ilişki,ok,original repository coder (identity not recorded in source data),processed-v4-rebuild
DKR0621,data/final/dede_korkut_kenarlar_temiz.csv,data/story_level/11_usun_koca_oglu_seyrek_boyu.csv,16,matched_unique,column rename + taxonomy family mapping (see src/build_canonical.py),açık_ilişki,ok,original repository coder (identity not recorded in source data),processed-v4-rebuild
DKR0622,data/final/dede_korkut_kenarlar_temiz.csv,data/story_level/11_usun_koca_oglu_seyrek_boyu.csv,17,matched_unique,column rename + taxonomy family mapping (see src/build_canonical.py),açık_ilişki,ok,original repository coder (identity not recorded in source data),processed-v4-rebuild
DKR0623,data/final/dede_korkut_kenarlar_temiz.csv,data/story_level/11_usun_koca_oglu_seyrek_boyu.csv,18,matched_unique,column rename + taxonomy family mapping (see src/build_canonical.py),açık_ilişki,ok,original repository coder (identity not recorded in source data),processed-v4-rebuild
DKR0624,data/final/dede_korkut_kenarlar_temiz.csv,data/story_level/11_usun_koca_oglu_seyrek_boyu.csv,,unmatched_provenance_gap,column rename + taxonomy family mapping (see src/build_canonical.py),açık_ilişki,ok,original repository coder (identity not recorded in source data),processed-v4-rebuild
DKR0625,data/final/dede_korkut_kenarlar_temiz.csv,data/story_level/11_usun_koca_oglu_seyrek_boyu.csv,20,matched_unique,column rename + taxonomy family mapping (see src/build_canonical.py),açık_ilişki,ok,original repository coder (identity not recorded in source data),processed-v4-rebuild
DKR0626,data/final/dede_korkut_kenarlar_temiz.csv,data/story_level/11_usun_koca_oglu_seyrek_boyu.csv,21,matched_unique,column rename + taxonomy family mapping (see src/build_canonical.py),açık_ilişki,ok,original repository coder (identity not recorded in source data),processed-v4-rebuild
DKR0628,data/final/dede_korkut_kenarlar_temiz.csv,data/story_level/11_usun_koca_oglu_seyrek_boyu.csv,22,matched_unique,column rename + taxonomy family mapping (see src/build_canonical.py),açık_ilişki,ok,original repository coder (identity not recorded in source data),processed-v4-rebuild
DKR0629,data/final/dede_korkut_kenarlar_temiz.csv,data/story_level/11_usun_koca_oglu_seyrek_boyu.csv,23,matched_unique,column rename + taxonomy family mapping (see src/build_canonical.py),açık_ilişki,ok,original repository coder (identity not recorded in source data),processed-v4-rebuild
DKR0630,data/final/dede_korkut_kenarlar_temiz.csv,data/story_level/11_usun_koca_oglu_seyrek_boyu.csv,24,matched_unique,column rename + taxonomy family mapping (see src/build_canonical.py),açık_ilişki,ok,original repository coder (identity not recorded in source data),processed-v4-rebuild
DKR0632,data/final/dede_korkut_kenarlar_temiz.csv,data/story_level/11_usun_koca_oglu_seyrek_boyu.csv,25,matched_unique,column rename + taxonomy family mapping (see src/build_canonical.py),açık_ilişki,ok,original repository coder (identity not recorded in source data),processed-v4-rebuild
DKR0633,data/final/dede_korkut_kenarlar_temiz.csv,data/story_level/11_usun_koca_oglu_seyrek_boyu.csv,26,matched_unique,column rename + taxonomy family mapping (see src/build_canonical.py),açık_ilişki,ok,original repository coder (identity not recorded in source data),processed-v4-rebuild
DKR0634,data/final/dede_korkut_kenarlar_temiz.csv,data/story_level/11_usun_koca_oglu_seyrek_boyu.csv,27,matched_unique,column rename + taxonomy family mapping (see src/build_canonical.py),açık_ilişki,ok,original repository coder (identity not recorded in source data),processed-v4-rebuild
DKR0636,data/final/dede_korkut_kenarlar_temiz.csv,data/story_level/11_usun_koca_oglu_seyrek_boyu.csv,28,matched_unique,column rename + taxonomy family mapping (see src/build_canonical.py),açık_ilişki,ok,original repository coder (identity not recorded in source data),processed-v4-rebuild
DKR0638,data/final/dede_korkut_kenarlar_temiz.csv,data/story_level/11_usun_koca_oglu_seyrek_boyu.csv,29,matched_unique,column rename + taxonomy family mapping (see src/build_canonical.py),açık_ilişki,ok,original repository coder (identity not recorded in source data),processed-v4-rebuild
DKR0640,data/final/dede_korkut_kenarlar_temiz.csv,data/story_level/11_usun_koca_oglu_seyrek_boyu.csv,30,matched_unique,column rename + taxonomy family mapping (see src/build_canonical.py),açık_ilişki,ok,original repository coder (identity not recorded in source data),processed-v4-rebuild
DKR0642,data/final/dede_korkut_kenarlar_temiz.csv,data/story_level/11_usun_koca_oglu_seyrek_boyu.csv,31,matched_unique,column rename + taxonomy family mapping (see src/build_canonical.py),açık_ilişki,ok,original repository coder (identity not recorded in source data),processed-v4-rebuild
DKR0643,data/final/dede_korkut_kenarlar_temiz.csv,data/story_level/11_usun_koca_oglu_seyrek_boyu.csv,32,matched_unique,column rename + taxonomy family mapping (see src/build_canonical.py),açık_ilişki,ok,original repository coder (identity not recorded in source data),processed-v4-rebuild
DKR0644,data/final/dede_korkut_kenarlar_temiz.csv,data/story_level/11_usun_koca_oglu_seyrek_boyu.csv,33,matched_unique,column rename + taxonomy family mapping (see src/build_canonical.py),açık_ilişki,ok,original repository coder (identity not recorded in source data),processed-v4-rebuild
DKR0645,data/final/dede_korkut_kenarlar_temiz.csv,data/story_level/11_usun_koca_oglu_seyrek_boyu.csv,34,matched_unique,column rename + taxonomy family mapping (see src/build_canonical.py),açık_ilişki,ok,original repository coder (identity not recorded in source data),processed-v4-rebuild
DKR0646,data/final/dede_korkut_kenarlar_temiz.csv,data/story_level/11_usun_koca_oglu_seyrek_boyu.csv,35,matched_unique,column rename + taxonomy family mapping (see src/build_canonical.py),açık_ilişki,ok,original repository coder (identity not recorded in source data),processed-v4-rebuild
DKR0647,data/final/dede_korkut_kenarlar_temiz.csv,data/story_level/11_usun_koca_oglu_seyrek_boyu.csv,36,matched_unique,column rename + taxonomy family mapping (see src/build_canonical.py),açık_ilişki,ok,original repository coder (identity not recorded in source data),processed-v4-rebuild
DKR0648,data/final/dede_korkut_kenarlar_temiz.csv,data/story_level/11_usun_koca_oglu_seyrek_boyu.csv,37,matched_unique,column rename + taxonomy family mapping (see src/build_canonical.py),açık_ilişki,ok,original repository coder (identity not recorded in source data),processed-v4-rebuild
DKR0649,data/final/dede_korkut_kenarlar_temiz.csv,data/story_level/11_usun_koca_oglu_seyrek_boyu.csv,38,matched_unique,column rename + taxonomy family mapping (see src/build_canonical.py),açık_ilişki,ok,original repository coder (identity not recorded in source data),processed-v4-rebuild
DKR0650,data/final/dede_korkut_kenarlar_temiz.csv,data/story_level/11_usun_koca_oglu_seyrek_boyu.csv,39,matched_unique,column rename + taxonomy family mapping (see src/build_canonical.py),açık_ilişki,ok,original repository coder (identity not recorded in source data),processed-v4-rebuild
DKR0651,data/final/dede_korkut_kenarlar_temiz.csv,data/story_level/11_usun_koca_oglu_seyrek_boyu.csv,,unmatched_provenance_gap,column rename + taxonomy family mapping (see src/build_canonical.py),açık_ilişki,ok,original repository coder (identity not recorded in source data),processed-v4-rebuild
DKR0652,data/final/dede_korkut_kenarlar_temiz.csv,data/story_level/11_usun_koca_oglu_seyrek_boyu.csv,41,matched_unique,column rename + taxonomy family mapping (see src/build_canonical.py),açık_ilişki,ok,original repository coder (identity not recorded in source data),processed-v4-rebuild
DKR0653,data/final/dede_korkut_kenarlar_temiz.csv,data/story_level/11_usun_koca_oglu_seyrek_boyu.csv,42,matched_unique,column rename + taxonomy family mapping (see src/build_canonical.py),açık_ilişki,ok,original repository coder (identity not recorded in source data),processed-v4-rebuild
DKR0654,data/final/dede_korkut_kenarlar_temiz.csv,data/story_level/11_usun_koca_oglu_seyrek_boyu.csv,43,matched_unique,column rename + taxonomy family mapping (see src/build_canonical.py),açık_ilişki,ok,original repository coder (identity not recorded in source data),processed-v4-rebuild
DKR0655,data/final/dede_korkut_kenarlar_temiz.csv,data/story_level/11_usun_koca_oglu_seyrek_boyu.csv,44,matched_unique,column rename + taxonomy family mapping (see src/build_canonical.py),açık_ilişki,ok,original repository coder (identity not recorded in source data),processed-v4-rebuild
DKR0656,data/final/dede_korkut_kenarlar_temiz.csv,data/story_level/11_usun_koca_oglu_seyrek_boyu.csv,45,matched_unique,column rename + taxonomy family mapping (see src/build_canonical.py),açık_ilişki,ok,original repository coder (identity not recorded in source data),processed-v4-rebuild
DKR0657,data/final/dede_korkut_kenarlar_temiz.csv,data/story_level/11_usun_koca_oglu_seyrek_boyu.csv,46,matched_unique,column rename + taxonomy family mapping (see src/build_canonical.py),açık_ilişki,ok,original repository coder (identity not recorded in source data),processed-v4-rebuild
DKR0658,data/final/dede_korkut_kenarlar_temiz.csv,data/story_level/11_usun_koca_oglu_seyrek_boyu.csv,47,matched_unique,column rename + taxonomy family mapping (see src/build_canonical.py),açık_ilişki,ok,original repository coder (identity not recorded in source data),processed-v4-rebuild
DKR0659,data/final/dede_korkut_kenarlar_temiz.csv,data/story_level/11_usun_koca_oglu_seyrek_boyu.csv,48,matched_unique,column rename + taxonomy family mapping (see src/build_canonical.py),açık_ilişki,ok,original repository coder (identity not recorded in source data),processed-v4-rebuild
DKR0660,data/final/dede_korkut_kenarlar_temiz.csv,data/story_level/11_usun_koca_oglu_seyrek_boyu.csv,49,matched_unique,column rename + taxonomy family mapping (see src/build_canonical.py),açık_ilişki,ok,original repository coder (identity not recorded in source data),processed-v4-rebuild
DKR0661,data/final/dede_korkut_kenarlar_temiz.csv,data/story_level/11_usun_koca_oglu_seyrek_boyu.csv,50,matched_unique,column rename + taxonomy family mapping (see src/build_canonical.py),açık_ilişki,ok,original repository coder (identity not recorded in source data),processed-v4-rebuild
DKR0663,data/final/dede_korkut_kenarlar_temiz.csv,data/story_level/11_usun_koca_oglu_seyrek_boyu.csv,51,matched_unique,column rename + taxonomy family mapping (see src/build_canonical.py),açık_ilişki,ok,original repository coder (identity not recorded in source data),processed-v4-rebuild
DKR0664,data/final/dede_korkut_kenarlar_temiz.csv,data/story_level/11_usun_koca_oglu_seyrek_boyu.csv,52,matched_unique,column rename + taxonomy family mapping (see src/build_canonical.py),açık_ilişki,ok,original repository coder (identity not recorded in source data),processed-v4-rebuild
DKR0665,data/final/dede_korkut_kenarlar_temiz.csv,data/story_level/11_usun_koca_oglu_seyrek_boyu.csv,53,matched_unique,column rename + taxonomy family mapping (see src/build_canonical.py),açık_ilişki,ok,original repository coder (identity not recorded in source data),processed-v4-rebuild
DKR0669,data/final/dede_korkut_kenarlar_temiz.csv,data/story_level/12_salur_kazanin_tutsak_olup_oglu_uruzun_kurtardigi_boy.csv,0,matched_unique,column rename + taxonomy family mapping (see src/build_canonical.py),açık_ilişki,ok,original repository coder (identity not recorded in source data),processed-v4-rebuild
DKR0671,data/final/dede_korkut_kenarlar_temiz.csv,data/story_level/12_salur_kazanin_tutsak_olup_oglu_uruzun_kurtardigi_boy.csv,1,matched_unique,column rename + taxonomy family mapping (see src/build_canonical.py),açık_ilişki,ok,original repository coder (identity not recorded in source data),processed-v4-rebuild
DKR0672,data/final/dede_korkut_kenarlar_temiz.csv,data/story_level/12_salur_kazanin_tutsak_olup_oglu_uruzun_kurtardigi_boy.csv,2,matched_unique,column rename + taxonomy family mapping (see src/build_canonical.py),açık_ilişki,ok,original repository coder (identity not recorded in source data),processed-v4-rebuild
DKR0674,data/final/dede_korkut_kenarlar_temiz.csv,data/story_level/12_salur_kazanin_tutsak_olup_oglu_uruzun_kurtardigi_boy.csv,3,matched_unique,column rename + taxonomy family mapping (see src/build_canonical.py),açık_ilişki,ok,original repository coder (identity not recorded in source data),processed-v4-rebuild
DKR0675,data/final/dede_korkut_kenarlar_temiz.csv,data/story_level/12_salur_kazanin_tutsak_olup_oglu_uruzun_kurtardigi_boy.csv,4,matched_unique,column rename + taxonomy family mapping (see src/build_canonical.py),açık_ilişki,ok,original repository coder (identity not recorded in source data),processed-v4-rebuild
DKR0676,data/final/dede_korkut_kenarlar_temiz.csv,data/story_level/12_salur_kazanin_tutsak_olup_oglu_uruzun_kurtardigi_boy.csv,5,matched_unique,column rename + taxonomy family mapping (see src/build_canonical.py),açık_ilişki,ok,original repository coder (identity not recorded in source data),processed-v4-rebuild
DKR0677,data/final/dede_korkut_kenarlar_temiz.csv,data/story_level/12_salur_kazanin_tutsak_olup_oglu_uruzun_kurtardigi_boy.csv,6,matched_unique,column rename + taxonomy family mapping (see src/build_canonical.py),açık_ilişki,ok,original repository coder (identity not recorded in source data),processed-v4-rebuild
DKR0679,data/final/dede_korkut_kenarlar_temiz.csv,data/story_level/12_salur_kazanin_tutsak_olup_oglu_uruzun_kurtardigi_boy.csv,7,matched_unique,column rename + taxonomy family mapping (see src/build_canonical.py),açık_ilişki,ok,original repository coder (identity not recorded in source data),processed-v4-rebuild
DKR0680,data/final/dede_korkut_kenarlar_temiz.csv,data/story_level/12_salur_kazanin_tutsak_olup_oglu_uruzun_kurtardigi_boy.csv,8,matched_unique,column rename + taxonomy family mapping (see src/build_canonical.py),açık_ilişki,ok,original repository coder (identity not recorded in source data),processed-v4-rebuild
DKR0681,data/final/dede_korkut_kenarlar_temiz.csv,data/story_level/12_salur_kazanin_tutsak_olup_oglu_uruzun_kurtardigi_boy.csv,9,matched_unique,column rename + taxonomy family mapping (see src/build_canonical.py),açık_ilişki,ok,original repository coder (identity not recorded in source data),processed-v4-rebuild
DKR0682,data/final/dede_korkut_kenarlar_temiz.csv,data/story_level/12_salur_kazanin_tutsak_olup_oglu_uruzun_kurtardigi_boy.csv,10,matched_unique,column rename + taxonomy family mapping (see src/build_canonical.py),açık_ilişki,ok,original repository coder (identity not recorded in source data),processed-v4-rebuild
DKR0683,data/final/dede_korkut_kenarlar_temiz.csv,data/story_level/12_salur_kazanin_tutsak_olup_oglu_uruzun_kurtardigi_boy.csv,11,matched_unique,column rename + taxonomy family mapping (see src/build_canonical.py),açık_ilişki,ok,original repository coder (identity not recorded in source data),processed-v4-rebuild
DKR0684,data/final/dede_korkut_kenarlar_temiz.csv,data/story_level/12_salur_kazanin_tutsak_olup_oglu_uruzun_kurtardigi_boy.csv,12,matched_unique,column rename + taxonomy family mapping (see src/build_canonical.py),açık_ilişki,ok,original repository coder (identity not recorded in source data),processed-v4-rebuild
DKR0686,data/final/dede_korkut_kenarlar_temiz.csv,data/story_level/12_salur_kazanin_tutsak_olup_oglu_uruzun_kurtardigi_boy.csv,13,matched_unique,column rename + taxonomy family mapping (see src/build_canonical.py),açık_ilişki,ok,original repository coder (identity not recorded in source data),processed-v4-rebuild
DKR0687,data/final/dede_korkut_kenarlar_temiz.csv,data/story_level/12_salur_kazanin_tutsak_olup_oglu_uruzun_kurtardigi_boy.csv,14,matched_unique,column rename + taxonomy family mapping (see src/build_canonical.py),açık_ilişki,ok,original repository coder (identity not recorded in source data),processed-v4-rebuild
DKR0688,data/final/dede_korkut_kenarlar_temiz.csv,data/story_level/12_salur_kazanin_tutsak_olup_oglu_uruzun_kurtardigi_boy.csv,15,matched_unique,column rename + taxonomy family mapping (see src/build_canonical.py),açık_ilişki,ok,original repository coder (identity not recorded in source data),processed-v4-rebuild
DKR0689,data/final/dede_korkut_kenarlar_temiz.csv,data/story_level/12_salur_kazanin_tutsak_olup_oglu_uruzun_kurtardigi_boy.csv,16,matched_unique,column rename + taxonomy family mapping (see src/build_canonical.py),açık_ilişki,ok,original repository coder (identity not recorded in source data),processed-v4-rebuild
DKR0690,data/final/dede_korkut_kenarlar_temiz.csv,data/story_level/12_salur_kazanin_tutsak_olup_oglu_uruzun_kurtardigi_boy.csv,17,matched_unique,column rename + taxonomy family mapping (see src/build_canonical.py),açık_ilişki,ok,original repository coder (identity not recorded in source data),processed-v4-rebuild
DKR0691,data/final/dede_korkut_kenarlar_temiz.csv,data/story_level/12_salur_kazanin_tutsak_olup_oglu_uruzun_kurtardigi_boy.csv,18,matched_unique,column rename + taxonomy family mapping (see src/build_canonical.py),açık_ilişki,ok,original repository coder (identity not recorded in source data),processed-v4-rebuild
DKR0692,data/final/dede_korkut_kenarlar_temiz.csv,data/story_level/12_salur_kazanin_tutsak_olup_oglu_uruzun_kurtardigi_boy.csv,,unmatched_provenance_gap,column rename + taxonomy family mapping (see src/build_canonical.py),açık_ilişki,ok,original repository coder (identity not recorded in source data),processed-v4-rebuild
DKR0693,data/final/dede_korkut_kenarlar_temiz.csv,data/story_level/12_salur_kazanin_tutsak_olup_oglu_uruzun_kurtardigi_boy.csv,,unmatched_provenance_gap,column rename + taxonomy family mapping (see src/build_canonical.py),açık_ilişki,ok,original repository coder (identity not recorded in source data),processed-v4-rebuild
DKR0694,data/final/dede_korkut_kenarlar_temiz.csv,data/story_level/12_salur_kazanin_tutsak_olup_oglu_uruzun_kurtardigi_boy.csv,21,matched_unique,column rename + taxonomy family mapping (see src/build_canonical.py),açık_ilişki,ok,original repository coder (identity not recorded in source data),processed-v4-rebuild
DKR0695,data/final/dede_korkut_kenarlar_temiz.csv,data/story_level/12_salur_kazanin_tutsak_olup_oglu_uruzun_kurtardigi_boy.csv,22,matched_unique,column rename + taxonomy family mapping (see src/build_canonical.py),açık_ilişki,ok,original repository coder (identity not recorded in source data),processed-v4-rebuild
DKR0696,data/final/dede_korkut_kenarlar_temiz.csv,data/story_level/12_salur_kazanin_tutsak_olup_oglu_uruzun_kurtardigi_boy.csv,,unmatched_provenance_gap,column rename + taxonomy family mapping (see src/build_canonical.py),açık_ilişki,ok,original repository coder (identity not recorded in source data),processed-v4-rebuild
DKR0698,data/final/dede_korkut_kenarlar_temiz.csv,data/story_level/12_salur_kazanin_tutsak_olup_oglu_uruzun_kurtardigi_boy.csv,24,matched_unique,column rename + taxonomy family mapping (see src/build_canonical.py),açık_ilişki,ok,original repository coder (identity not recorded in source data),processed-v4-rebuild
DKR0699,data/final/dede_korkut_kenarlar_temiz.csv,data/story_level/12_salur_kazanin_tutsak_olup_oglu_uruzun_kurtardigi_boy.csv,25,matched_unique,column rename + taxonomy family mapping (see src/build_canonical.py),açık_ilişki,ok,original repository coder (identity not recorded in source data),processed-v4-rebuild
DKR0700,data/final/dede_korkut_kenarlar_temiz.csv,data/story_level/12_salur_kazanin_tutsak_olup_oglu_uruzun_kurtardigi_boy.csv,26,matched_unique,column rename + taxonomy family mapping (see src/build_canonical.py),açık_ilişki,ok,original repository coder (identity not recorded in source data),processed-v4-rebuild
DKR0703,data/final/dede_korkut_kenarlar_temiz.csv,data/story_level/12_salur_kazanin_tutsak_olup_oglu_uruzun_kurtardigi_boy.csv,27,matched_unique,column rename + taxonomy family mapping (see src/build_canonical.py),çıkarımsal_akrabalık,ok,original repository coder (identity not recorded in source data),processed-v4-rebuild
DKR0704,data/final/dede_korkut_kenarlar_temiz.csv,data/story_level/12_salur_kazanin_tutsak_olup_oglu_uruzun_kurtardigi_boy.csv,28,matched_unique,column rename + taxonomy family mapping (see src/build_canonical.py),açık_ilişki,ok,original repository coder (identity not recorded in source data),processed-v4-rebuild
DKR0705,data/final/dede_korkut_kenarlar_temiz.csv,data/story_level/12_salur_kazanin_tutsak_olup_oglu_uruzun_kurtardigi_boy.csv,29,matched_unique,column rename + taxonomy family mapping (see src/build_canonical.py),açık_ilişki,ok,original repository coder (identity not recorded in source data),processed-v4-rebuild
DKR0706,data/final/dede_korkut_kenarlar_temiz.csv,data/story_level/12_salur_kazanin_tutsak_olup_oglu_uruzun_kurtardigi_boy.csv,30,matched_unique,column rename + taxonomy family mapping (see src/build_canonical.py),açık_ilişki,ok,original repository coder (identity not recorded in source data),processed-v4-rebuild
DKR0707,data/final/dede_korkut_kenarlar_temiz.csv,data/story_level/12_salur_kazanin_tutsak_olup_oglu_uruzun_kurtardigi_boy.csv,31,matched_unique,column rename + taxonomy family mapping (see src/build_canonical.py),açık_ilişki,ok,original repository coder (identity not recorded in source data),processed-v4-rebuild
DKR0709,data/final/dede_korkut_kenarlar_temiz.csv,data/story_level/12_salur_kazanin_tutsak_olup_oglu_uruzun_kurtardigi_boy.csv,33,matched_unique,column rename + taxonomy family mapping (see src/build_canonical.py),açık_ilişki,ok,original repository coder (identity not recorded in source data),processed-v4-rebuild
DKR0710,data/final/dede_korkut_kenarlar_temiz.csv,data/story_level/12_salur_kazanin_tutsak_olup_oglu_uruzun_kurtardigi_boy.csv,34,matched_unique,column rename + taxonomy family mapping (see src/build_canonical.py),açık_ilişki,ok,original repository coder (identity not recorded in source data),processed-v4-rebuild
DKR0711,data/final/dede_korkut_kenarlar_temiz.csv,data/story_level/12_salur_kazanin_tutsak_olup_oglu_uruzun_kurtardigi_boy.csv,35,matched_unique,column rename + taxonomy family mapping (see src/build_canonical.py),açık_ilişki,ok,original repository coder (identity not recorded in source data),processed-v4-rebuild
DKR0719,data/final/dede_korkut_kenarlar_temiz.csv,data/story_level/12_salur_kazanin_tutsak_olup_oglu_uruzun_kurtardigi_boy.csv,36,matched_unique,column rename + taxonomy family mapping (see src/build_canonical.py),açık_ilişki,ok,original repository coder (identity not recorded in source data),processed-v4-rebuild
DKR0720,data/final/dede_korkut_kenarlar_temiz.csv,data/story_level/12_salur_kazanin_tutsak_olup_oglu_uruzun_kurtardigi_boy.csv,37,matched_unique,column rename + taxonomy family mapping (see src/build_canonical.py),açık_ilişki,ok,original repository coder (identity not recorded in source data),processed-v4-rebuild
DKR0721,data/final/dede_korkut_kenarlar_temiz.csv,data/story_level/12_salur_kazanin_tutsak_olup_oglu_uruzun_kurtardigi_boy.csv,38,matched_unique,column rename + taxonomy family mapping (see src/build_canonical.py),açık_ilişki,ok,original repository coder (identity not recorded in source data),processed-v4-rebuild
DKR0723,data/final/dede_korkut_kenarlar_temiz.csv,data/story_level/12_salur_kazanin_tutsak_olup_oglu_uruzun_kurtardigi_boy.csv,39,matched_unique,column rename + taxonomy family mapping (see src/build_canonical.py),açık_ilişki,ok,original repository coder (identity not recorded in source data),processed-v4-rebuild
DKR0724,data/final/dede_korkut_kenarlar_temiz.csv,data/story_level/12_salur_kazanin_tutsak_olup_oglu_uruzun_kurtardigi_boy.csv,40,matched_unique,column rename + taxonomy family mapping (see src/build_canonical.py),açık_ilişki,ok,original repository coder (identity not recorded in source data),processed-v4-rebuild
DKR0725,data/final/dede_korkut_kenarlar_temiz.csv,data/story_level/12_salur_kazanin_tutsak_olup_oglu_uruzun_kurtardigi_boy.csv,,unmatched_provenance_gap,column rename + taxonomy family mapping (see src/build_canonical.py),açık_ilişki,ok,original repository coder (identity not recorded in source data),processed-v4-rebuild
DKR0726,data/final/dede_korkut_kenarlar_temiz.csv,data/story_level/12_salur_kazanin_tutsak_olup_oglu_uruzun_kurtardigi_boy.csv,,unmatched_provenance_gap,column rename + taxonomy family mapping (see src/build_canonical.py),açık_ilişki,ok,original repository coder (identity not recorded in source data),processed-v4-rebuild
DKR0727,data/final/dede_korkut_kenarlar_temiz.csv,data/story_level/12_salur_kazanin_tutsak_olup_oglu_uruzun_kurtardigi_boy.csv,,unmatched_provenance_gap,column rename + taxonomy family mapping (see src/build_canonical.py),açık_ilişki,ok,original repository coder (identity not recorded in source data),processed-v4-rebuild
DKR0728,data/final/dede_korkut_kenarlar_temiz.csv,data/story_level/12_salur_kazanin_tutsak_olup_oglu_uruzun_kurtardigi_boy.csv,44,matched_unique,column rename + taxonomy family mapping (see src/build_canonical.py),açık_ilişki,ok,original repository coder (identity not recorded in source data),processed-v4-rebuild
DKR0730,data/final/dede_korkut_kenarlar_temiz.csv,data/story_level/12_salur_kazanin_tutsak_olup_oglu_uruzun_kurtardigi_boy.csv,,unmatched_provenance_gap,column rename + taxonomy family mapping (see src/build_canonical.py),açık_ilişki,ok,original repository coder (identity not recorded in source data),processed-v4-rebuild
DKR0731,data/final/dede_korkut_kenarlar_temiz.csv,data/story_level/12_salur_kazanin_tutsak_olup_oglu_uruzun_kurtardigi_boy.csv,46,matched_unique,column rename + taxonomy family mapping (see src/build_canonical.py),açık_ilişki,ok,original repository coder (identity not recorded in source data),processed-v4-rebuild
DKR0734,data/final/dede_korkut_kenarlar_temiz.csv,data/story_level/12_salur_kazanin_tutsak_olup_oglu_uruzun_kurtardigi_boy.csv,47,matched_unique,column rename + taxonomy family mapping (see src/build_canonical.py),açık_ilişki,ok,original repository coder (identity not recorded in source data),processed-v4-rebuild
DKR0735,data/final/dede_korkut_kenarlar_temiz.csv,data/story_level/12_salur_kazanin_tutsak_olup_oglu_uruzun_kurtardigi_boy.csv,48,matched_unique,column rename + taxonomy family mapping (see src/build_canonical.py),açık_ilişki,ok,original repository coder (identity not recorded in source data),processed-v4-rebuild
DKR0736,data/final/dede_korkut_kenarlar_temiz.csv,data/story_level/12_salur_kazanin_tutsak_olup_oglu_uruzun_kurtardigi_boy.csv,49,matched_unique,column rename + taxonomy family mapping (see src/build_canonical.py),açık_ilişki,ok,original repository coder (identity not recorded in source data),processed-v4-rebuild
DKR0737,data/final/dede_korkut_kenarlar_temiz.csv,data/story_level/12_salur_kazanin_tutsak_olup_oglu_uruzun_kurtardigi_boy.csv,50,matched_unique,column rename + taxonomy family mapping (see src/build_canonical.py),açık_ilişki,ok,original repository coder (identity not recorded in source data),processed-v4-rebuild
DKR0738,data/final/dede_korkut_kenarlar_temiz.csv,data/story_level/12_salur_kazanin_tutsak_olup_oglu_uruzun_kurtardigi_boy.csv,51,matched_unique,column rename + taxonomy family mapping (see src/build_canonical.py),açık_ilişki,ok,original repository coder (identity not recorded in source data),processed-v4-rebuild
DKR0740,data/final/dede_korkut_kenarlar_temiz.csv,data/story_level/12_salur_kazanin_tutsak_olup_oglu_uruzun_kurtardigi_boy.csv,52,matched_unique,column rename + taxonomy family mapping (see src/build_canonical.py),açık_ilişki,ok,original repository coder (identity not recorded in source data),processed-v4-rebuild
DKR0741,data/final/dede_korkut_kenarlar_temiz.csv,data/story_level/12_salur_kazanin_tutsak_olup_oglu_uruzun_kurtardigi_boy.csv,53,matched_unique,column rename + taxonomy family mapping (see src/build_canonical.py),açık_ilişki,ok,original repository coder (identity not recorded in source data),processed-v4-rebuild
DKR0743,data/final/dede_korkut_kenarlar_temiz.csv,data/story_level/12_salur_kazanin_tutsak_olup_oglu_uruzun_kurtardigi_boy.csv,54,matched_unique,column rename + taxonomy family mapping (see src/build_canonical.py),açık_ilişki,ok,original repository coder (identity not recorded in source data),processed-v4-rebuild
DKR0744,data/final/dede_korkut_kenarlar_temiz.csv,data/story_level/12_salur_kazanin_tutsak_olup_oglu_uruzun_kurtardigi_boy.csv,55,matched_unique,column rename + taxonomy family mapping (see src/build_canonical.py),açık_ilişki,ok,original repository coder (identity not recorded in source data),processed-v4-rebuild
DKR0745,data/final/dede_korkut_kenarlar_temiz.csv,data/story_level/12_salur_kazanin_tutsak_olup_oglu_uruzun_kurtardigi_boy.csv,,unmatched_provenance_gap,column rename + taxonomy family mapping (see src/build_canonical.py),açık_ilişki,ok,original repository coder (identity not recorded in source data),processed-v4-rebuild
DKR0746,data/final/dede_korkut_kenarlar_temiz.csv,data/story_level/12_salur_kazanin_tutsak_olup_oglu_uruzun_kurtardigi_boy.csv,57,matched_unique,column rename + taxonomy family mapping (see src/build_canonical.py),açık_ilişki,ok,original repository coder (identity not recorded in source data),processed-v4-rebuild
DKR0747,data/final/dede_korkut_kenarlar_temiz.csv,data/story_level/12_salur_kazanin_tutsak_olup_oglu_uruzun_kurtardigi_boy.csv,58,matched_unique,column rename + taxonomy family mapping (see src/build_canonical.py),açık_ilişki,ok,original repository coder (identity not recorded in source data),processed-v4-rebuild
DKR0749,data/final/dede_korkut_kenarlar_temiz.csv,data/story_level/12_salur_kazanin_tutsak_olup_oglu_uruzun_kurtardigi_boy.csv,59,matched_unique,column rename + taxonomy family mapping (see src/build_canonical.py),açık_ilişki,ok,original repository coder (identity not recorded in source data),processed-v4-rebuild
DKR0750,data/final/dede_korkut_kenarlar_temiz.csv,data/story_level/12_salur_kazanin_tutsak_olup_oglu_uruzun_kurtardigi_boy.csv,60,matched_unique,column rename + taxonomy family mapping (see src/build_canonical.py),açık_ilişki,ok,original repository coder (identity not recorded in source data),processed-v4-rebuild
DKR0751,data/final/dede_korkut_kenarlar_temiz.csv,data/story_level/12_salur_kazanin_tutsak_olup_oglu_uruzun_kurtardigi_boy.csv,61,matched_unique,column rename + taxonomy family mapping (see src/build_canonical.py),açık_ilişki,ok,original repository coder (identity not recorded in source data),processed-v4-rebuild
DKR0752,data/final/dede_korkut_kenarlar_temiz.csv,data/story_level/12_salur_kazanin_tutsak_olup_oglu_uruzun_kurtardigi_boy.csv,62,matched_unique,column rename + taxonomy family mapping (see src/build_canonical.py),açık_ilişki,ok,original repository coder (identity not recorded in source data),processed-v4-rebuild
DKR0753,data/final/dede_korkut_kenarlar_temiz.csv,data/story_level/12_salur_kazanin_tutsak_olup_oglu_uruzun_kurtardigi_boy.csv,63,matched_unique,column rename + taxonomy family mapping (see src/build_canonical.py),açık_ilişki,ok,original repository coder (identity not recorded in source data),processed-v4-rebuild
DKR0754,data/final/dede_korkut_kenarlar_temiz.csv,data/story_level/12_salur_kazanin_tutsak_olup_oglu_uruzun_kurtardigi_boy.csv,64,matched_unique,column rename + taxonomy family mapping (see src/build_canonical.py),açık_ilişki,ok,original repository coder (identity not recorded in source data),processed-v4-rebuild
DKR0755,data/final/dede_korkut_kenarlar_temiz.csv,data/story_level/12_salur_kazanin_tutsak_olup_oglu_uruzun_kurtardigi_boy.csv,65,matched_unique,column rename + taxonomy family mapping (see src/build_canonical.py),açık_ilişki,ok,original repository coder (identity not recorded in source data),processed-v4-rebuild
DKR0756,data/final/dede_korkut_kenarlar_temiz.csv,data/story_level/12_salur_kazanin_tutsak_olup_oglu_uruzun_kurtardigi_boy.csv,66,matched_unique,column rename + taxonomy family mapping (see src/build_canonical.py),açık_ilişki,ok,original repository coder (identity not recorded in source data),processed-v4-rebuild
DKR0757,data/final/dede_korkut_kenarlar_temiz.csv,data/story_level/12_salur_kazanin_tutsak_olup_oglu_uruzun_kurtardigi_boy.csv,67,matched_unique,column rename + taxonomy family mapping (see src/build_canonical.py),açık_ilişki,ok,original repository coder (identity not recorded in source data),processed-v4-rebuild
DKR0764,data/final/dede_korkut_kenarlar_temiz.csv,data/story_level/13_ic_oguza_dis_oguzun_asi_olup_beyreki_oldurdugu.csv,0,matched_unique,column rename + taxonomy family mapping (see src/build_canonical.py),açık_ilişki,ok,original repository coder (identity not recorded in source data),processed-v4-rebuild
DKR0765,data/final/dede_korkut_kenarlar_temiz.csv,data/story_level/13_ic_oguza_dis_oguzun_asi_olup_beyreki_oldurdugu.csv,1,matched_unique,column rename + taxonomy family mapping (see src/build_canonical.py),açık_ilişki,ok,original repository coder (identity not recorded in source data),processed-v4-rebuild
DKR0766,data/final/dede_korkut_kenarlar_temiz.csv,data/story_level/13_ic_oguza_dis_oguzun_asi_olup_beyreki_oldurdugu.csv,2,matched_unique,column rename + taxonomy family mapping (see src/build_canonical.py),açık_ilişki,ok,original repository coder (identity not recorded in source data),processed-v4-rebuild
DKR0767,data/final/dede_korkut_kenarlar_temiz.csv,data/story_level/13_ic_oguza_dis_oguzun_asi_olup_beyreki_oldurdugu.csv,3,matched_unique,column rename + taxonomy family mapping (see src/build_canonical.py),açık_ilişki,ok,original repository coder (identity not recorded in source data),processed-v4-rebuild
DKR0768,data/final/dede_korkut_kenarlar_temiz.csv,data/story_level/13_ic_oguza_dis_oguzun_asi_olup_beyreki_oldurdugu.csv,4,matched_unique,column rename + taxonomy family mapping (see src/build_canonical.py),açık_ilişki,ok,original repository coder (identity not recorded in source data),processed-v4-rebuild
DKR0772,data/final/dede_korkut_kenarlar_temiz.csv,data/story_level/13_ic_oguza_dis_oguzun_asi_olup_beyreki_oldurdugu.csv,5,matched_unique,column rename + taxonomy family mapping (see src/build_canonical.py),açık_ilişki,ok,original repository coder (identity not recorded in source data),processed-v4-rebuild
DKR0773,data/final/dede_korkut_kenarlar_temiz.csv,data/story_level/13_ic_oguza_dis_oguzun_asi_olup_beyreki_oldurdugu.csv,6,matched_unique,column rename + taxonomy family mapping (see src/build_canonical.py),açık_ilişki,ok,original repository coder (identity not recorded in source data),processed-v4-rebuild
DKR0774,data/final/dede_korkut_kenarlar_temiz.csv,data/story_level/13_ic_oguza_dis_oguzun_asi_olup_beyreki_oldurdugu.csv,7,matched_unique,column rename + taxonomy family mapping (see src/build_canonical.py),açık_ilişki,ok,original repository coder (identity not recorded in source data),processed-v4-rebuild
DKR0775,data/final/dede_korkut_kenarlar_temiz.csv,data/story_level/13_ic_oguza_dis_oguzun_asi_olup_beyreki_oldurdugu.csv,,unmatched_provenance_gap,column rename + taxonomy family mapping (see src/build_canonical.py),açık_ilişki,ok,original repository coder (identity not recorded in source data),processed-v4-rebuild
DKR0776,data/final/dede_korkut_kenarlar_temiz.csv,data/story_level/13_ic_oguza_dis_oguzun_asi_olup_beyreki_oldurdugu.csv,9,matched_unique,column rename + taxonomy family mapping (see src/build_canonical.py),açık_ilişki,ok,original repository coder (identity not recorded in source data),processed-v4-rebuild
DKR0777,data/final/dede_korkut_kenarlar_temiz.csv,data/story_level/13_ic_oguza_dis_oguzun_asi_olup_beyreki_oldurdugu.csv,10,matched_unique,column rename + taxonomy family mapping (see src/build_canonical.py),açık_ilişki,ok,original repository coder (identity not recorded in source data),processed-v4-rebuild
DKR0778,data/final/dede_korkut_kenarlar_temiz.csv,data/story_level/13_ic_oguza_dis_oguzun_asi_olup_beyreki_oldurdugu.csv,11,matched_unique,column rename + taxonomy family mapping (see src/build_canonical.py),açık_ilişki,ok,original repository coder (identity not recorded in source data),processed-v4-rebuild
DKR0779,data/final/dede_korkut_kenarlar_temiz.csv,data/story_level/13_ic_oguza_dis_oguzun_asi_olup_beyreki_oldurdugu.csv,12,matched_unique,column rename + taxonomy family mapping (see src/build_canonical.py),açık_ilişki,ok,original repository coder (identity not recorded in source data),processed-v4-rebuild
DKR0780,data/final/dede_korkut_kenarlar_temiz.csv,data/story_level/13_ic_oguza_dis_oguzun_asi_olup_beyreki_oldurdugu.csv,13,matched_unique,column rename + taxonomy family mapping (see src/build_canonical.py),açık_ilişki,ok,original repository coder (identity not recorded in source data),processed-v4-rebuild
DKR0781,data/final/dede_korkut_kenarlar_temiz.csv,data/story_level/13_ic_oguza_dis_oguzun_asi_olup_beyreki_oldurdugu.csv,14,matched_unique,column rename + taxonomy family mapping (see src/build_canonical.py),açık_ilişki,ok,original repository coder (identity not recorded in source data),processed-v4-rebuild
DKR0782,data/final/dede_korkut_kenarlar_temiz.csv,data/story_level/13_ic_oguza_dis_oguzun_asi_olup_beyreki_oldurdugu.csv,15,matched_unique,column rename + taxonomy family mapping (see src/build_canonical.py),açık_ilişki,ok,original repository coder (identity not recorded in source data),processed-v4-rebuild
DKR0783,data/final/dede_korkut_kenarlar_temiz.csv,data/story_level/13_ic_oguza_dis_oguzun_asi_olup_beyreki_oldurdugu.csv,16,matched_unique,column rename + taxonomy family mapping (see src/build_canonical.py),açık_ilişki,ok,original repository coder (identity not recorded in source data),processed-v4-rebuild
DKR0784,data/final/dede_korkut_kenarlar_temiz.csv,data/story_level/13_ic_oguza_dis_oguzun_asi_olup_beyreki_oldurdugu.csv,17,matched_unique,column rename + taxonomy family mapping (see src/build_canonical.py),açık_ilişki,ok,original repository coder (identity not recorded in source data),processed-v4-rebuild
DKR0785,data/final/dede_korkut_kenarlar_temiz.csv,data/story_level/13_ic_oguza_dis_oguzun_asi_olup_beyreki_oldurdugu.csv,18,matched_unique,column rename + taxonomy family mapping (see src/build_canonical.py),açık_ilişki,ok,original repository coder (identity not recorded in source data),processed-v4-rebuild
DKR0786,data/final/dede_korkut_kenarlar_temiz.csv,data/story_level/13_ic_oguza_dis_oguzun_asi_olup_beyreki_oldurdugu.csv,19,matched_unique,column rename + taxonomy family mapping (see src/build_canonical.py),açık_ilişki,ok,original repository coder (identity not recorded in source data),processed-v4-rebuild
DKR0787,data/final/dede_korkut_kenarlar_temiz.csv,data/story_level/13_ic_oguza_dis_oguzun_asi_olup_beyreki_oldurdugu.csv,20,matched_unique,column rename + taxonomy family mapping (see src/build_canonical.py),açık_ilişki,ok,original repository coder (identity not recorded in source data),processed-v4-rebuild
DKR0788,data/final/dede_korkut_kenarlar_temiz.csv,data/story_level/13_ic_oguza_dis_oguzun_asi_olup_beyreki_oldurdugu.csv,21,matched_unique,column rename + taxonomy family mapping (see src/build_canonical.py),açık_ilişki,ok,original repository coder (identity not recorded in source data),processed-v4-rebuild
DKR0789,data/final/dede_korkut_kenarlar_temiz.csv,data/story_level/13_ic_oguza_dis_oguzun_asi_olup_beyreki_oldurdugu.csv,22,matched_unique,column rename + taxonomy family mapping (see src/build_canonical.py),açık_ilişki,ok,original repository coder (identity not recorded in source data),processed-v4-rebuild
DKR0790,data/final/dede_korkut_kenarlar_temiz.csv,data/story_level/13_ic_oguza_dis_oguzun_asi_olup_beyreki_oldurdugu.csv,23,matched_unique,column rename + taxonomy family mapping (see src/build_canonical.py),açık_ilişki,ok,original repository coder (identity not recorded in source data),processed-v4-rebuild
DKR0793,data/final/dede_korkut_kenarlar_temiz.csv,data/story_level/13_ic_oguza_dis_oguzun_asi_olup_beyreki_oldurdugu.csv,24,matched_unique,column rename + taxonomy family mapping (see src/build_canonical.py),açık_ilişki,ok,original repository coder (identity not recorded in source data),processed-v4-rebuild
DKR0794,data/final/dede_korkut_kenarlar_temiz.csv,data/story_level/13_ic_oguza_dis_oguzun_asi_olup_beyreki_oldurdugu.csv,25,matched_unique,column rename + taxonomy family mapping (see src/build_canonical.py),çıkarımsal_akrabalık,ok,original repository coder (identity not recorded in source data),processed-v4-rebuild
DKR0796,data/final/dede_korkut_kenarlar_temiz.csv,data/story_level/13_ic_oguza_dis_oguzun_asi_olup_beyreki_oldurdugu.csv,26,matched_unique,column rename + taxonomy family mapping (see src/build_canonical.py),açık_ilişki,ok,original repository coder (identity not recorded in source data),processed-v4-rebuild
DKR0799,data/final/dede_korkut_kenarlar_temiz.csv,data/story_level/13_ic_oguza_dis_oguzun_asi_olup_beyreki_oldurdugu.csv,27,matched_unique,column rename + taxonomy family mapping (see src/build_canonical.py),açık_ilişki,ok,original repository coder (identity not recorded in source data),processed-v4-rebuild
DKR0800,data/final/dede_korkut_kenarlar_temiz.csv,data/story_level/13_ic_oguza_dis_oguzun_asi_olup_beyreki_oldurdugu.csv,28,matched_unique,column rename + taxonomy family mapping (see src/build_canonical.py),açık_ilişki,ok,original repository coder (identity not recorded in source data),processed-v4-rebuild
DKR0801,data/final/dede_korkut_kenarlar_temiz.csv,data/story_level/13_ic_oguza_dis_oguzun_asi_olup_beyreki_oldurdugu.csv,29,matched_unique,column rename + taxonomy family mapping (see src/build_canonical.py),açık_ilişki,ok,original repository coder (identity not recorded in source data),processed-v4-rebuild
DKR0802,data/final/dede_korkut_kenarlar_temiz.csv,data/story_level/13_ic_oguza_dis_oguzun_asi_olup_beyreki_oldurdugu.csv,30,matched_unique,column rename + taxonomy family mapping (see src/build_canonical.py),açık_ilişki,ok,original repository coder (identity not recorded in source data),processed-v4-rebuild
DKR0803,data/final/dede_korkut_kenarlar_temiz.csv,data/story_level/13_ic_oguza_dis_oguzun_asi_olup_beyreki_oldurdugu.csv,,unmatched_provenance_gap,column rename + taxonomy family mapping (see src/build_canonical.py),açık_ilişki,ok,original repository coder (identity not recorded in source data),processed-v4-rebuild
DKR0806,data/final/dede_korkut_kenarlar_temiz.csv,data/story_level/13_ic_oguza_dis_oguzun_asi_olup_beyreki_oldurdugu.csv,32,matched_unique,column rename + taxonomy family mapping (see src/build_canonical.py),açık_ilişki,ok,original repository coder (identity not recorded in source data),processed-v4-rebuild
DKR0807,data/final/dede_korkut_kenarlar_temiz.csv,data/story_level/13_ic_oguza_dis_oguzun_asi_olup_beyreki_oldurdugu.csv,33,matched_unique,column rename + taxonomy family mapping (see src/build_canonical.py),açık_ilişki,ok,original repository coder (identity not recorded in source data),processed-v4-rebuild
DKR0808,data/final/dede_korkut_kenarlar_temiz.csv,data/story_level/13_ic_oguza_dis_oguzun_asi_olup_beyreki_oldurdugu.csv,34,matched_unique,column rename + taxonomy family mapping (see src/build_canonical.py),açık_ilişki,ok,original repository coder (identity not recorded in source data),processed-v4-rebuild
DKR0809,data/final/dede_korkut_kenarlar_temiz.csv,data/story_level/13_ic_oguza_dis_oguzun_asi_olup_beyreki_oldurdugu.csv,35,matched_unique,column rename + taxonomy family mapping (see src/build_canonical.py),açık_ilişki,ok,original repository coder (identity not recorded in source data),processed-v4-rebuild
DKR0810,data/final/dede_korkut_kenarlar_temiz.csv,data/story_level/13_ic_oguza_dis_oguzun_asi_olup_beyreki_oldurdugu.csv,36,matched_unique,column rename + taxonomy family mapping (see src/build_canonical.py),açık_ilişki,ok,original repository coder (identity not recorded in source data),processed-v4-rebuild
DKR0811,data/final/dede_korkut_kenarlar_temiz.csv,data/story_level/13_ic_oguza_dis_oguzun_asi_olup_beyreki_oldurdugu.csv,37,matched_unique,column rename + taxonomy family mapping (see src/build_canonical.py),açık_ilişki,ok,original repository coder (identity not recorded in source data),processed-v4-rebuild
DKR0812,data/final/dede_korkut_kenarlar_temiz.csv,data/story_level/13_ic_oguza_dis_oguzun_asi_olup_beyreki_oldurdugu.csv,38,matched_unique,column rename + taxonomy family mapping (see src/build_canonical.py),açık_ilişki,ok,original repository coder (identity not recorded in source data),processed-v4-rebuild
DKR0816,data/final/dede_korkut_kenarlar_temiz.csv,data/story_level/14_salur_kazanin_yedi_basli_ejderhayi_oldurmesi_boyu.csv,0,matched_unique,column rename + taxonomy family mapping (see src/build_canonical.py),açık_ilişki,ok,original repository coder (identity not recorded in source data),processed-v4-rebuild
DKR0817,data/final/dede_korkut_kenarlar_temiz.csv,data/story_level/14_salur_kazanin_yedi_basli_ejderhayi_oldurmesi_boyu.csv,1,matched_unique,column rename + taxonomy family mapping (see src/build_canonical.py),epitet_aktarım,ok,original repository coder (identity not recorded in source data),processed-v4-rebuild
DKR0818,data/final/dede_korkut_kenarlar_temiz.csv,data/story_level/14_salur_kazanin_yedi_basli_ejderhayi_oldurmesi_boyu.csv,2,matched_unique,column rename + taxonomy family mapping (see src/build_canonical.py),açık_ilişki,ok,original repository coder (identity not recorded in source data),processed-v4-rebuild
DKR0819,data/final/dede_korkut_kenarlar_temiz.csv,data/story_level/14_salur_kazanin_yedi_basli_ejderhayi_oldurmesi_boyu.csv,3,matched_unique,column rename + taxonomy family mapping (see src/build_canonical.py),açık_ilişki,ok,original repository coder (identity not recorded in source data),processed-v4-rebuild
DKR0820,data/final/dede_korkut_kenarlar_temiz.csv,data/story_level/14_salur_kazanin_yedi_basli_ejderhayi_oldurmesi_boyu.csv,4,matched_unique,column rename + taxonomy family mapping (see src/build_canonical.py),açık_ilişki,ok,original repository coder (identity not recorded in source data),processed-v4-rebuild
DKR0821,data/final/dede_korkut_kenarlar_temiz.csv,data/story_level/14_salur_kazanin_yedi_basli_ejderhayi_oldurmesi_boyu.csv,5,matched_unique,column rename + taxonomy family mapping (see src/build_canonical.py),açık_ilişki,ok,original repository coder (identity not recorded in source data),processed-v4-rebuild
DKR0822,data/final/dede_korkut_kenarlar_temiz.csv,data/story_level/14_salur_kazanin_yedi_basli_ejderhayi_oldurmesi_boyu.csv,6,matched_unique,column rename + taxonomy family mapping (see src/build_canonical.py),açık_ilişki,ok,original repository coder (identity not recorded in source data),processed-v4-rebuild
DKR0823,data/final/dede_korkut_kenarlar_temiz.csv,data/story_level/14_salur_kazanin_yedi_basli_ejderhayi_oldurmesi_boyu.csv,7,matched_unique,column rename + taxonomy family mapping (see src/build_canonical.py),açık_ilişki,ok,original repository coder (identity not recorded in source data),processed-v4-rebuild
DKR0824,data/final/dede_korkut_kenarlar_temiz.csv,data/story_level/14_salur_kazanin_yedi_basli_ejderhayi_oldurmesi_boyu.csv,8,matched_unique,column rename + taxonomy family mapping (see src/build_canonical.py),açık_ilişki,ok,original repository coder (identity not recorded in source data),processed-v4-rebuild
DKR0825,data/final/dede_korkut_kenarlar_temiz.csv,data/story_level/14_salur_kazanin_yedi_basli_ejderhayi_oldurmesi_boyu.csv,9,matched_unique,column rename + taxonomy family mapping (see src/build_canonical.py),açık_ilişki,ok,original repository coder (identity not recorded in source data),processed-v4-rebuild
DKR0826,data/final/dede_korkut_kenarlar_temiz.csv,data/story_level/14_salur_kazanin_yedi_basli_ejderhayi_oldurmesi_boyu.csv,10,matched_unique,column rename + taxonomy family mapping (see src/build_canonical.py),açık_ilişki,ok,original repository coder (identity not recorded in source data),processed-v4-rebuild
DKR0827,data/final/dede_korkut_kenarlar_temiz.csv,data/story_level/14_salur_kazanin_yedi_basli_ejderhayi_oldurmesi_boyu.csv,,unmatched_provenance_gap,column rename + taxonomy family mapping (see src/build_canonical.py),açık_ilişki,ok,original repository coder (identity not recorded in source data),processed-v4-rebuild
DKR0828,data/final/dede_korkut_kenarlar_temiz.csv,data/story_level/14_salur_kazanin_yedi_basli_ejderhayi_oldurmesi_boyu.csv,,unmatched_provenance_gap,column rename + taxonomy family mapping (see src/build_canonical.py),açık_ilişki,ok,original repository coder (identity not recorded in source data),processed-v4-rebuild
DKR0829,data/final/dede_korkut_kenarlar_temiz.csv,data/story_level/14_salur_kazanin_yedi_basli_ejderhayi_oldurmesi_boyu.csv,13,matched_unique,column rename + taxonomy family mapping (see src/build_canonical.py),açık_ilişki,ok,original repository coder (identity not recorded in source data),processed-v4-rebuild
DKR0830,data/final/dede_korkut_kenarlar_temiz.csv,data/story_level/14_salur_kazanin_yedi_basli_ejderhayi_oldurmesi_boyu.csv,14,matched_unique,column rename + taxonomy family mapping (see src/build_canonical.py),açık_ilişki,ok,original repository coder (identity not recorded in source data),processed-v4-rebuild
DKR0831,data/final/dede_korkut_kenarlar_temiz.csv,data/story_level/14_salur_kazanin_yedi_basli_ejderhayi_oldurmesi_boyu.csv,15,matched_unique,column rename + taxonomy family mapping (see src/build_canonical.py),açık_ilişki,ok,original repository coder (identity not recorded in source data),processed-v4-rebuild
DKR0832,data/final/dede_korkut_kenarlar_temiz.csv,data/story_level/14_salur_kazanin_yedi_basli_ejderhayi_oldurmesi_boyu.csv,16,matched_unique,column rename + taxonomy family mapping (see src/build_canonical.py),açık_ilişki,ok,original repository coder (identity not recorded in source data),processed-v4-rebuild
DKR0833,data/final/dede_korkut_kenarlar_temiz.csv,data/story_level/14_salur_kazanin_yedi_basli_ejderhayi_oldurmesi_boyu.csv,17,matched_unique,column rename + taxonomy family mapping (see src/build_canonical.py),açık_ilişki,ok,original repository coder (identity not recorded in source data),processed-v4-rebuild
DKR0834,data/final/dede_korkut_kenarlar_temiz.csv,data/story_level/14_salur_kazanin_yedi_basli_ejderhayi_oldurmesi_boyu.csv,18,matched_unique,column rename + taxonomy family mapping (see src/build_canonical.py),açık_ilişki,ok,original repository coder (identity not recorded in source data),processed-v4-rebuild
DKR0835,data/final/dede_korkut_kenarlar_temiz.csv,data/story_level/14_salur_kazanin_yedi_basli_ejderhayi_oldurmesi_boyu.csv,19,matched_unique,column rename + taxonomy family mapping (see src/build_canonical.py),açık_ilişki,ok,original repository coder (identity not recorded in source data),processed-v4-rebuild
DKR0836,data/final/dede_korkut_kenarlar_temiz.csv,data/story_level/14_salur_kazanin_yedi_basli_ejderhayi_oldurmesi_boyu.csv,20,matched_unique,column rename + taxonomy family mapping (see src/build_canonical.py),açık_ilişki,ok,original repository coder (identity not recorded in source data),processed-v4-rebuild
DKR0837,data/final/dede_korkut_kenarlar_temiz.csv,data/story_level/14_salur_kazanin_yedi_basli_ejderhayi_oldurmesi_boyu.csv,21,matched_unique,column rename + taxonomy family mapping (see src/build_canonical.py),açık_ilişki,ok,original repository coder (identity not recorded in source data),processed-v4-rebuild
DKR0838,data/final/dede_korkut_kenarlar_temiz.csv,data/story_level/14_salur_kazanin_yedi_basli_ejderhayi_oldurmesi_boyu.csv,22,matched_unique,column rename + taxonomy family mapping (see src/build_canonical.py),açık_ilişki,ok,original repository coder (identity not recorded in source data),processed-v4-rebuild
DKR0839,data/final/dede_korkut_kenarlar_temiz.csv,data/story_level/14_salur_kazanin_yedi_basli_ejderhayi_oldurmesi_boyu.csv,23,matched_unique,column rename + taxonomy family mapping (see src/build_canonical.py),açık_ilişki,ok,original repository coder (identity not recorded in source data),processed-v4-rebuild
DKR0840,data/final/dede_korkut_kenarlar_temiz.csv,data/story_level/14_salur_kazanin_yedi_basli_ejderhayi_oldurmesi_boyu.csv,24,matched_unique,column rename + taxonomy family mapping (see src/build_canonical.py),açık_ilişki,ok,original repository coder (identity not recorded in source data),processed-v4-rebuild
DKR0841,data/final/dede_korkut_kenarlar_temiz.csv,data/story_level/14_salur_kazanin_yedi_basli_ejderhayi_oldurmesi_boyu.csv,25,matched_unique,column rename + taxonomy family mapping (see src/build_canonical.py),açık_ilişki,ok,original repository coder (identity not recorded in source data),processed-v4-rebuild
DKR0842,data/final/dede_korkut_kenarlar_temiz.csv,data/story_level/14_salur_kazanin_yedi_basli_ejderhayi_oldurmesi_boyu.csv,26,matched_unique,column rename + taxonomy family mapping (see src/build_canonical.py),çıkarımsal_akrabalık,ok,original repository coder (identity not recorded in source data),processed-v4-rebuild
DKR0843,data/final/dede_korkut_kenarlar_temiz.csv,data/story_level/14_salur_kazanin_yedi_basli_ejderhayi_oldurmesi_boyu.csv,27,matched_unique,column rename + taxonomy family mapping (see src/build_canonical.py),açık_ilişki,ok,original repository coder (identity not recorded in source data),processed-v4-rebuild
DKR0844,data/final/dede_korkut_kenarlar_temiz.csv,data/story_level/14_salur_kazanin_yedi_basli_ejderhayi_oldurmesi_boyu.csv,28,matched_unique,column rename + taxonomy family mapping (see src/build_canonical.py),açık_ilişki,ok,original repository coder (identity not recorded in source data),processed-v4-rebuild
DKR0845,data/final/dede_korkut_kenarlar_temiz.csv,data/story_level/14_salur_kazanin_yedi_basli_ejderhayi_oldurmesi_boyu.csv,29,matched_unique,column rename + taxonomy family mapping (see src/build_canonical.py),açık_ilişki,ok,original repository coder (identity not recorded in source data),processed-v4-rebuild
DKR0846,data/final/dede_korkut_kenarlar_temiz.csv,data/story_level/14_salur_kazanin_yedi_basli_ejderhayi_oldurmesi_boyu.csv,30,matched_unique,column rename + taxonomy family mapping (see src/build_canonical.py),açık_ilişki,ok,original repository coder (identity not recorded in source data),processed-v4-rebuild
DKR0847,data/final/dede_korkut_kenarlar_temiz.csv,data/story_level/14_salur_kazanin_yedi_basli_ejderhayi_oldurmesi_boyu.csv,,unmatched_provenance_gap,column rename + taxonomy family mapping (see src/build_canonical.py),açık_ilişki,ok,original repository coder (identity not recorded in source data),processed-v4-rebuild
DKR0848,data/final/dede_korkut_kenarlar_temiz.csv,data/story_level/14_salur_kazanin_yedi_basli_ejderhayi_oldurmesi_boyu.csv,32,matched_unique,column rename + taxonomy family mapping (see src/build_canonical.py),açık_ilişki,ok,original repository coder (identity not recorded in source data),processed-v4-rebuild
DKR0849,data/final/dede_korkut_kenarlar_temiz.csv,data/story_level/14_salur_kazanin_yedi_basli_ejderhayi_oldurmesi_boyu.csv,33,matched_unique,column rename + taxonomy family mapping (see src/build_canonical.py),açık_ilişki,ok,original repository coder (identity not recorded in source data),processed-v4-rebuild
DKR0850,data/final/dede_korkut_kenarlar_temiz.csv,data/story_level/14_salur_kazanin_yedi_basli_ejderhayi_oldurmesi_boyu.csv,34,matched_unique,column rename + taxonomy family mapping (see src/build_canonical.py),açık_ilişki,ok,original repository coder (identity not recorded in source data),processed-v4-rebuild
DKR0851,data/final/dede_korkut_kenarlar_temiz.csv,data/story_level/14_salur_kazanin_yedi_basli_ejderhayi_oldurmesi_boyu.csv,35,matched_unique,column rename + taxonomy family mapping (see src/build_canonical.py),açık_ilişki,ok,original repository coder (identity not recorded in source data),processed-v4-rebuild
