relation_id,story_id,story_name,section_type,narrative_order,source_id,source_name,source_type,target_id,target_name,target_type,raw_relation,standard_relation,relation_family,relation_family_top,layer,weight,polarity,directionality,extraction_method,confidence,source_file,source_row,raw_evidence,validation_status,notes,source_row_status
DKR0001,S01,Girizgah,girizgah,2.0,dede_korkut,Dede Korkut,kişi,bayat_boyu,Bayat Boyu,grup,bayat boyu,kimlik/unvan,identity_title,SEMANTIC,kimlik,2,nötr,yönlü,açık_ilişki,,01_girizgah.csv,0,Dede korkut - bayat boyu,ok,,matched_unique
DKR0003,S02,Dirse Han Oglu boğaç Han Boyu,boy,6.0,bayindir_han,Bayındır Han,kişi,kam_gan,Kam Gan,kişi,oğlu,akrabalık,kinship,KINSHIP,akrabalık,5,pozitif,yönsüz,çıkarımsal_akrabalık,,02_dirse_han_oglu_bogac_han_boyu.csv,0,Kam Gan oğlu bayındır han - hanlar hanı,ok,hanlar hanı,matched_unique
DKR0006,S02,Dirse Han Oglu boğaç Han Boyu,boy,9.0,dirse_han,Dirse Han,kişi,bayindir_hanin_adamlari,Bayındır Han'ın Adamları,grup,diy0,diyalog_nötr,communication,SOCIAL,iletişim,2,nötr,yönlü,açık_ilişki,,02_dirse_han_oglu_bogac_han_boyu.csv,1,Dirse Han - bayındır han'ın adamları (diy0),ok,diy0,matched_unique
DKR0007,S02,Dirse Han Oglu boğaç Han Boyu,boy,10.0,dirse_han,Dirse Han,kişi,dirse_hanin_karisi,Dirse Han'ın Karısı,kişi,diy0,diyalog_nötr,communication,SOCIAL,iletişim,2,nötr,yönlü,açık_ilişki,,02_dirse_han_oglu_bogac_han_boyu.csv,2,Dirse Han - Dirse han'ın Karısı (diy0),ok,diy0,matched_unique
DKR0008,S02,Dirse Han Oglu boğaç Han Boyu,boy,11.0,dirse_hanin_karisi,Dirse Han'ın Karısı,kişi,dirse_han,Dirse Han,kişi,diy0,diyalog_nötr,communication,SOCIAL,iletişim,2,nötr,yönlü,açık_ilişki,,02_dirse_han_oglu_bogac_han_boyu.csv,,Dirse Han'ın Karısı - Dirse Han (diy0),ok,diy0,matched_ambiguous
DKR0013,S02,Dirse Han Oglu boğaç Han Boyu,boy,16.0,bogac_han,Boğaç Han,kişi,dirse_han,Dirse Han,kişi,oğlu,akrabalık,kinship,KINSHIP,akrabalık,5,pozitif,yönsüz,çıkarımsal_akrabalık,,02_dirse_han_oglu_bogac_han_boyu.csv,4,Dirse han oğlu boğaç han,ok,,matched_unique
DKR0016,S02,Dirse Han Oglu boğaç Han Boyu,boy,19.0,dirse_hanin_40_adami,Dirse Han'ın 40 Adamı,grup,dirse_han,Dirse Han,kişi,diy - 2 kez iftira,diyalog_olumsuz,communication,SOCIAL,iletişim,3,negatif,yönlü,açık_ilişki,,02_dirse_han_oglu_bogac_han_boyu.csv,5,Dirse Han'ın 40 adamı - dirse (diy - 2 kez iftira),ok,diy - 2 kez iftira,matched_unique
DKR0017,S02,Dirse Han Oglu boğaç Han Boyu,boy,20.0,dirse_hanin_40_adami,Dirse Han'ın 40 Adamı,grup,dirse_han,Dirse Han,kişi,ikna,ikna/müzakere,cooperation,SOCIAL,iletişim,3,karışık,yönlü,açık_ilişki,,02_dirse_han_oglu_bogac_han_boyu.csv,6,Dirse han'ın 40 adamı - dirse (ikna),ok,ikna,matched_unique
DKR0018,S02,Dirse Han Oglu boğaç Han Boyu,boy,21.0,dirse_han,Dirse Han,kişi,oglu_ve_40_adami,Oğlu ve 40 Adamı,grup,emir - av,otorite/emir,authority,AUTHORITY,otorite,3,nötr,yönlü,açık_ilişki,,02_dirse_han_oglu_bogac_han_boyu.csv,7,Dirse - oğlu ve 40 adamı (emir - av),ok,emir - av,matched_unique
DKR0019,S02,Dirse Han Oglu boğaç Han Boyu,boy,22.0,dirse_hanin_40_adami,Dirse Han'ın 40 Adamı,grup,bogac_han,Boğaç Han,kişi,tuzağa çekme,gerilim,conflict,SOCIAL,çatışma,4,negatif,yönsüz,açık_ilişki,,02_dirse_han_oglu_bogac_han_boyu.csv,8,Dirse'nin 40 adamı - boğaç han (tuzağa çekme),ok,tuzağa çekme,matched_unique
DKR0020,S02,Dirse Han Oglu boğaç Han Boyu,boy,23.0,dirse_hanin_40_adami,Dirse Han'ın 40 Adamı,grup,dirse_han,Dirse Han,kişi,ikna - boğaç'ı öldür,ikna/müzakere,cooperation,SOCIAL,iletişim,3,karışık,yönlü,açık_ilişki,,02_dirse_han_oglu_bogac_han_boyu.csv,9,Dirse'nin 40 adamı - dirse (ikna - boğaç'ı öldür),ok,ikna - boğaç'ı öldür,matched_unique
DKR0021,S02,Dirse Han Oglu boğaç Han Boyu,boy,24.0,dirse_hanin_karisi,Dirse Han'ın Karısı,kişi,dirse_han,Dirse Han,kişi,diy0,diyalog_nötr,communication,SOCIAL,iletişim,2,nötr,yönlü,açık_ilişki,,02_dirse_han_oglu_bogac_han_boyu.csv,,Dirse'nin karısı - dirse (diy0),ok,diy0,matched_ambiguous
DKR0022,S02,Dirse Han Oglu boğaç Han Boyu,boy,25.0,dirse_hanin_40_adami,Dirse Han'ın 40 Adamı,grup,dirse_han,Dirse Han,kişi,ikna - obaya dön,ikna/müzakere,cooperation,SOCIAL,iletişim,3,karışık,yönlü,açık_ilişki,,02_dirse_han_oglu_bogac_han_boyu.csv,11,Dirse'nin 40 adamı - Dirse (ikna - obaya dön),ok,ikna - obaya dön,matched_unique
DKR0023,S02,Dirse Han Oglu boğaç Han Boyu,boy,26.0,dirse_hanin_40_adami,Dirse Han'ın 40 Adamı,grup,dirse_hanin_karisi,Dirse Han'ın Karısı,kişi,ikna - Boğaç avda,ikna/müzakere,cooperation,SOCIAL,iletişim,3,karışık,yönlü,açık_ilişki,,02_dirse_han_oglu_bogac_han_boyu.csv,12,Dirse'nin 40 adamı - dirse'nin karısı (ikna - Boğaç avda),ok,ikna - Boğaç avda,matched_unique
DKR0024,S02,Dirse Han Oglu boğaç Han Boyu,boy,27.0,dirse_hanin_karisi,Dirse Han'ın Karısı,kişi,40_ince_belli_kiz,40 Ince Belli Kız,kişi,emir - boğaç'ı bulun,otorite/emir,authority,AUTHORITY,otorite,3,nötr,yönlü,açık_ilişki,,02_dirse_han_oglu_bogac_han_boyu.csv,13,Dirse'nin karısı - 40 ince belli kız (emir - boğaç'ı bulun),ok,emir - boğaç'ı bulun,matched_unique
DKR0026,S02,Dirse Han Oglu boğaç Han Boyu,boy,29.0,hizir,Hızır,mitolojik/ilahi,bogac,Boğaç,kişi,diy+ şifanın yolu,diyalog_olumlu,communication,SOCIAL,iletişim,3,pozitif,yönlü,açık_ilişki,,02_dirse_han_oglu_bogac_han_boyu.csv,14,Hızır - boğaç (diy+ şifanın yolu),ok,diy+ şifanın yolu,matched_unique
DKR0027,S02,Dirse Han Oglu boğaç Han Boyu,boy,30.0,dirse_hanin_karisi,Dirse Han'ın Karısı,kişi,bogac,Boğaç,kişi,diy0,diyalog_nötr,communication,SOCIAL,iletişim,2,nötr,yönlü,açık_ilişki,,02_dirse_han_oglu_bogac_han_boyu.csv,15,Dirse'nin karısı - boğaç (diy0),ok,diy0,matched_unique
DKR0028,S02,Dirse Han Oglu boğaç Han Boyu,boy,31.0,bogac,Boğaç,kişi,hekimler,Hekimler,grup,iyileştirme,destek/yardım,support,SOCIAL,olay,4,pozitif,yönlü,açık_ilişki,,02_dirse_han_oglu_bogac_han_boyu.csv,16,boğaç - hekimler (iyileştirme),ok,iyileştirme,matched_unique
DKR0030,S02,Dirse Han Oglu boğaç Han Boyu,boy,33.0,dirse_hanin_40_adami,Dirse Han'ın 40 Adamı,grup,dirse_han,Dirse Han,kişi,çatışma - dirse esir alındı,çatışma,conflict,SOCIAL,çatışma,5,negatif,yönsüz,açık_ilişki,,02_dirse_han_oglu_bogac_han_boyu.csv,17,dirse'nin 40 adamı - dirse (çatışma - dirse esir alındı),ok,çatışma - dirse esir alındı,matched_unique
DKR0031,S02,Dirse Han Oglu boğaç Han Boyu,boy,34.0,dirse_hanin_karisi,Dirse Han'ın Karısı,kişi,bogac,Boğaç,kişi,ikna babanı kurtar,ikna/müzakere,cooperation,SOCIAL,iletişim,3,karışık,yönlü,açık_ilişki,,02_dirse_han_oglu_bogac_han_boyu.csv,18,Dirse'nin karısı - boğaç (ikna babanı kurtar),ok,ikna babanı kurtar,matched_unique
DKR0032,S02,Dirse Han Oglu boğaç Han Boyu,boy,35.0,bogac,Boğaç,kişi,bogacin_40_adami,Boğaç'ın 40 Adamı,grup,hareket,hareket/eylem,other,OTHER,olay,2,nötr,yönlü,açık_ilişki,,02_dirse_han_oglu_bogac_han_boyu.csv,19,Boğaç - boğaç'ın 40 adamı (hareket),ok,hareket,matched_unique
DKR0033,S02,Dirse Han Oglu boğaç Han Boyu,boy,36.0,dire,Dire,kişi,dirse_hanin_40_adami,Dirse Han'ın 40 Adamı,grup,ikna - boğaç'a karşı savaş,ikna/müzakere,cooperation,SOCIAL,iletişim,3,karışık,yönlü,açık_ilişki,,02_dirse_han_oglu_bogac_han_boyu.csv,20,Dire - dirse'nin 40 adamı (ikna - boğaç'a karşı savaş),ok,ikna - boğaç'a karşı savaş,matched_unique
DKR0034,S02,Dirse Han Oglu boğaç Han Boyu,boy,37.0,dirse_han,Dirse Han,kişi,bogac,Boğaç,kişi,diy+,diyalog_olumlu,communication,SOCIAL,iletişim,3,pozitif,yönlü,açık_ilişki,,02_dirse_han_oglu_bogac_han_boyu.csv,21,dirse - boğaç (diy+),ok,diy+,matched_unique
DKR0035,S02,Dirse Han Oglu boğaç Han Boyu,boy,38.0,bogac_ve_bogacin_40_adami,Boğaç ve Boğaç'ın 40 Adamı,grup,dirse_hanin_40_adami,Dirse Han'ın 40 Adamı,grup,çatışma,çatışma,conflict,SOCIAL,çatışma,5,negatif,yönsüz,açık_ilişki,,02_dirse_han_oglu_bogac_han_boyu.csv,22,Boğaç ve boğaç'ın 40 adamı - Dirse'nin 40 adamı (çatışma),ok,çatışma,matched_unique
DKR0037,S03,Salur Kazan'ın Evinin Yağmalandığı,boy,42.0,salur_kazan,Salur Kazan,kişi,ulas,Ulaş,kişi,oğlu,akrabalık,kinship,KINSHIP,akrabalık,5,pozitif,yönsüz,çıkarımsal_akrabalık,,03_salur_kazanin_evinin_yagmalandigi.csv,0,ulaş oğlu salur kazan,ok,,matched_unique
DKR0039,S03,Salur Kazan'ın Evinin Yağmalandığı,boy,44.0,salur_kazan,Salur Kazan,kişi,bayindir_han,Bayındır Han,kişi,damadı,akrabalık,kinship,KINSHIP,akrabalık,5,pozitif,yönsüz,çıkarımsal_akrabalık,,03_salur_kazanin_evinin_yagmalandigi.csv,1,bayındır han'ın damadı salur kazan,ok,,matched_unique
DKR0041,S03,Salur Kazan'ın Evinin Yağmalandığı,boy,46.0,salur_kazan,Salur Kazan,kişi,beyler_ev_yagmasi_boyu,Beyler (Ev Yağması Boyu),grup,emir ava çıkalım,otorite/emir,authority,AUTHORITY,otorite,3,nötr,yönlü,açık_ilişki,,03_salur_kazanin_evinin_yagmalandigi.csv,2,salur kazan - beyler (emir ava çıkalım),ok,emir ava çıkalım,matched_unique
DKR0043,S03,Salur Kazan'ın Evinin Yağmalandığı,boy,48.0,kiyan_selcuk_oglu_deli_dundar,Kıyan Selçuk Oğlu Deli Dündar,kişi,salur_kazan,Salur Kazan,kişi,diy+,diyalog_olumlu,communication,SOCIAL,iletişim,3,pozitif,yönlü,açık_ilişki,,03_salur_kazanin_evinin_yagmalandigi.csv,3,kıyan selçuk oğlu deli dündar - kazan (diy+),ok,diy+,matched_unique
DKR0045,S03,Salur Kazan'ın Evinin Yağmalandığı,boy,50.0,kara_gone_oglu_kara_budak,Kara Göne Oğlu Kara Budak,kişi,salur_kazan,Salur Kazan,kişi,diy+,diyalog_olumlu,communication,SOCIAL,iletişim,3,pozitif,yönlü,açık_ilişki,,03_salur_kazanin_evinin_yagmalandigi.csv,4,kara göne oğlu kara budak - kazan (diy+),ok,diy+,matched_unique
DKR0046,S03,Salur Kazan'ın Evinin Yağmalandığı,boy,51.0,salur_kazan,Salur Kazan,kişi,at_agizli_aruz_koca,At Ağızlı Aruz Koca,kişi,dayısı,akrabalık,kinship,KINSHIP,akrabalık,5,pozitif,yönsüz,çıkarımsal_akrabalık,,03_salur_kazanin_evinin_yagmalandigi.csv,,kazan'ın dayısı at ağızlı aruz koca (diy0),ok,diy0,matched_ambiguous
DKR0047,S03,Salur Kazan'ın Evinin Yağmalandığı,boy,52.0,salur_kazan,Salur Kazan,kişi,uruz_ve_300_asker,Uruz ve 300 Asker,grup,emir - obaya sahip çık,otorite/emir,authority,AUTHORITY,otorite,3,nötr,yönlü,açık_ilişki,,03_salur_kazanin_evinin_yagmalandigi.csv,6,kazan - uruz ve 300 asker (emir - obaya sahip çık),ok,emir - obaya sahip çık,matched_unique
DKR0052,S03,Salur Kazan'ın Evinin Yağmalandığı,boy,57.0,sokli_melik_ve_adamlari,Şökli Melik ve Adamları,grup,kazanin_evi,Kazan'ın Evi,kişi,çatışma,çatışma,conflict,SOCIAL,çatışma,5,negatif,yönsüz,açık_ilişki,,03_salur_kazanin_evinin_yagmalandigi.csv,7,şökli melik ve adamları - kazan'ın evi (çatışma),ok,çatışma,matched_unique
DKR0053,S03,Salur Kazan'ın Evinin Yağmalandığı,boy,58.0,boyu_uzun_burla_hatun_ve_40_ince_belli_kiz,Boyu Uzun Burla Hatun ve 40 Ince Belli Kız,grup,sokli_melik,Şökli Melik,kişi,çatışma,çatışma,conflict,SOCIAL,çatışma,5,negatif,yönsüz,açık_ilişki,,03_salur_kazanin_evinin_yagmalandigi.csv,8,boyu uzun burla hatun ve 40 ince belli kız - şökli melik (çatışma),ok,çatışma,matched_unique
DKR0054,S03,Salur Kazan'ın Evinin Yağmalandığı,boy,59.0,kazanin_karicuk_anasi,Kazan'ın Karıçuk Anası,kişi,sokli_melik,Şökli Melik,kişi,çatışma,çatışma,conflict,SOCIAL,çatışma,5,negatif,yönsüz,açık_ilişki,,03_salur_kazanin_evinin_yagmalandigi.csv,9,kazan'ın karıçuk anası - şökli melik (çatışma),ok,çatışma,matched_unique
DKR0056,S03,Salur Kazan'ın Evinin Yağmalandığı,boy,61.0,eylik_koca_oglu_saru_kulmas,Eylik Koca Oğlu Saru Kulmaş,kişi,sokli_melik,Şökli Melik,kişi,çatışma,çatışma,conflict,SOCIAL,çatışma,5,negatif,yönsüz,açık_ilişki,,03_salur_kazanin_evinin_yagmalandigi.csv,10,eylik koca oğlu saru kulmaş - şökli melik (çatışma),ok,çatışma,matched_unique
DKR0057,S03,Salur Kazan'ın Evinin Yağmalandığı,boy,62.0,600_kafir,600 Kafir,kişi,karacuk_coban,Karaçuk Çoban,kişi,çatışma,çatışma,conflict,SOCIAL,çatışma,5,negatif,yönsüz,açık_ilişki,,03_salur_kazanin_evinin_yagmalandigi.csv,11,600 kafir - karaçuk çoban (çatışma),ok,çatışma,matched_unique
DKR0058,S03,Salur Kazan'ın Evinin Yağmalandığı,boy,63.0,600_kafir,600 Kafir,kişi,kiyan_guci,Kıyan Güci,kişi,çatışma,çatışma,conflict,SOCIAL,çatışma,5,negatif,yönsüz,açık_ilişki,,03_salur_kazanin_evinin_yagmalandigi.csv,12,600 kafir - kıyan güci (çatışma),ok,çatışma,matched_unique
DKR0059,S03,Salur Kazan'ın Evinin Yağmalandığı,boy,64.0,600_kafir,600 Kafir,kişi,demir_guci,Demir Güci,kişi,çatışma,çatışma,conflict,SOCIAL,çatışma,5,negatif,yönsüz,açık_ilişki,,03_salur_kazanin_evinin_yagmalandigi.csv,13,600 kafir - demir güci (çatışma),ok,çatışma,matched_unique
DKR0060,S03,Salur Kazan'ın Evinin Yağmalandığı,boy,65.0,karacuk_coban,Karaçuk Çoban,kişi,kiyan_guci,Kıyan Güci,kişi,kardeş,belirsiz,uncertain,UNCERTAIN,olay,1,nötr,yönlü,açık_ilişki,,03_salur_kazanin_evinin_yagmalandigi.csv,14,karaçuk çoban - kıyan güci (kardeş),ok,kardeş,matched_unique
DKR0061,S03,Salur Kazan'ın Evinin Yağmalandığı,boy,66.0,karacuk_coban,Karaçuk Çoban,kişi,demir_guci,Demir Güci,kişi,kardeş,belirsiz,uncertain,UNCERTAIN,olay,1,nötr,yönlü,açık_ilişki,,03_salur_kazanin_evinin_yagmalandigi.csv,15,karaçuk çoban - demir güci (kardeş),ok,kardeş,matched_unique
DKR0062,S03,Salur Kazan'ın Evinin Yağmalandığı,boy,67.0,600_kafir,600 Kafir,kişi,karacuk_coban,Karaçuk Çoban,kişi,gerilim diy -,gerilim,conflict,SOCIAL,çatışma,4,negatif,yönsüz,açık_ilişki,,03_salur_kazanin_evinin_yagmalandigi.csv,16,600 kafir - karaçuk çoban (gerilim diy - ),ok,gerilim diy -,matched_unique
DKR0063,S03,Salur Kazan'ın Evinin Yağmalandığı,boy,68.0,salur_kazan,Salur Kazan,kişi,kara_gone,Kara Göne,kişi,diy0,diyalog_nötr,communication,SOCIAL,iletişim,2,nötr,yönlü,açık_ilişki,,03_salur_kazanin_evinin_yagmalandigi.csv,17,kazan - kara göne (diy0),ok,diy0,matched_unique
DKR0064,S03,Salur Kazan'ın Evinin Yağmalandığı,boy,69.0,salur_kazan,Salur Kazan,kişi,yurt,Yurt,nesne/doğa,diy0,diyalog_nötr,communication,SOCIAL,iletişim,2,nötr,yönlü,açık_ilişki,,03_salur_kazanin_evinin_yagmalandigi.csv,18,kazan - yurt (diy0),ok,diy0,matched_unique
DKR0065,S03,Salur Kazan'ın Evinin Yağmalandığı,boy,70.0,salur_kazan,Salur Kazan,kişi,su,Su,nesne/doğa,diy0,diyalog_nötr,communication,SOCIAL,iletişim,2,nötr,yönlü,açık_ilişki,,03_salur_kazanin_evinin_yagmalandigi.csv,19,kazan - su (diy0),ok,diy0,matched_unique
DKR0066,S03,Salur Kazan'ın Evinin Yağmalandığı,boy,71.0,salur_kazan,Salur Kazan,kişi,kurt,Kurt,hayvan,diy0,diyalog_nötr,communication,SOCIAL,iletişim,2,nötr,yönlü,açık_ilişki,,03_salur_kazanin_evinin_yagmalandigi.csv,20,kazan - kurt (diy0),ok,diy0,matched_unique
DKR0067,S03,Salur Kazan'ın Evinin Yağmalandığı,boy,72.0,salur_kazan,Salur Kazan,kişi,karacuk_cobanin_kara_kopegi,Karaçuk Çoban'ın Kara Köpeği,hayvan,diy0,diyalog_nötr,communication,SOCIAL,iletişim,2,nötr,yönlü,açık_ilişki,,03_salur_kazanin_evinin_yagmalandigi.csv,21,kazan - karaçuk çoban'ın kara köpeği (diy0),ok,diy0,matched_unique
DKR0068,S03,Salur Kazan'ın Evinin Yağmalandığı,boy,73.0,salur_kazan,Salur Kazan,kişi,karacuk_coban,Karaçuk Çoban,kişi,diy0,diyalog_nötr,communication,SOCIAL,iletişim,2,nötr,yönlü,açık_ilişki,,03_salur_kazanin_evinin_yagmalandigi.csv,22,kazan - karaçuk çoban (diy0),ok,diy0,matched_unique
DKR0069,S03,Salur Kazan'ın Evinin Yağmalandığı,boy,74.0,salur_kazan,Salur Kazan,kişi,karacuk_coban,Karaçuk Çoban,kişi,yemek yeme,tören/ritüel,other,OTHER,olay,2,pozitif,yönlü,açık_ilişki,,03_salur_kazanin_evinin_yagmalandigi.csv,23,kazan - karaçuk çoban (yemek yeme),ok,yemek yeme,matched_unique
DKR0070,S03,Salur Kazan'ın Evinin Yağmalandığı,boy,75.0,sokli_melik,Şökli Melik,kişi,kafirler_ev_yagmasi_boyu,Kafirler (Ev Yağması Boyu),grup,ikna - burla hatun'a kötülük,ikna/müzakere,cooperation,SOCIAL,iletişim,3,karışık,yönlü,açık_ilişki,,03_salur_kazanin_evinin_yagmalandigi.csv,24,şökli melik - kafirler (ikna - burla hatun'a kötülük),ok,ikna - burla hatun'a kötülük,matched_unique
DKR0071,S03,Salur Kazan'ın Evinin Yağmalandığı,boy,76.0,burla_hatun,Burla Hatun,kişi,40_ince_belli_kiz,40 Ince Belli Kız,kişi,emir,otorite/emir,authority,AUTHORITY,otorite,3,nötr,yönlü,açık_ilişki,,03_salur_kazanin_evinin_yagmalandigi.csv,25,burla hatun - 40 ince belli kız (emir),ok,emir,matched_unique
DKR0072,S03,Salur Kazan'ın Evinin Yağmalandığı,boy,77.0,kafir,Kafir,kişi,uruz,Uruz,kişi,çatışma işkence,çatışma,conflict,SOCIAL,çatışma,5,negatif,yönsüz,açık_ilişki,,03_salur_kazanin_evinin_yagmalandigi.csv,26,kafir - uruz (çatışma işkence),ok,çatışma işkence,matched_unique
DKR0073,S03,Salur Kazan'ın Evinin Yağmalandığı,boy,78.0,burla_hatun,Burla Hatun,kişi,uruz,Uruz,kişi,diy0,diyalog_nötr,communication,SOCIAL,iletişim,2,nötr,yönlü,açık_ilişki,,03_salur_kazanin_evinin_yagmalandigi.csv,27,burla hatun - uruz (diy0),ok,diy0,matched_unique
DKR0074,S03,Salur Kazan'ın Evinin Yağmalandığı,boy,79.0,uruz,Uruz,kişi,agac,Ağaç,nesne/doğa,diy0,diyalog_nötr,communication,SOCIAL,iletişim,2,nötr,yönlü,açık_ilişki,,03_salur_kazanin_evinin_yagmalandigi.csv,28,uruz - ağaç (diy0),ok,diy0,matched_unique
DKR0075,S03,Salur Kazan'ın Evinin Yağmalandığı,boy,80.0,kazan_ve_karacuk_coban,Kazan ve Karaçuk Çoban,grup,kafirler_ev_yagmasi_boyu,Kafirler (Ev Yağması Boyu),grup,çatışma,çatışma,conflict,SOCIAL,çatışma,5,negatif,yönsüz,açık_ilişki,,03_salur_kazanin_evinin_yagmalandigi.csv,29,kazan ve karaçuk çoban - kafirler (çatışma),ok,çatışma,matched_unique
DKR0076,S03,Salur Kazan'ın Evinin Yağmalandığı,boy,81.0,salur_kazan,Salur Kazan,kişi,karacuk_coban,Karaçuk Çoban,kişi,ikna,ikna/müzakere,cooperation,SOCIAL,iletişim,3,karışık,yönlü,açık_ilişki,,03_salur_kazanin_evinin_yagmalandigi.csv,30,kazan - karaçuk çoban (ikna),ok,ikna,matched_unique
DKR0077,S03,Salur Kazan'ın Evinin Yağmalandığı,boy,82.0,salur_kazan,Salur Kazan,kişi,sokli_melik,Şökli Melik,kişi,diy -,diyalog_olumsuz,communication,SOCIAL,iletişim,3,negatif,yönlü,açık_ilişki,,03_salur_kazanin_evinin_yagmalandigi.csv,31,kazan - şökli melik (diy - ),ok,diy -,matched_unique
DKR0079,S03,Salur Kazan'ın Evinin Yağmalandığı,boy,84.0,karacuk_coban,Karaçuk Çoban,kişi,sokli_melik,Şökli Melik,kişi,diy -,diyalog_olumsuz,communication,SOCIAL,iletişim,3,negatif,yönlü,açık_ilişki,,03_salur_kazanin_evinin_yagmalandigi.csv,32,karaçuk çoban - şökli melik (diy - ),ok,diy -,matched_unique
DKR0080,S03,Salur Kazan'ın Evinin Yağmalandığı,boy,85.0,kara_gone_deli_dundar_kara_budak,"Kara Göne, Deli Dündar, Kara Budak",kişi,kafirler_ev_yagmasi_boyu,Kafirler (Ev Yağması Boyu),grup,çatışma,çatışma,conflict,SOCIAL,çatışma,5,negatif,yönsüz,açık_ilişki,,03_salur_kazanin_evinin_yagmalandigi.csv,33,"kara göne, deli dündar, kara budak - kafirler (çatışma)",ok,çatışma,matched_unique
DKR0081,S03,Salur Kazan'ın Evinin Yağmalandığı,boy,86.0,kapcak_melik,Kapçak Melik,kişi,kara_budak,Kara Budak,kişi,çatışma,çatışma,conflict,SOCIAL,çatışma,5,negatif,yönsüz,açık_ilişki,,03_salur_kazanin_evinin_yagmalandigi.csv,34,kapçak melik - kara budak (çatışma),ok,çatışma,matched_unique
DKR0083,S03,Salur Kazan'ın Evinin Yağmalandığı,boy,88.0,bamsi_beyrek,Bamsı Beyrek,kişi,kafirler_ev_yagmasi_boyu,Kafirler (Ev Yağması Boyu),grup,çatışma,çatışma,conflict,SOCIAL,çatışma,5,negatif,yönsüz,açık_ilişki,,03_salur_kazanin_evinin_yagmalandigi.csv,35,beyrek - kafirler (çatışma),ok,çatışma,matched_unique
DKR0085,S03,Salur Kazan'ın Evinin Yağmalandığı,boy,90.0,kazilik_koca_oglu_bey_yigenek,Kazılık Koca Oğlu Bey Yigenek,kişi,kafirler_ev_yagmasi_boyu,Kafirler (Ev Yağması Boyu),grup,çatışma,çatışma,conflict,SOCIAL,çatışma,5,negatif,yönsüz,açık_ilişki,,03_salur_kazanin_evinin_yagmalandigi.csv,36,kazılık koca oğlu bey yigenek - kafirler (çatışma),ok,çatışma,matched_unique
DKR0086,S03,Salur Kazan'ın Evinin Yağmalandığı,boy,91.0,salur_kazan,Salur Kazan,kişi,at_agizli_aruz_koca,At Ağızlı Aruz Koca,kişi,dayısı,akrabalık,kinship,KINSHIP,akrabalık,5,pozitif,yönsüz,çıkarımsal_akrabalık,,03_salur_kazanin_evinin_yagmalandigi.csv,,kazan'ın dayısı at ağızlı aruz koca,ok,,matched_ambiguous
DKR0087,S03,Salur Kazan'ın Evinin Yağmalandığı,boy,92.0,aruz_koca,Aruz Koca,kişi,kafirler_ev_yagmasi_boyu,Kafirler (Ev Yağması Boyu),grup,çatışma,çatışma,conflict,SOCIAL,çatışma,5,negatif,yönsüz,açık_ilişki,,03_salur_kazanin_evinin_yagmalandigi.csv,38,aruz koca - kafirler (çatışma),ok,çatışma,matched_unique
DKR0088,S03,Salur Kazan'ın Evinin Yağmalandığı,boy,93.0,peygamber_sahabesi_kanli_bugduz_emen,Peygamber Sahabesi Kanlı Bügdüz Emen,kişi,kafirler_ev_yagmasi_boyu,Kafirler (Ev Yağması Boyu),grup,çatışma,çatışma,conflict,SOCIAL,çatışma,5,negatif,yönsüz,açık_ilişki,,03_salur_kazanin_evinin_yagmalandigi.csv,39,peygamber sahabesi kanlı bügdüz emen - kafirler (çatışma),ok,çatışma,matched_unique
DKR0093,S03,Salur Kazan'ın Evinin Yağmalandığı,boy,98.0,alp_eren,Alp Eren,kişi,eylik_koca,Eylik Koca,kişi,oğlu,akrabalık,kinship,KINSHIP,akrabalık,5,pozitif,yönsüz,çıkarımsal_akrabalık,,03_salur_kazanin_evinin_yagmalandigi.csv,40,eylik koca oğlu alp eren,ok,,matched_unique
DKR0094,S03,Salur Kazan'ın Evinin Yağmalandığı,boy,99.0,ak_melik,Ak Melik,kişi,alp_eren,Alp Eren,kişi,alp eren damat,evlilik/bağlaşıklık,marriage_alliance,KINSHIP,akrabalık,5,pozitif,yönsüz,açık_ilişki,,03_salur_kazanin_evinin_yagmalandigi.csv,41,ak melik - alp eren (alp eren damat),ok,alp eren damat,matched_unique
DKR0095,S03,Salur Kazan'ın Evinin Yağmalandığı,boy,100.0,alp_eren,Alp Eren,kişi,kafirler_ev_yagmasi_boyu,Kafirler (Ev Yağması Boyu),grup,çatışma,çatışma,conflict,SOCIAL,çatışma,5,negatif,yönsüz,açık_ilişki,,03_salur_kazanin_evinin_yagmalandigi.csv,42,alp eren - kafirler (çatışma),ok,çatışma,matched_unique
DKR0096,S03,Salur Kazan'ın Evinin Yağmalandığı,boy,101.0,dis_oguz_beyleri_ve_deli_dundar,Dış Oğuz Beyleri ve Deli Dündar,grup,kafirler_ev_yagmasi_boyu,Kafirler (Ev Yağması Boyu),grup,çatışma,çatışma,conflict,SOCIAL,çatışma,5,negatif,yönsüz,açık_ilişki,,03_salur_kazanin_evinin_yagmalandigi.csv,43,dış oğuz beyleri ve deli dündar - kafirler (çatışma),ok,çatışma,matched_unique
DKR0097,S03,Salur Kazan'ın Evinin Yağmalandığı,boy,102.0,cilasun_yigitler_ve_kara_budak,Cilasun Yiğitler ve Kara Budak,grup,kafirler_ev_yagmasi_boyu,Kafirler (Ev Yağması Boyu),grup,çatışma,çatışma,conflict,SOCIAL,çatışma,5,negatif,yönsüz,açık_ilişki,,03_salur_kazanin_evinin_yagmalandigi.csv,44,cilasun yiğitler ve kara budak - kafirler (çatışma),ok,çatışma,matched_unique
DKR0098,S03,Salur Kazan'ın Evinin Yağmalandığı,boy,103.0,ic_oguz_ve_kazan,Iç Oğuz ve Kazan,grup,sokli_melik,Şökli Melik,kişi,çatışma,çatışma,conflict,SOCIAL,çatışma,5,negatif,yönsüz,açık_ilişki,,03_salur_kazanin_evinin_yagmalandigi.csv,45,iç oğuz ve kazan - şökli melik (çatışma),ok,çatışma,matched_unique
DKR0099,S03,Salur Kazan'ın Evinin Yağmalandığı,boy,104.0,deli_budak,Deli Budak,kişi,bogacuk_melik,Boğaçuk Melik,kişi,çatışma,çatışma,conflict,SOCIAL,çatışma,5,negatif,yönsüz,açık_ilişki,,03_salur_kazanin_evinin_yagmalandigi.csv,46,deli budak - boğaçuk melik (çatışma),ok,çatışma,matched_unique
DKR0100,S03,Salur Kazan'ın Evinin Yağmalandığı,boy,105.0,deli_dundar,Deli Dündar,kişi,kara_tuken_melik,Kara Tüken Melik,kişi,çatışma,çatışma,conflict,SOCIAL,çatışma,5,negatif,yönsüz,açık_ilişki,,03_salur_kazanin_evinin_yagmalandigi.csv,47,deli dündar - kara tüken melik (çatışma),ok,çatışma,matched_unique
DKR0101,S03,Salur Kazan'ın Evinin Yağmalandığı,boy,106.0,salur_kazan,Salur Kazan,kişi,karacuk_coban,Karaçuk Çoban,kişi,ödül - imrahor,ödül/değişim,cooperation,SOCIAL,otorite,3,pozitif,yönlü,açık_ilişki,,03_salur_kazanin_evinin_yagmalandigi.csv,48,kazan - karaçuk çoban (ödül - imrahor),ok,ödül - imrahor,matched_unique
DKR0814,S03,Salur Kazan'ın Evinin Yağmalandığı,boy,,salur_kazan,Salur Kazan,kişi,turkistan,Türkistan,yer/coğrafya,Türkistan'ın direği,coğrafi_epitet,identity_title,SEMANTIC,mekân,3,pozitif,yönlü,manuel_turkistan_ekleme,,03_salur_kazanin_evinin_yagmalandigi.csv,49,Salur Kazan - Türkistan (Türkistan'ın direği),ok,Salur Kazan için kullanılan coğrafi-epitet; kullanıcı talebine göre eklendi.,matched_unique
DKR0815,S03,Salur Kazan'ın Evinin Yağmalandığı,boy,,salur_kazan,Salur Kazan,kişi,turkistan,Türkistan,yer/coğrafya,Türkistan'ın her yanında tanınan,coğrafi_epitet,identity_title,SEMANTIC,mekân,2,pozitif,yönlü,manuel_turkistan_ekleme,,03_salur_kazanin_evinin_yagmalandigi.csv,50,Salur Kazan - Türkistan (Türkistan'ın her yanında tanınan),ok,Türkistan bağlantısını görünür kılmak için ayrı satır olarak eklendi.,matched_unique
DKR0104,S04,Kam Püre'nin Oğlu Bamsı Beyrek Boyu,boy,111.0,bayindir_han,Bayındır Han,kişi,kam_gan,Kam Gan,kişi,oğlu,akrabalık,kinship,KINSHIP,akrabalık,5,pozitif,yönsüz,çıkarımsal_akrabalık,,04_kam_purenin_oglu_bamsi_beyrek_boyu.csv,0,kam gan oğlu bayındır han,ok,,matched_unique
DKR0107,S04,Kam Püre'nin Oğlu Bamsı Beyrek Boyu,boy,114.0,bayindir_han,Bayındır Han,kişi,ic_oguz_beyleri_dis_oguz_beyleri_pay_pure_bey_kara_budak_uruz_bey_yigenek_salur_kazan_pay_bicen,"Iç Oğuz Beyleri, Dış Oğuz Beyleri, Pay Püre Bey, Kara Budak, Uruz, Bey Yigenek, Salur Kazan, Pay Biçen",grup,toy yemek,tören/ritüel,other,OTHER,olay,2,pozitif,yönlü,açık_ilişki,,04_kam_purenin_oglu_bamsi_beyrek_boyu.csv,1,"bayındır han - iç oğuz beyleri, dış oğuz beyleri, pay püre bey, kara budak, uruz, bey yigenek, salur kazan, pay biçen (toy yemek)",ok,toy yemek,matched_unique
DKR0110,S04,Kam Püre'nin Oğlu Bamsı Beyrek Boyu,boy,117.0,salur_kazan,Salur Kazan,kişi,bayindir_han,Bayındır Han,kişi,bayındır han'ın damadı,akrabalık,kinship,KINSHIP,akrabalık,5,pozitif,yönsüz,açık_ilişki,,04_kam_purenin_oglu_bamsi_beyrek_boyu.csv,2,salur kazan - bayındır han (bayındır han'ın damadı),ok,bayındır han'ın damadı,matched_unique
DKR0111,S04,Kam Püre'nin Oğlu Bamsı Beyrek Boyu,boy,118.0,salur_kazan,Salur Kazan,kişi,pay_pure,Pay Püre,kişi,diy0 x 3 çocuğu yok,diyalog_nötr,communication,SOCIAL,iletişim,2,nötr,yönlü,açık_ilişki,,04_kam_purenin_oglu_bamsi_beyrek_boyu.csv,3,salur kazan - pay püre (diy0 x 3 çocuğu yok),ok,diy0 x 3 çocuğu yok,matched_unique
DKR0112,S04,Kam Püre'nin Oğlu Bamsı Beyrek Boyu,boy,119.0,pay_picen_bey,Pay Piçen Bey,kişi,beyler_bamsi_beyrek_boyu,Beyler (Bamsı Beyrek Boyu),grup,,ikna/müzakere,cooperation,SOCIAL,iletişim,3,nötr,yönlü,açık_ilişki,,04_kam_purenin_oglu_bamsi_beyrek_boyu.csv,,pay piçen bey - beyler (diy0 ; kız çocuğum olsun diye dua edin; kızım olursa,ok,"Pay Piçen Bey, kız çocuğu için dua etmelerini ister.",unmatched_provenance_gap
DKR0114,S04,Kam Püre'nin Oğlu Bamsı Beyrek Boyu,boy,121.0,pay_pure_bey,Pay Püre Bey,kişi,bezirganlar,Bezirganlar,grup,emir oğluma hediyeler alın,akrabalık,kinship,KINSHIP,akrabalık,5,pozitif,yönsüz,açık_ilişki,,04_kam_purenin_oglu_bamsi_beyrek_boyu.csv,5,pay püre bey - bezirganlar (emir oğluma hediyeler alın),ok,emir oğluma hediyeler alın,matched_unique
DKR0115,S04,Kam Püre'nin Oğlu Bamsı Beyrek Boyu,boy,122.0,pay_purenin_oglu,Pay Püre'nin Oğlu,kişi,imrahor,Imrahor,kişi,konuk ağırlamak,ödül/değişim,cooperation,SOCIAL,otorite,3,pozitif,yönlü,açık_ilişki,,04_kam_purenin_oglu_bamsi_beyrek_boyu.csv,6,pay püre'nin oğlu - imrahor (konuk ağırlamak),ok,konuk ağırlamak,matched_unique
DKR0116,S04,Kam Püre'nin Oğlu Bamsı Beyrek Boyu,boy,123.0,evnuk_kalesi_kafirleri,Evnük Kalesi Kafirleri,grup,bezirganlar,Bezirganlar,grup,çatışma,çatışma,conflict,SOCIAL,çatışma,5,negatif,yönsüz,açık_ilişki,,04_kam_purenin_oglu_bamsi_beyrek_boyu.csv,7,evnük kalesi kafirleri - bezirganlar (çatışma),ok,çatışma,matched_unique
DKR0118,S04,Kam Püre'nin Oğlu Bamsı Beyrek Boyu,boy,125.0,pay_purenin_oglu,Pay Püre'nin Oğlu,kişi,evnuk_kalesi_kafirleri,Evnük Kalesi Kafirleri,grup,çatışma,çatışma,conflict,SOCIAL,çatışma,5,negatif,yönsüz,açık_ilişki,,04_kam_purenin_oglu_bamsi_beyrek_boyu.csv,8,pay püre'nin oğlu - evnük kalesi kafirleri (çatışma),ok,çatışma,matched_unique
DKR0119,S04,Kam Püre'nin Oğlu Bamsı Beyrek Boyu,boy,126.0,bezirganlar,Bezirganlar,grup,bamsi_beyrek,Bamsı Beyrek,kişi,diy+ istediğini al ödül olarak,diyalog_olumlu,communication,SOCIAL,iletişim,3,pozitif,yönlü,açık_ilişki,,04_kam_purenin_oglu_bamsi_beyrek_boyu.csv,9,bezirganlar - bamsı beyrek (diy+ istediğini al ödül olarak),ok,diy+ istediğini al ödül olarak,matched_unique
DKR0120,S04,Kam Püre'nin Oğlu Bamsı Beyrek Boyu,boy,127.0,bamsi_beyrek,Bamsı Beyrek,kişi,bezirganlar,Bezirganlar,grup,"diy+ kendine gelen hediyeleri seçer, bezirganlar bey oğluna götürdüklerini söylerler bamsı bırakır",akrabalık,kinship,KINSHIP,akrabalık,5,pozitif,yönsüz,açık_ilişki,,04_kam_purenin_oglu_bamsi_beyrek_boyu.csv,10,"bamsı beyrek - bezirganlar (diy+ kendine gelen hediyeleri seçer, bezirganlar bey oğluna götürdüklerini söylerler bamsı bırakır)",ok,"diy+ kendine gelen hediyeleri seçer, bezirganlar bey oğluna götürdüklerini söylerler bamsı bırakır",matched_unique
DKR0123,S04,Kam Püre'nin Oğlu Bamsı Beyrek Boyu,boy,130.0,pay_pure,Pay Püre,kişi,bezirganlar,Bezirganlar,grup,diy+,diyalog_olumlu,communication,SOCIAL,iletişim,3,pozitif,yönlü,açık_ilişki,,04_kam_purenin_oglu_bamsi_beyrek_boyu.csv,12,pay püre - bezirganlar (diy+),ok,diy+,matched_unique
DKR0126,S04,Kam Püre'nin Oğlu Bamsı Beyrek Boyu,boy,133.0,banu_cicek,Banu Çiçek,kişi,dayalar,Dayalar,grup,emir,otorite/emir,authority,AUTHORITY,otorite,3,nötr,yönlü,açık_ilişki,,04_kam_purenin_oglu_bamsi_beyrek_boyu.csv,13,banu çiçek - dayalar (çevresine) (emir),ok,emir,matched_unique
DKR0128,S04,Kam Püre'nin Oğlu Bamsı Beyrek Boyu,boy,135.0,kisirca_yenge,Kısırca Yenge,kişi,bamsi_beyrek,Bamsı Beyrek,kişi,diy0,diyalog_nötr,communication,SOCIAL,iletişim,2,nötr,yönlü,açık_ilişki,,04_kam_purenin_oglu_bamsi_beyrek_boyu.csv,14,kısırca yenge - bamsı (diy0),ok,diy0,matched_unique
DKR0129,S04,Kam Püre'nin Oğlu Bamsı Beyrek Boyu,boy,136.0,banu_cicek,Banu Çiçek,kişi,dadi_ve_diger_kizlar,Dadı ve Diğer Kızlar,grup,diy0,diyalog_nötr,communication,SOCIAL,iletişim,2,nötr,yönlü,açık_ilişki,,04_kam_purenin_oglu_bamsi_beyrek_boyu.csv,15,banu çiçek - dadı ve diğer kızlar (diy0),ok,diy0,matched_unique
DKR0130,S04,Kam Püre'nin Oğlu Bamsı Beyrek Boyu,boy,137.0,banu_cicek,Banu Çiçek,kişi,bamsi_beyrek,Bamsı Beyrek,kişi,diy+ bamsı'yı sınama,diyalog_olumlu,communication,SOCIAL,iletişim,3,pozitif,yönlü,açık_ilişki,,04_kam_purenin_oglu_bamsi_beyrek_boyu.csv,16,banu çiçek - bamsı (diy+ bamsı'yı sınama),ok,diy+ bamsı'yı sınama,matched_unique
DKR0131,S04,Kam Püre'nin Oğlu Bamsı Beyrek Boyu,boy,138.0,banu_cicek,Banu Çiçek,kişi,bamsi_beyrek,Bamsı Beyrek,kişi,diy+ nişan,evlilik/bağlaşıklık,marriage_alliance,KINSHIP,akrabalık,5,pozitif,yönsüz,açık_ilişki,,04_kam_purenin_oglu_bamsi_beyrek_boyu.csv,17,banu çiçek - bamsı (diy+ nişan),ok,diy+ nişan,matched_unique
DKR0132,S04,Kam Püre'nin Oğlu Bamsı Beyrek Boyu,boy,139.0,bamsi_beyrek,Bamsı Beyrek,kişi,pay_pure,Pay Püre,kişi,diy+ kız isteme,diyalog_olumlu,communication,SOCIAL,iletişim,3,pozitif,yönlü,açık_ilişki,,04_kam_purenin_oglu_bamsi_beyrek_boyu.csv,18,bamsı - pay püre (diy+ kız isteme),ok,diy+ kız isteme,matched_unique
DKR0134,S04,Kam Püre'nin Oğlu Bamsı Beyrek Boyu,boy,141.0,pay_pure_bey,Pay Püre Bey,kişi,oguz_beyleri,Oğuz Beyleri,grup,beyleri misafir etme,ödül/değişim,cooperation,SOCIAL,otorite,3,pozitif,yönlü,açık_ilişki,,04_kam_purenin_oglu_bamsi_beyrek_boyu.csv,19,pay püre bey - oğuz beyleri (beyleri misafir etme),ok,beyleri misafir etme,matched_unique
DKR0135,S04,Kam Püre'nin Oğlu Bamsı Beyrek Boyu,boy,142.0,dede_korkut,Dede Korkut,kişi,oguz_beyleri,Oğuz Beyleri,grup,ikna; canını kurtarmak için bayındır han'ın atlarından istedi,ikna/müzakere,cooperation,SOCIAL,iletişim,3,karışık,yönlü,açık_ilişki,,04_kam_purenin_oglu_bamsi_beyrek_boyu.csv,20,dede korkut - oğuz beyleri (ikna; canını kurtarmak için bayındır han'ın atlarından istedi),ok,ikna; canını kurtarmak için bayındır han'ın atlarından istedi,matched_unique
DKR0136,S04,Kam Püre'nin Oğlu Bamsı Beyrek Boyu,boy,143.0,deli_karcar,Deli Karçar,kişi,dede_korkut,Dede Korkut,kişi,diy -,diyalog_olumsuz,communication,SOCIAL,iletişim,3,negatif,yönlü,açık_ilişki,,04_kam_purenin_oglu_bamsi_beyrek_boyu.csv,21,deli karçar - dede korkut (diy - ),ok,diy -,matched_unique
DKR0137,S04,Kam Püre'nin Oğlu Bamsı Beyrek Boyu,boy,144.0,dede_korkut,Dede Korkut,kişi,deli_karcar,Deli Karçar,kişi,diy+ kızı istiyor,akrabalık,kinship,KINSHIP,akrabalık,5,pozitif,yönsüz,açık_ilişki,,04_kam_purenin_oglu_bamsi_beyrek_boyu.csv,22,dede korkut - deli karçar (diy+ kızı istiyor),ok,diy+ kızı istiyor,matched_unique
DKR0138,S04,Kam Püre'nin Oğlu Bamsı Beyrek Boyu,boy,145.0,deli_karcar,Deli Karçar,kişi,dede_korkut,Dede Korkut,kişi,gerilim,gerilim,conflict,SOCIAL,çatışma,4,negatif,yönsüz,açık_ilişki,,04_kam_purenin_oglu_bamsi_beyrek_boyu.csv,23,deli karçar - dede korkut (gerilim),ok,gerilim,matched_unique
DKR0139,S04,Kam Püre'nin Oğlu Bamsı Beyrek Boyu,boy,146.0,dede_korkut,Dede Korkut,kişi,deli_karcar,Deli Karçar,kişi,gerilim; karçar'ın eli kuruyor,gerilim,conflict,SOCIAL,çatışma,4,negatif,yönsüz,açık_ilişki,,04_kam_purenin_oglu_bamsi_beyrek_boyu.csv,24,dede korkut - deli karçar (gerilim; karçar'ın eli kuruyor),ok,gerilim; karçar'ın eli kuruyor,matched_unique
DKR0140,S04,Kam Püre'nin Oğlu Bamsı Beyrek Boyu,boy,147.0,deli_karcar,Deli Karçar,kişi,dede_korkut,Dede Korkut,kişi,diy+ yalvarma af isteme,diyalog_olumlu,communication,SOCIAL,iletişim,3,pozitif,yönlü,açık_ilişki,,04_kam_purenin_oglu_bamsi_beyrek_boyu.csv,25,deli karçar - dede korkut (diy+ yalvarma af isteme),ok,diy+ yalvarma af isteme,matched_unique
DKR0141,S04,Kam Püre'nin Oğlu Bamsı Beyrek Boyu,boy,148.0,deli_karcar,Deli Karçar,kişi,dede_korkut,Dede Korkut,kişi,diy0 başlık için istediklerini iletiyor,diyalog_nötr,communication,SOCIAL,iletişim,2,nötr,yönlü,açık_ilişki,,04_kam_purenin_oglu_bamsi_beyrek_boyu.csv,26,deli karçar - dede korkut (diy0 başlık için istediklerini iletiyor),ok,diy0 başlık için istediklerini iletiyor,matched_unique
DKR0142,S04,Kam Püre'nin Oğlu Bamsı Beyrek Boyu,boy,149.0,pay_pure,Pay Püre,kişi,dede_korkut,Dede Korkut,kişi,diy+,diyalog_olumlu,communication,SOCIAL,iletişim,3,pozitif,yönlü,açık_ilişki,,04_kam_purenin_oglu_bamsi_beyrek_boyu.csv,27,pay püre - dede korkut (diy+),ok,diy+,matched_unique
DKR0143,S04,Kam Püre'nin Oğlu Bamsı Beyrek Boyu,boy,150.0,pay_pure,Pay Püre,kişi,dede_korkut,Dede Korkut,kişi,diy+ istenenleri toplama,diyalog_olumlu,communication,SOCIAL,iletişim,3,pozitif,yönlü,açık_ilişki,,04_kam_purenin_oglu_bamsi_beyrek_boyu.csv,28,pay püre - dede korkut (diy+ istenenleri toplama),ok,diy+ istenenleri toplama,matched_unique
DKR0144,S04,Kam Püre'nin Oğlu Bamsı Beyrek Boyu,boy,151.0,dede_korkut,Dede Korkut,kişi,deli_karcar,Deli Karçar,kişi,diy0 istenenleri getirme,diyalog_nötr,communication,SOCIAL,iletişim,2,nötr,yönlü,açık_ilişki,,04_kam_purenin_oglu_bamsi_beyrek_boyu.csv,29,dede korkut - deli karçar (diy0 istenenleri getirme),ok,diy0 istenenleri getirme,matched_unique
DKR0145,S04,Kam Püre'nin Oğlu Bamsı Beyrek Boyu,boy,152.0,deli_karcar,Deli Karçar,kişi,dede_korkut,Dede Korkut,kişi,diy+ pirelerden aman dileme,diyalog_olumlu,communication,SOCIAL,iletişim,3,pozitif,yönlü,açık_ilişki,,04_kam_purenin_oglu_bamsi_beyrek_boyu.csv,30,deli karçar - dede korkut (diy+ pirelerden aman dileme),ok,diy+ pirelerden aman dileme,matched_unique
DKR0146,S04,Kam Püre'nin Oğlu Bamsı Beyrek Boyu,boy,153.0,dede_korkut,Dede Korkut,kişi,deli_karcar,Deli Karçar,kişi,diy+ suya atla,diyalog_olumlu,communication,SOCIAL,iletişim,3,pozitif,yönlü,açık_ilişki,,04_kam_purenin_oglu_bamsi_beyrek_boyu.csv,31,dede korkut - deli karçar (diy+ suya atla),ok,diy+ suya atla,matched_unique
DKR0147,S04,Kam Püre'nin Oğlu Bamsı Beyrek Boyu,boy,154.0,beyrekin_yoldaslari,Beyrek'in Yoldaşları,grup,bamsi_beyrek,Bamsı Beyrek,kişi,diy - (bamsının kırmızı kaftan giymesi zorlarına gidiyor),diyalog_olumsuz,communication,SOCIAL,iletişim,3,negatif,yönlü,açık_ilişki,,04_kam_purenin_oglu_bamsi_beyrek_boyu.csv,32,beyrek'in yoldaşları - beyrek (diy - (bamsının kırmızı kaftan giymesi zorlarına gidiyor)),ok,diy - (bamsının kırmızı kaftan giymesi zorlarına gidiyor),matched_unique
DKR0148,S04,Kam Püre'nin Oğlu Bamsı Beyrek Boyu,boy,155.0,bamsi_beyrek,Bamsı Beyrek,kişi,beyrek_in_40_yoldaslari,Beyrek'in 40 Yoldaşları,grup,ikna,ikna/müzakere,cooperation,SOCIAL,iletişim,3,karışık,yönlü,açık_ilişki,,04_kam_purenin_oglu_bamsi_beyrek_boyu.csv,,beyrek - beyrek'in 40 yoldaşı (ikna),ok,ikna,unmatched_provenance_gap
DKR0149,S04,Kam Püre'nin Oğlu Bamsı Beyrek Boyu,boy,156.0,kafirin_casusu,Kafirin Casusu,kişi,bayburt_hisari_beyi,Bayburt Hisarı Beyi,kişi,gerilim bamsıya hasımlık için kışkırtma,çatışma,conflict,SOCIAL,çatışma,5,negatif,yönsüz,açık_ilişki,,04_kam_purenin_oglu_bamsi_beyrek_boyu.csv,34,kafirin casusu - bayburt hisarı beyi (gerilim bamsıya hasımlık için kışkırtma),ok,gerilim bamsıya hasımlık için kışkırtma,matched_unique
DKR0150,S04,Kam Püre'nin Oğlu Bamsı Beyrek Boyu,boy,157.0,300_kafir,300 Kafir,kişi,bamsi_ve_bamsinin_40_yigidi,Bamsı ve Bamsının 40 Yiğidi,grup,çatışma / esir olma,çatışma,conflict,SOCIAL,çatışma,5,negatif,yönsüz,açık_ilişki,,04_kam_purenin_oglu_bamsi_beyrek_boyu.csv,35,300 kafir - bamsı ve bamsının 40 yiğidi (çatışma / esir olma),ok,çatışma / esir olma,matched_unique
DKR0151,S04,Kam Püre'nin Oğlu Bamsı Beyrek Boyu,boy,158.0,300_kafir,300 Kafir,kişi,bamsinin_naibi,Bamsı'nın Naibi,kişi,çatışma / şehit,çatışma,conflict,SOCIAL,çatışma,5,negatif,yönsüz,açık_ilişki,,04_kam_purenin_oglu_bamsi_beyrek_boyu.csv,36,300 kafir - bamsı'nın naibi (çatışma / şehit),ok,çatışma / şehit,matched_unique
DKR0156,S04,Kam Püre'nin Oğlu Bamsı Beyrek Boyu,boy,163.0,deli_dundar,Deli Dündar,kişi,kiyan_selcuk,Kıyan Selçuk,kişi,oğlu,akrabalık,kinship,KINSHIP,akrabalık,5,pozitif,yönsüz,çıkarımsal_akrabalık,,04_kam_purenin_oglu_bamsi_beyrek_boyu.csv,37,kıyan selçuk oğlu deli dündar (yas tutma),ok,yas tutma,matched_unique
DKR0159,S04,Kam Püre'nin Oğlu Bamsı Beyrek Boyu,boy,166.0,deli_karcar,Deli Karçar,kişi,bayindir_han,Bayındır Han,kişi,ikna - beyrek sağ mı ölü mü? öğrenelim,ikna/müzakere,cooperation,SOCIAL,iletişim,3,karışık,yönlü,açık_ilişki,,04_kam_purenin_oglu_bamsi_beyrek_boyu.csv,38,deli karçar - bayındır han (ikna - beyrek sağ mı ölü mü? öğrenelim),ok,ikna - beyrek sağ mı ölü mü? öğrenelim,matched_unique
DKR0160,S04,Kam Püre'nin Oğlu Bamsı Beyrek Boyu,boy,167.0,yalanci_oglu_yaltacuk,Yalançı Oğlu Yaltaçuk,kişi,bayindir_han,Bayındır Han,kişi,ikna beyrek'in haberi,ikna/müzakere,cooperation,SOCIAL,iletişim,3,karışık,yönlü,açık_ilişki,,04_kam_purenin_oglu_bamsi_beyrek_boyu.csv,,yalancı oğlu yaltaçuk - bayındır han (ikna beyrek'in haberi),ok,ikna beyrek'in haberi,unmatched_provenance_gap
DKR0161,S04,Kam Püre'nin Oğlu Bamsı Beyrek Boyu,boy,168.0,yalanci_oglu_yaltacuk,Yalançı Oğlu Yaltaçuk,kişi,bayindir_han,Bayındır Han,kişi,yalan - bamsı öldü,diyalog_olumsuz,communication,SOCIAL,iletişim,3,negatif,yönlü,açık_ilişki,,04_kam_purenin_oglu_bamsi_beyrek_boyu.csv,,yalancı oğlu yaltaçuk - bayındır han (yalan - bamsı öldü),ok,yalan - bamsı öldü,unmatched_provenance_gap
DKR0163,S04,Kam Püre'nin Oğlu Bamsı Beyrek Boyu,boy,170.0,bayindir_han,Bayındır Han,kişi,beyler_bamsi_beyrek_boyu,Beyler (Bamsı Beyrek Boyu),grup,emir; gömleği banu çiçek'e gösterin,otorite/emir,authority,AUTHORITY,otorite,3,nötr,yönlü,açık_ilişki,,04_kam_purenin_oglu_bamsi_beyrek_boyu.csv,41,bayındır han - beyler (emir; gömleği banu çiçek'e gösterin),ok,emir; gömleği banu çiçek'e gösterin,matched_unique
DKR0165,S04,Kam Püre'nin Oğlu Bamsı Beyrek Boyu,boy,172.0,bamsinin_anne_babasi,Bamsı'nın Anne Babası,grup,bamsinin_haberi_gelince,Bamsı'nın Haberi Gelince,kişi,yas tutma,duygusal_tepki,other,OTHER,olay,2,negatif,yönlü,açık_ilişki,,04_kam_purenin_oglu_bamsi_beyrek_boyu.csv,42,bamsı'nın anne babası - bamsı'nın haberi gelince (yas tutma),ok,yas tutma,matched_unique
DKR0166,S04,Kam Püre'nin Oğlu Bamsı Beyrek Boyu,boy,173.0,pay_pure_beyin_ordusu,Pay Püre Bey'in Ordusu,grup,bamsinin_haberi_gelince_siyah_giyme_yas_tutma,Bamsı'nın Haberi Gelince Siyah Giyme Yas Tutma,kişi,,belirsiz,uncertain,UNCERTAIN,olay,1,nötr,yönlü,açık_ilişki,,04_kam_purenin_oglu_bamsi_beyrek_boyu.csv,,pay püre bey'in ordusu - bamsı'nın haberi gelince siyah giyme yas tutma,ok,,unmatched_provenance_gap
DKR0168,S04,Kam Püre'nin Oğlu Bamsı Beyrek Boyu,boy,175.0,pay_pure_bey,Pay Püre Bey,kişi,bezirganlar,Bezirganlar,grup,emir; beyrek'in ölüsünü dirisini bulunuz,otorite/emir,authority,AUTHORITY,otorite,3,nötr,yönlü,açık_ilişki,,04_kam_purenin_oglu_bamsi_beyrek_boyu.csv,45,pay püre bey - bezirganlar (emir; beyrek'in ölüsünü dirisini bulunuz),ok,emir; beyrek'in ölüsünü dirisini bulunuz,matched_unique
DKR0169,S04,Kam Püre'nin Oğlu Bamsı Beyrek Boyu,boy,176.0,bayburd_hisarindaki_kafirler,Bayburd Hisarındaki Kafirler,grup,bamsi_beyrek,Bamsı Beyrek,kişi,beyrek kafirlere kopuz çalıyor,destek/yardım,support,SOCIAL,olay,4,pozitif,yönlü,açık_ilişki,,04_kam_purenin_oglu_bamsi_beyrek_boyu.csv,46,bayburd hisarındaki kafirler - beyrek (beyrek kafirlere kopuz çalıyor),ok,beyrek kafirlere kopuz çalıyor,matched_unique
DKR0170,S04,Kam Püre'nin Oğlu Bamsı Beyrek Boyu,boy,177.0,bamsi_beyrek,Bamsı Beyrek,kişi,bezirganlar,Bezirganlar,grup,diy0 - durumu soruyor bezirganlar genel durumu anlatıyor,diyalog_nötr,communication,SOCIAL,iletişim,2,nötr,yönlü,açık_ilişki,,04_kam_purenin_oglu_bamsi_beyrek_boyu.csv,47,beyrek - bezirganlar (diy0 - durumu soruyor bezirganlar genel durumu anlatıyor),ok,diy0 - durumu soruyor bezirganlar genel durumu anlatıyor,matched_unique
DKR0171,S04,Kam Püre'nin Oğlu Bamsı Beyrek Boyu,boy,178.0,kafir_beyinin_kizi,Kafir Beyi'nin Kızı,kişi,bamsi_beyrek,Bamsı Beyrek,kişi,diy0; neden üzgünsün,diyalog_nötr,communication,SOCIAL,iletişim,2,nötr,yönlü,açık_ilişki,,04_kam_purenin_oglu_bamsi_beyrek_boyu.csv,48,kafir beyi'nin kızı - beyrek (diy0; neden üzgünsün),ok,diy0; neden üzgünsün,matched_unique
DKR0172,S04,Kam Püre'nin Oğlu Bamsı Beyrek Boyu,boy,179.0,kafir_beyinin_kizi,Kafir Beyinin Kızı,kişi,bamsi_beyrek,Bamsı Beyrek,kişi,aşk,evlilik/bağlaşıklık,marriage_alliance,KINSHIP,akrabalık,5,pozitif,yönsüz,açık_ilişki,,04_kam_purenin_oglu_bamsi_beyrek_boyu.csv,49,kafir beyinin kızı - beyrek (aşk),ok,aşk,matched_unique
DKR0173,S04,Kam Püre'nin Oğlu Bamsı Beyrek Boyu,boy,180.0,kafir_beyinin_kizi,Kafir Beyinin Kızı,kişi,bamsi_beyrek,Bamsı Beyrek,kişi,kaleden kaçmana yardım edeyim,destek/yardım,support,SOCIAL,olay,4,pozitif,yönlü,açık_ilişki,,04_kam_purenin_oglu_bamsi_beyrek_boyu.csv,50,kafir beyinin kızı - beyrek (kaleden kaçmana yardım edeyim),ok,kaleden kaçmana yardım edeyim,matched_unique
DKR0174,S04,Kam Püre'nin Oğlu Bamsı Beyrek Boyu,boy,181.0,bamsi_beyrek,Bamsı Beyrek,kişi,beyrekin_40_adami,Beyrek'in 40 Adamı,grup,vedalaşma,hareket/eylem,other,OTHER,olay,2,nötr,yönlü,açık_ilişki,,04_kam_purenin_oglu_bamsi_beyrek_boyu.csv,51,beyrek - beyrek'in 40 adamı (vedalaşma),ok,vedalaşma,matched_unique
DKR0175,S04,Kam Püre'nin Oğlu Bamsı Beyrek Boyu,boy,182.0,kafirin_40_atlisi,Kafirin 40 Atlısı,kişi,bamsi_beyrek,Bamsı Beyrek,kişi,kovalamaca,çatışma,conflict,SOCIAL,çatışma,5,negatif,yönsüz,açık_ilişki,,04_kam_purenin_oglu_bamsi_beyrek_boyu.csv,52,kafirin 40 atlısı - beyrek (kovalamaca),ok,kovalamaca,matched_unique
DKR0176,S04,Kam Püre'nin Oğlu Bamsı Beyrek Boyu,boy,183.0,bamsi_beyrek,Bamsı Beyrek,kişi,ozan,Ozan,kişi,ikna: kopuzunu bana ver,ikna/müzakere,cooperation,SOCIAL,iletişim,3,karışık,yönlü,açık_ilişki,,04_kam_purenin_oglu_bamsi_beyrek_boyu.csv,53,beyrek - ozan (ikna: kopuzunu bana ver),ok,ikna: kopuzunu bana ver,matched_unique
DKR0177,S04,Kam Püre'nin Oğlu Bamsı Beyrek Boyu,boy,184.0,bamsi_beyrek,Bamsı Beyrek,kişi,cobanlar,Çobanlar,kişi,diy0; yaşananları haberleşiyorlar,diyalog_nötr,communication,SOCIAL,iletişim,2,nötr,yönlü,açık_ilişki,,04_kam_purenin_oglu_bamsi_beyrek_boyu.csv,54,beyrek - çobanlar (diy0; yaşananları haberleşiyorlar),ok,diy0; yaşananları haberleşiyorlar,matched_unique
DKR0178,S04,Kam Püre'nin Oğlu Bamsı Beyrek Boyu,boy,185.0,bamsi_beyrek,Bamsı Beyrek,kişi,beyrekin_kucuk_kiz_kardesi,Beyrek'in Küçük Kız Kardeşi,kişi,diy0; haberleşme,diyalog_nötr,communication,SOCIAL,iletişim,2,nötr,yönlü,açık_ilişki,,04_kam_purenin_oglu_bamsi_beyrek_boyu.csv,55,beyrek - beyrek'in küçük kız kardeşi (diy0; haberleşme),ok,diy0; haberleşme,matched_unique
DKR0179,S04,Kam Püre'nin Oğlu Bamsı Beyrek Boyu,boy,186.0,bamsi_beyrek,Bamsı Beyrek,kişi,beyrekin_buyuk_kiz_kardesi,Beyrek'in Büyük Kız Kardeşi,kişi,diy0; yemek ve kaftan isteme,diyalog_nötr,communication,SOCIAL,iletişim,2,nötr,yönlü,açık_ilişki,,04_kam_purenin_oglu_bamsi_beyrek_boyu.csv,56,beyrek - beyrek'in büyük kız kardeşi (diy0; yemek ve kaftan isteme),ok,diy0; yemek ve kaftan isteme,matched_unique
DKR0181,S04,Kam Püre'nin Oğlu Bamsı Beyrek Boyu,boy,188.0,bamsi_beyrek,Bamsı Beyrek,kişi,beyrekin_buyuk_kiz_kardesi,Beyrek'in Büyük Kız Kardeşi,kişi,kaftanı yere atıp üstüne çuval giyme,destek/yardım,support,SOCIAL,olay,4,pozitif,yönlü,açık_ilişki,,04_kam_purenin_oglu_bamsi_beyrek_boyu.csv,57,beyrek - beyrek'in büyük kız kardeşi (kaftanı yere atıp üstüne çuval giyme),ok,kaftanı yere atıp üstüne çuval giyme,matched_unique
DKR0183,S04,Kam Püre'nin Oğlu Bamsı Beyrek Boyu,boy,190.0,kara_budak_kazan_oglu_uruz_beyler_basi_yigenek_gaflet_koca_oglu_sir_semseddin_deli_karcar_dugunde_ok_atarlar,"Kara Budak, Kazan Oğlu Uruz, Beyler Başı Yigenek, Gaflet Koca Oğlu Şir Şemseddin, Deli Karçar, Düğünde Ok Atarlar",grup,beyrekin_kayin_babasi_kara_gone,"Beyrek'in Kayın Babası, Kara Göne",kişi,oğlu,akrabalık,kinship,KINSHIP,akrabalık,5,pozitif,yönsüz,çıkarımsal_akrabalık,,04_kam_purenin_oglu_bamsi_beyrek_boyu.csv,58,"beyrek'in kayın babası, kara göne oğlu kara budak, kazan oğlu uruz, beyler başı yigenek, gaflet koca oğlu şir şemseddin, deli karçar, düğünde ok atarlar",ok,,matched_unique
DKR0184,S04,Kam Püre'nin Oğlu Bamsı Beyrek Boyu,boy,191.0,bamsi_beyrek,Bamsı Beyrek,kişi,kara_budak,Kara Budak,kişi,ok atınca elin var olsun - diy0,diyalog_nötr,communication,SOCIAL,iletişim,2,nötr,yönlü,açık_ilişki,,04_kam_purenin_oglu_bamsi_beyrek_boyu.csv,59,beyrek - kara budak (ok atınca elin var olsun - diy0),ok,ok atınca elin var olsun - diy0,matched_unique
DKR0185,S04,Kam Püre'nin Oğlu Bamsı Beyrek Boyu,boy,192.0,bamsi_beyrek,Bamsı Beyrek,kişi,uruz,Uruz,kişi,ok atınca elin var olsun - diy0,diyalog_nötr,communication,SOCIAL,iletişim,2,nötr,yönlü,açık_ilişki,,04_kam_purenin_oglu_bamsi_beyrek_boyu.csv,60,beyrek - uruz (ok atınca elin var olsun - diy0),ok,ok atınca elin var olsun - diy0,matched_unique
DKR0186,S04,Kam Püre'nin Oğlu Bamsı Beyrek Boyu,boy,193.0,bamsi_beyrek,Bamsı Beyrek,kişi,yigenek,Yigenek,kişi,ok atınca elin var olsun - diy0,diyalog_nötr,communication,SOCIAL,iletişim,2,nötr,yönlü,açık_ilişki,,04_kam_purenin_oglu_bamsi_beyrek_boyu.csv,61,beyrek - yigenek (ok atınca elin var olsun - diy0),ok,ok atınca elin var olsun - diy0,matched_unique
DKR0187,S04,Kam Püre'nin Oğlu Bamsı Beyrek Boyu,boy,194.0,bamsi_beyrek,Bamsı Beyrek,kişi,sir_semseddin,Şir Şemseddin,kişi,ok atınca elin var olsun - diy0,diyalog_nötr,communication,SOCIAL,iletişim,2,nötr,yönlü,açık_ilişki,,04_kam_purenin_oglu_bamsi_beyrek_boyu.csv,62,beyrek - şir şemseddin (ok atınca elin var olsun - diy0),ok,ok atınca elin var olsun - diy0,matched_unique
DKR0188,S04,Kam Püre'nin Oğlu Bamsı Beyrek Boyu,boy,195.0,bamsi_beyrek,Bamsı Beyrek,kişi,pay_pure_bey,Pay Püre Bey,kişi,"ok atınca elin kurusun, parmağın çürüsün diy -",diyalog_olumsuz,communication,SOCIAL,iletişim,3,negatif,yönlü,açık_ilişki,,04_kam_purenin_oglu_bamsi_beyrek_boyu.csv,63,"beyrek - pay püre bey (ok atınca elin kurusun, parmağın çürüsün diy - )",ok,"ok atınca elin kurusun, parmağın çürüsün diy -",matched_unique
DKR0189,S04,Kam Püre'nin Oğlu Bamsı Beyrek Boyu,boy,196.0,yalanci_oglu_yaltacuk,Yalançı Oğlu Yaltaçuk,kişi,bamsi_beyrek,Bamsı Beyrek,kişi,meydan okuma; yayı germe,gerilim,conflict,SOCIAL,çatışma,4,negatif,yönsüz,açık_ilişki,,04_kam_purenin_oglu_bamsi_beyrek_boyu.csv,64,yalançı oğlu yaltaçuk - beyrek (meydan okuma; yayı germe),ok,meydan okuma; yayı germe,matched_unique
DKR0190,S04,Kam Püre'nin Oğlu Bamsı Beyrek Boyu,boy,197.0,bamsi_beyrek,Bamsı Beyrek,kişi,yalanci_oglu_yaltacuk,Yalançı Oğlu Yaltaçuk,kişi,yaltaçuk'un yayını kırar,belirsiz,uncertain,UNCERTAIN,olay,1,nötr,yönlü,açık_ilişki,,04_kam_purenin_oglu_bamsi_beyrek_boyu.csv,65,beyrek - yalançı oğlu yaltaçuk (yaltaçuk'un yayını kırar),ok,yaltaçuk'un yayını kırar,matched_unique
DKR0191,S04,Kam Püre'nin Oğlu Bamsı Beyrek Boyu,boy,198.0,yalanci_oglu_yaltacuk,Yalançı Oğlu Yaltaçuk,kişi,beyler_bamsi_beyrek_boyu,Beyler (Bamsı Beyrek Boyu),grup,emir; beyrek'in yayını getirin,otorite/emir,authority,AUTHORITY,otorite,3,nötr,yönlü,açık_ilişki,,04_kam_purenin_oglu_bamsi_beyrek_boyu.csv,,yaltaçuk - beylere (emir; beyrek'in yayını getirin),ok,emir; beyrek'in yayını getirin,unmatched_provenance_gap
DKR0193,S04,Kam Püre'nin Oğlu Bamsı Beyrek Boyu,boy,200.0,bamsi_beyrek,Bamsı Beyrek,kişi,beyler_bamsi_beyrek_boyu,Beyler (Bamsı Beyrek Boyu),grup,diy0,diyalog_nötr,communication,SOCIAL,iletişim,2,nötr,yönlü,açık_ilişki,,04_kam_purenin_oglu_bamsi_beyrek_boyu.csv,67,beyrek - beyler (diy0),ok,diy0,matched_unique
DKR0196,S04,Kam Püre'nin Oğlu Bamsı Beyrek Boyu,boy,203.0,salur_kazan,Salur Kazan,kişi,kazanin_adami,Kazan'ın Adamı,grup,emir; beyrek'i çağır,otorite/emir,authority,AUTHORITY,otorite,3,nötr,yönlü,açık_ilişki,,04_kam_purenin_oglu_bamsi_beyrek_boyu.csv,68,kazan - kazan'ın adamı (emir; beyrek'i çağır),ok,emir; beyrek'i çağır,matched_unique
DKR0197,S04,Kam Püre'nin Oğlu Bamsı Beyrek Boyu,boy,204.0,bamsi_beyrek,Bamsı Beyrek,kişi,salur_kazan,Salur Kazan,kişi,diy+,diyalog_olumlu,communication,SOCIAL,iletişim,3,pozitif,yönlü,açık_ilişki,,04_kam_purenin_oglu_bamsi_beyrek_boyu.csv,69,beyrek - kazan (diy+),ok,diy+,matched_unique
DKR0198,S04,Kam Püre'nin Oğlu Bamsı Beyrek Boyu,boy,205.0,salur_kazan,Salur Kazan,kişi,bamsi_beyrek,Bamsı Beyrek,kişi,ne dilersen dile,belirsiz,uncertain,UNCERTAIN,olay,1,nötr,yönlü,açık_ilişki,,04_kam_purenin_oglu_bamsi_beyrek_boyu.csv,70,kazan - beyrek (ne dilersen dile),ok,ne dilersen dile,matched_unique
DKR0199,S04,Kam Püre'nin Oğlu Bamsı Beyrek Boyu,boy,206.0,bamsi_beyrek,Bamsı Beyrek,kişi,salur_kazan,Salur Kazan,kişi,açım yemeğin başına gidip yemek yiyeyim,tören/ritüel,other,OTHER,olay,2,pozitif,yönlü,açık_ilişki,,04_kam_purenin_oglu_bamsi_beyrek_boyu.csv,71,beyrek - kazan (açım yemeğin başına gidip yemek yiyeyim),ok,açım yemeğin başına gidip yemek yiyeyim,matched_unique
DKR0200,S04,Kam Püre'nin Oğlu Bamsı Beyrek Boyu,boy,207.0,salur_kazan,Salur Kazan,kişi,beyler_ve_beyrek,Beyler ve Beyrek,grup,"ödül; bugün beyrek (deli ozan) ne isterse yapsın karışmayın, benim beyliğim bugün onun olsun",ödül/değişim,cooperation,SOCIAL,otorite,3,pozitif,yönlü,açık_ilişki,,04_kam_purenin_oglu_bamsi_beyrek_boyu.csv,72,"kazan - beyler ve beyrek (ödül; bugün beyrek (deli ozan) ne isterse yapsın karışmayın, benim beyliğim bugün onun olsun)",ok,"ödül; bugün beyrek (deli ozan) ne isterse yapsın karışmayın, benim beyliğim bugün onun olsun",matched_unique
DKR0202,S04,Kam Püre'nin Oğlu Bamsı Beyrek Boyu,boy,209.0,kazanin_adamlari,Kazan'ın Adamları,grup,salur_kazan,Salur Kazan,kişi,deli ozan kazanları devirdi şimdi kızların yanına gitmek ister,belirsiz,uncertain,UNCERTAIN,olay,1,nötr,yönlü,açık_ilişki,,04_kam_purenin_oglu_bamsi_beyrek_boyu.csv,73,kazan'ın adamları - kazan (deli ozan kazanları devirdi şimdi kızların yanına gitmek ister),ok,deli ozan kazanları devirdi şimdi kızların yanına gitmek ister,matched_unique
DKR0203,S04,Kam Püre'nin Oğlu Bamsı Beyrek Boyu,boy,210.0,salur_kazan,Salur Kazan,kişi,kazanin_adamlari,Kazan'ın Adamları,grup,icazet; bırakın beyrek ne isterse yapsın,otorite/emir,authority,AUTHORITY,otorite,3,nötr,yönlü,açık_ilişki,,04_kam_purenin_oglu_bamsi_beyrek_boyu.csv,74,kazan - kazan'ın adamları (icazet; bırakın beyrek ne isterse yapsın),ok,icazet; bırakın beyrek ne isterse yapsın,matched_unique
DKR0205,S04,Kam Püre'nin Oğlu Bamsı Beyrek Boyu,boy,212.0,burla_hatun,Burla Hatun,kişi,bamsi_beyrek,Bamsı Beyrek,kişi,gerginlik,belirsiz,uncertain,UNCERTAIN,olay,1,nötr,yönlü,açık_ilişki,,04_kam_purenin_oglu_bamsi_beyrek_boyu.csv,,uzun boylu burla hatun - beyrek (gerginlik),ok,gerginlik,unmatched_provenance_gap
DKR0206,S04,Kam Püre'nin Oğlu Bamsı Beyrek Boyu,boy,213.0,bamsi_beyrek,Bamsı Beyrek,kişi,burla_hatun,Burla Hatun,kişi,diy0; kazan'dan emir var ne istersem yapacağım,diyalog_nötr,communication,SOCIAL,iletişim,2,nötr,yönlü,açık_ilişki,,04_kam_purenin_oglu_bamsi_beyrek_boyu.csv,,beyrek - uzun boylu burla hatun (diy0; kazan'dan emir var ne istersem yapacağım),ok,diy0; kazan'dan emir var ne istersem yapacağım,unmatched_provenance_gap
DKR0207,S04,Kam Püre'nin Oğlu Bamsı Beyrek Boyu,boy,214.0,burla_hatun,Burla Hatun,kişi,cevresindekiler,Çevresindekiler,grup,emir; ozanı bırakın istediğini yapsın,otorite/emir,authority,AUTHORITY,otorite,3,nötr,yönlü,açık_ilişki,,04_kam_purenin_oglu_bamsi_beyrek_boyu.csv,,uzun boylu burla hatun - çevresindekilere (emir; ozanı bırakın istediğini yapsın),ok,emir; ozanı bırakın istediğini yapsın,unmatched_provenance_gap
DKR0208,S04,Kam Püre'nin Oğlu Bamsı Beyrek Boyu,boy,215.0,burla_hatun,Burla Hatun,kişi,bamsi_beyrek,Bamsı Beyrek,kişi,ne istersin,belirsiz,uncertain,UNCERTAIN,olay,1,nötr,yönlü,açık_ilişki,,04_kam_purenin_oglu_bamsi_beyrek_boyu.csv,78,burla hatun - beyrek (ne istersin),ok,ne istersin,matched_unique
DKR0209,S04,Kam Püre'nin Oğlu Bamsı Beyrek Boyu,boy,216.0,bamsi_beyrek,Bamsı Beyrek,kişi,burla_hatun,Burla Hatun,kişi,ere varan kız kalksın oynasın,belirsiz,uncertain,UNCERTAIN,olay,1,nötr,yönlü,açık_ilişki,,04_kam_purenin_oglu_bamsi_beyrek_boyu.csv,79,beyrek - burla hatun (ere varan kız kalksın oynasın),ok,ere varan kız kalksın oynasın,matched_unique
DKR0210,S04,Kam Püre'nin Oğlu Bamsı Beyrek Boyu,boy,217.0,kadinlar,Kadınlar,grup,kisirca_yenge,Kısırca Yenge,kişi,ikna; kalk sen oyna,ikna/müzakere,cooperation,SOCIAL,iletişim,3,karışık,yönlü,açık_ilişki,,04_kam_purenin_oglu_bamsi_beyrek_boyu.csv,80,kadınlar - kısırca yenge (ikna; kalk sen oyna),ok,ikna; kalk sen oyna,matched_unique
DKR0211,S04,Kam Püre'nin Oğlu Bamsı Beyrek Boyu,boy,218.0,kisirca_yenge,Kısırca Yenge,kişi,bamsi_beyrek,Bamsı Beyrek,kişi,gelin benim diyerek oynamaya başladı,evlilik/bağlaşıklık,marriage_alliance,KINSHIP,akrabalık,5,pozitif,yönsüz,açık_ilişki,,04_kam_purenin_oglu_bamsi_beyrek_boyu.csv,81,kısırca yenge - beyrek (gelin benim diyerek oynamaya başladı),ok,gelin benim diyerek oynamaya başladı,matched_unique
DKR0212,S04,Kam Püre'nin Oğlu Bamsı Beyrek Boyu,boy,219.0,bamsi_beyrek,Bamsı Beyrek,kişi,deyis,Deyiş,nesne/doğa,kısırca kısrak vs. sen otur ere varan kız oynasın,belirsiz,uncertain,UNCERTAIN,olay,1,nötr,yönlü,açık_ilişki,,04_kam_purenin_oglu_bamsi_beyrek_boyu.csv,82,beyrek - deyiş (kısırca kısrak vs. sen otur ere varan kız oynasın),ok,kısırca kısrak vs. sen otur ere varan kız oynasın,matched_unique
DKR0213,S04,Kam Püre'nin Oğlu Bamsı Beyrek Boyu,boy,220.0,kadinlar,Kadınlar,grup,bogazca_fatma,Boğazça Fatma,kişi,gelin benim diyip oynamaya başladı,evlilik/bağlaşıklık,marriage_alliance,KINSHIP,akrabalık,5,pozitif,yönsüz,açık_ilişki,,04_kam_purenin_oglu_bamsi_beyrek_boyu.csv,83,kadınlar - boğazça fatma (gelin benim diyip oynamaya başladı),ok,gelin benim diyip oynamaya başladı,matched_unique
DKR0214,S04,Kam Püre'nin Oğlu Bamsı Beyrek Boyu,boy,221.0,bamsi_beyrek,Bamsı Beyrek,kişi,deyis,Deyiş,nesne/doğa,"boğaz kısrağa bindiğim yok, senin adın 40 oynaşlı fatma değil mi vs. sen otur ere varan kız oynasın",belirsiz,uncertain,UNCERTAIN,olay,1,nötr,yönlü,açık_ilişki,,04_kam_purenin_oglu_bamsi_beyrek_boyu.csv,84,"beyrek - deyiş (boğaz kısrağa bindiğim yok, senin adın 40 oynaşlı fatma değil mi vs. sen otur ere varan kız oynasın)",ok,"boğaz kısrağa bindiğim yok, senin adın 40 oynaşlı fatma değil mi vs. sen otur ere varan kız oynasın",matched_unique
DKR0215,S04,Kam Püre'nin Oğlu Bamsı Beyrek Boyu,boy,222.0,bogazca_fatma,Boğazça Fatma,kişi,banu_cicek,Banu Çiçek,kişi,kalk oyna benim ayıplarımı ortaya döktü,belirsiz,uncertain,UNCERTAIN,olay,1,nötr,yönlü,açık_ilişki,,04_kam_purenin_oglu_bamsi_beyrek_boyu.csv,85,boğazça fatma - banu çiçek (kalk oyna benim ayıplarımı ortaya döktü),ok,kalk oyna benim ayıplarımı ortaya döktü,matched_unique
DKR0216,S04,Kam Püre'nin Oğlu Bamsı Beyrek Boyu,boy,223.0,burla_hatun,Burla Hatun,kişi,banu_cicek,Banu Çiçek,kişi,ikna: kalk oyna,ikna/müzakere,cooperation,SOCIAL,iletişim,3,karışık,yönlü,açık_ilişki,,04_kam_purenin_oglu_bamsi_beyrek_boyu.csv,86,burla hatun - banu çiçek (ikna: kalk oyna),ok,ikna: kalk oyna,matched_unique
DKR0218,S04,Kam Püre'nin Oğlu Bamsı Beyrek Boyu,boy,225.0,bamsi_beyrek,Bamsı Beyrek,kişi,banu_cicek,Banu Çiçek,kişi,ay oldukça han kızı ere varmak ayıb olur,akrabalık,kinship,KINSHIP,akrabalık,5,pozitif,yönsüz,açık_ilişki,,04_kam_purenin_oglu_bamsi_beyrek_boyu.csv,87,beyrek - banu çiçek (ay oldukça han kızı ere varmak ayıb olur),ok,ay oldukça han kızı ere varmak ayıb olur,matched_unique
DKR0219,S04,Kam Püre'nin Oğlu Bamsı Beyrek Boyu,boy,226.0,banu_cicek,Banu Çiçek,kişi,bamsi_beyrek,Bamsı Beyrek,kişi,"ben ayıplı mıyım, bana ayıp koşarsın diye bileğinin açılıp parmağındaki yüzüğü gördü",belirsiz,uncertain,UNCERTAIN,olay,1,nötr,yönlü,açık_ilişki,,04_kam_purenin_oglu_bamsi_beyrek_boyu.csv,88,"banu çiçek - beyrek (ben ayıplı mıyım, bana ayıp koşarsın diye bileğinin açılıp parmağındaki yüzüğü gördü)",ok,"ben ayıplı mıyım, bana ayıp koşarsın diye bileğinin açılıp parmağındaki yüzüğü gördü",matched_unique
DKR0220,S04,Kam Püre'nin Oğlu Bamsı Beyrek Boyu,boy,227.0,bamsi_beyrek,Bamsı Beyrek,kişi,bamsi_beyrek,Bamsı Beyrek,kişi,diy0,diyalog_nötr,communication,SOCIAL,iletişim,2,nötr,yönlü,açık_ilişki,,04_kam_purenin_oglu_bamsi_beyrek_boyu.csv,89,beyrek - bamsı (diy0),ok,diy0,matched_unique
DKR0221,S04,Kam Püre'nin Oğlu Bamsı Beyrek Boyu,boy,228.0,bamsi_beyrek,Bamsı Beyrek,kişi,banu_cicek,Banu Çiçek,kişi,beyrek kendisi olduğunu anlatır,belirsiz,uncertain,UNCERTAIN,olay,1,nötr,yönlü,açık_ilişki,,04_kam_purenin_oglu_bamsi_beyrek_boyu.csv,90,beyrek - banu çiçek (beyrek kendisi olduğunu anlatır),ok,beyrek kendisi olduğunu anlatır,matched_unique
DKR0222,S04,Kam Püre'nin Oğlu Bamsı Beyrek Boyu,boy,229.0,banu_cicek,Banu Çiçek,kişi,beyrekin_anne_babasi,Beyrek'in Anne Babası,grup,beyrek'in yaşadığını haber verdi,belirsiz,uncertain,UNCERTAIN,olay,1,nötr,yönlü,açık_ilişki,,04_kam_purenin_oglu_bamsi_beyrek_boyu.csv,91,banu çiçek - beyrek'in anne babası (beyrek'in yaşadığını haber verdi),ok,beyrek'in yaşadığını haber verdi,matched_unique
DKR0224,S04,Kam Püre'nin Oğlu Bamsı Beyrek Boyu,boy,231.0,salur_kazan,Salur Kazan,kişi,paypure,Paypüre,kişi,diy+; oğlun yaşıyor,akrabalık,kinship,KINSHIP,akrabalık,5,pozitif,yönsüz,açık_ilişki,,04_kam_purenin_oglu_bamsi_beyrek_boyu.csv,92,kazan - paypüre (diy+; oğlun yaşıyor),ok,diy+; oğlun yaşıyor,matched_unique
DKR0225,S04,Kam Püre'nin Oğlu Bamsı Beyrek Boyu,boy,232.0,pay_pure,Pay Püre,kişi,salur_kazan,Salur Kazan,kişi,serçe parmağını kanatıp beze damlatsın benim gözüm açılırsa oğlumdur,akrabalık,kinship,KINSHIP,akrabalık,5,pozitif,yönsüz,açık_ilişki,,04_kam_purenin_oglu_bamsi_beyrek_boyu.csv,93,pay püre - kazan (serçe parmağını kanatıp beze damlatsın benim gözüm açılırsa oğlumdur),ok,serçe parmağını kanatıp beze damlatsın benim gözüm açılırsa oğlumdur,matched_unique
DKR0229,S04,Kam Püre'nin Oğlu Bamsı Beyrek Boyu,boy,236.0,bamsi_beyrek,Bamsı Beyrek,kişi,yalanci_oglu_yaltacuk,Yalançı Oğlu Yaltaçuk,kişi,çatışma; yaltaçuk teslim oldu,çatışma,conflict,SOCIAL,çatışma,5,negatif,yönsüz,açık_ilişki,,04_kam_purenin_oglu_bamsi_beyrek_boyu.csv,,beyrek - yaltaçuk (çatışma; yaltaçuk teslim oldu),ok,çatışma; yaltaçuk teslim oldu,unmatched_provenance_gap
DKR0230,S04,Kam Püre'nin Oğlu Bamsı Beyrek Boyu,boy,237.0,bamsi_beyrek,Bamsı Beyrek,kişi,yalanci_oglu_yaltacuk,Yalançı Oğlu Yaltaçuk,kişi,affetme,destek/yardım,support,SOCIAL,olay,4,pozitif,yönlü,açık_ilişki,,04_kam_purenin_oglu_bamsi_beyrek_boyu.csv,,beyrek - yaltaçuk (affetme),ok,affetme,unmatched_provenance_gap
DKR0231,S04,Kam Püre'nin Oğlu Bamsı Beyrek Boyu,boy,238.0,salur_kazan,Salur Kazan,kişi,bamsi_beyrek,Bamsı Beyrek,kişi,"muradına eriş, diy+",diyalog_olumlu,communication,SOCIAL,iletişim,3,pozitif,yönlü,açık_ilişki,,04_kam_purenin_oglu_bamsi_beyrek_boyu.csv,96,"kazan - beyrek (muradına eriş, diy+)",ok,"muradına eriş, diy+",matched_unique
DKR0232,S04,Kam Püre'nin Oğlu Bamsı Beyrek Boyu,boy,239.0,bamsi_beyrek,Bamsı Beyrek,kişi,salur_kazan,Salur Kazan,kişi,yoldaşlarını kurtarmayı ve hisarı almayınca dmurada ermem,destek/yardım,support,SOCIAL,olay,4,pozitif,yönlü,açık_ilişki,,04_kam_purenin_oglu_bamsi_beyrek_boyu.csv,97,beyrek - kazan (yoldaşlarını kurtarmayı ve hisarı almayınca dmurada ermem),ok,yoldaşlarını kurtarmayı ve hisarı almayınca dmurada ermem,matched_unique
DKR0233,S04,Kam Püre'nin Oğlu Bamsı Beyrek Boyu,boy,240.0,salur_kazan,Salur Kazan,kişi,beyler_bamsi_beyrek_boyu,Beyler (Bamsı Beyrek Boyu),grup,emir; beni seven atına binsin,otorite/emir,authority,AUTHORITY,otorite,3,nötr,yönlü,açık_ilişki,,04_kam_purenin_oglu_bamsi_beyrek_boyu.csv,98,kazan - beyler (emir; beni seven atına binsin),ok,emir; beni seven atına binsin,matched_unique
DKR0235,S04,Kam Püre'nin Oğlu Bamsı Beyrek Boyu,boy,242.0,oguz_beyleri,Oğuz Beyleri,grup,kafirler_bamsi_beyrek_boyu,Kafirler (Bamsı Beyrek Boyu),grup,çatışma,çatışma,conflict,SOCIAL,çatışma,5,negatif,yönsüz,açık_ilişki,,04_kam_purenin_oglu_bamsi_beyrek_boyu.csv,99,oğuz beyleri - kafirler (çatışma),ok,çatışma,matched_unique
DKR0236,S04,Kam Püre'nin Oğlu Bamsı Beyrek Boyu,boy,243.0,salur_kazan,Salur Kazan,kişi,sokli_melik,Şökli Melik,kişi,çatışma,çatışma,conflict,SOCIAL,çatışma,5,negatif,yönsüz,açık_ilişki,,04_kam_purenin_oglu_bamsi_beyrek_boyu.csv,100,kazan - şökli melik (çatışma),ok,çatışma,matched_unique
DKR0237,S04,Kam Püre'nin Oğlu Bamsı Beyrek Boyu,boy,244.0,deli_dundar,Deli Dündar,kişi,kara_tekfur,Kara Tekfur,kişi,çatışma,çatışma,conflict,SOCIAL,çatışma,5,negatif,yönsüz,açık_ilişki,,04_kam_purenin_oglu_bamsi_beyrek_boyu.csv,101,deli dündar - kara tekfur (çatışma),ok,çatışma,matched_unique
DKR0238,S04,Kam Püre'nin Oğlu Bamsı Beyrek Boyu,boy,245.0,kara_budak,Kara Budak,kişi,kara_arslan_melik,Kara Arslan Melik,kişi,çatışma,çatışma,conflict,SOCIAL,çatışma,5,negatif,yönsüz,açık_ilişki,,04_kam_purenin_oglu_bamsi_beyrek_boyu.csv,102,kara budak - kara arslan melik (çatışma),ok,çatışma,matched_unique
DKR0239,S04,Kam Püre'nin Oğlu Bamsı Beyrek Boyu,boy,246.0,oguz_beyleri,Oğuz Beyleri,grup,yedi_kafir_beyi,Yedi Kafir Beyi,kişi,çatışma,çatışma,conflict,SOCIAL,çatışma,5,negatif,yönsüz,açık_ilişki,,04_kam_purenin_oglu_bamsi_beyrek_boyu.csv,103,oğuz beyleri - yedi kafir beyi (çatışma),ok,çatışma,matched_unique
DKR0241,S04,Kam Püre'nin Oğlu Bamsı Beyrek Boyu,boy,248.0,bamsi_beyrek,Bamsı Beyrek,kişi,beyrekin_40_yigidi,Beyrek'in 40 Yiğidi,grup,beyrek yoldaşlarını kurtardı,destek/yardım,support,SOCIAL,olay,4,pozitif,yönlü,açık_ilişki,,04_kam_purenin_oglu_bamsi_beyrek_boyu.csv,104,beyrek - beyrek'in 40 yiğidi (beyrek yoldaşlarını kurtardı),ok,beyrek yoldaşlarını kurtardı,matched_unique
DKR0242,S04,Kam Püre'nin Oğlu Bamsı Beyrek Boyu,boy,249.0,kaleye_hucum_edenler,Kaleye Hücum Edenler,grup,kesisler,Keşişler,grup,çatışma,çatışma,conflict,SOCIAL,çatışma,5,negatif,yönsüz,açık_ilişki,,04_kam_purenin_oglu_bamsi_beyrek_boyu.csv,105,kaleye hucüm edenler - keşişler (çatışma),ok,çatışma,matched_unique
DKR0243,S04,Kam Püre'nin Oğlu Bamsı Beyrek Boyu,boy,250.0,bamsi_beyrek,Bamsı Beyrek,kişi,bayburt_hisrasi_melikinin_kizi,Bayburt Hisrası Meliki'nin Kızı,kişi,"evlilik, nişan",evlilik/bağlaşıklık,marriage_alliance,KINSHIP,akrabalık,5,pozitif,yönsüz,açık_ilişki,,04_kam_purenin_oglu_bamsi_beyrek_boyu.csv,106,"beyrek - bayburt hisrası meliki'nin kızı (evlilik, nişan)",ok,"evlilik, nişan",matched_unique
DKR0244,S04,Kam Püre'nin Oğlu Bamsı Beyrek Boyu,boy,251.0,kazan_ve_bayindir_han,Kazan ve Bayındır Han,grup,beyrekin_40_yigidi,Beyrek'in 40 Yiğidi,grup,evlenme,evlilik/bağlaşıklık,marriage_alliance,KINSHIP,akrabalık,5,pozitif,yönsüz,açık_ilişki,,04_kam_purenin_oglu_bamsi_beyrek_boyu.csv,107,kazan ve bayındır han - beyrek'in 40 yiğidi'ne kız verdi (evlenme),ok,evlenme,matched_unique
DKR0245,S04,Kam Püre'nin Oğlu Bamsı Beyrek Boyu,boy,252.0,beyrekin_yedi_kiz_kardesi,Beyrek'in Yedi Kız Kardeşi,kişi,yedi_yigit,Yedi Yiğit,grup,evlenme,evlilik/bağlaşıklık,marriage_alliance,KINSHIP,akrabalık,5,pozitif,yönsüz,açık_ilişki,,04_kam_purenin_oglu_bamsi_beyrek_boyu.csv,108,beyrek'in yedi kız kardeşi - yedi yiğit (evlenme),ok,evlenme,matched_unique
DKR0249,S05,Kazan Bey Oğlu Uruz Bey'in Tutsak Olduğu Boy,boy,258.0,salur_kazan,Salur Kazan,kişi,ulas,Ulaş,kişi,oğlu,akrabalık,kinship,KINSHIP,akrabalık,5,pozitif,yönsüz,çıkarımsal_akrabalık,,05_kazan_bey_oglu_uruz_beyin_tutsak_oldugu_boy.csv,0,ulaş oğlu kazan bey,ok,,matched_unique
DKR0250,S05,Kazan Bey Oğlu Uruz Bey'in Tutsak Olduğu Boy,boy,259.0,salur_kazan,Salur Kazan,kişi,doksan_tumen_oguz,Doksan Tümen Oğuz,grup,ikramda bulunma toy,ödül/değişim,cooperation,SOCIAL,otorite,3,pozitif,yönlü,açık_ilişki,,05_kazan_bey_oglu_uruz_beyin_tutsak_oldugu_boy.csv,1,kazan bey - doksan tümen oğuz (ikramda bulunma toy),ok,ikramda bulunma toy,matched_unique
DKR0254,S05,Kazan Bey Oğlu Uruz Bey'in Tutsak Olduğu Boy,boy,263.0,salur_kazan,Salur Kazan,kişi,kara_gone,Kara Göne,kişi,diy+,diyalog_olumlu,communication,SOCIAL,iletişim,3,pozitif,yönlü,açık_ilişki,,05_kazan_bey_oglu_uruz_beyin_tutsak_oldugu_boy.csv,3,kazan - kara göne (diy+),ok,diy+,matched_unique
DKR0255,S05,Kazan Bey Oğlu Uruz Bey'in Tutsak Olduğu Boy,boy,264.0,salur_kazan,Salur Kazan,kişi,at_agizli_aruz,At Ağızlı Aruz,kişi,diy+,diyalog_olumlu,communication,SOCIAL,iletişim,3,pozitif,yönlü,açık_ilişki,,05_kazan_bey_oglu_uruz_beyin_tutsak_oldugu_boy.csv,4,kazan - at ağızlı aruz (diy+),ok,diy+,matched_unique
DKR0256,S05,Kazan Bey Oğlu Uruz Bey'in Tutsak Olduğu Boy,boy,265.0,salur_kazan,Salur Kazan,kişi,uruz,Uruz,kişi,diy -,diyalog_olumsuz,communication,SOCIAL,iletişim,3,negatif,yönlü,açık_ilişki,,05_kazan_bey_oglu_uruz_beyin_tutsak_oldugu_boy.csv,5,kazan - uruz (diy - ),ok,diy -,matched_unique
DKR0257,S05,Kazan Bey Oğlu Uruz Bey'in Tutsak Olduğu Boy,boy,266.0,uruz,Uruz,kişi,salur_kazan,Salur Kazan,kişi,diy0; neden üzüldüğünü sorar,diyalog_nötr,communication,SOCIAL,iletişim,2,nötr,yönlü,açık_ilişki,,05_kazan_bey_oglu_uruz_beyin_tutsak_oldugu_boy.csv,6,uruz - kazan (diy0; neden üzüldüğünü sorar),ok,diy0; neden üzüldüğünü sorar,matched_unique
DKR0258,S05,Kazan Bey Oğlu Uruz Bey'in Tutsak Olduğu Boy,boy,267.0,salur_kazan,Salur Kazan,kişi,uruz,Uruz,kişi,diy - ; oğlunun tecrübesiz olduğuna üzüldüğünü iletir,akrabalık,kinship,KINSHIP,akrabalık,5,pozitif,yönsüz,açık_ilişki,,05_kazan_bey_oglu_uruz_beyin_tutsak_oldugu_boy.csv,7,kazan - uruz (diy - ; oğlunun tecrübesiz olduğuna üzüldüğünü iletir),ok,diy - ; oğlunun tecrübesiz olduğuna üzüldüğünü iletir,matched_unique
DKR0259,S05,Kazan Bey Oğlu Uruz Bey'in Tutsak Olduğu Boy,boy,268.0,uruz,Uruz,kişi,salur_kazan,Salur Kazan,kişi,ikna; oğul hüneri babadan öğrenir,ikna/müzakere,cooperation,SOCIAL,iletişim,3,karışık,yönlü,açık_ilişki,,05_kazan_bey_oglu_uruz_beyin_tutsak_oldugu_boy.csv,8,uruz - kazan (ikna; oğul hüneri babadan öğrenir),ok,ikna; oğul hüneri babadan öğrenir,matched_unique
DKR0260,S05,Kazan Bey Oğlu Uruz Bey'in Tutsak Olduğu Boy,boy,269.0,salur_kazan,Salur Kazan,kişi,beyler_uruz_tutsak_boyu,Beyler (Uruz Tutsak Boyu),grup,emir; ziyafete devam edin,otorite/emir,authority,AUTHORITY,otorite,3,nötr,yönlü,açık_ilişki,,05_kazan_bey_oglu_uruz_beyin_tutsak_oldugu_boy.csv,9,kazan - beyler (emir; ziyafete devam edin),ok,emir; ziyafete devam edin,matched_unique
DKR0261,S05,Kazan Bey Oğlu Uruz Bey'in Tutsak Olduğu Boy,boy,270.0,salur_kazan,Salur Kazan,kişi,uruz,Uruz,kişi,emir; ava çıkalım; hudutları oğluma göstereyim,akrabalık,kinship,KINSHIP,akrabalık,5,pozitif,yönsüz,açık_ilişki,,05_kazan_bey_oglu_uruz_beyin_tutsak_oldugu_boy.csv,10,kazan - uruz (emir; ava çıkalım; hudutları oğluma göstereyim),ok,emir; ava çıkalım; hudutları oğluma göstereyim,matched_unique
DKR0262,S05,Kazan Bey Oğlu Uruz Bey'in Tutsak Olduğu Boy,boy,271.0,salur_kazan,Salur Kazan,kişi,300_asker,300 Asker,grup,emir; silah kuşanıp atlandı; hareket ettiler,otorite/emir,authority,AUTHORITY,otorite,3,nötr,yönlü,açık_ilişki,,05_kazan_bey_oglu_uruz_beyin_tutsak_oldugu_boy.csv,11,kazan - 300 asker (emir; silah kuşanıp atlandı; hareket ettiler),ok,emir; silah kuşanıp atlandı; hareket ettiler,matched_unique
DKR0263,S05,Kazan Bey Oğlu Uruz Bey'in Tutsak Olduğu Boy,boy,272.0,uruz,Uruz,kişi,40_askeri,40 Askeri,grup,emir; uruz'un emrine verildi,otorite/emir,authority,AUTHORITY,otorite,3,nötr,yönlü,açık_ilişki,,05_kazan_bey_oglu_uruz_beyin_tutsak_oldugu_boy.csv,12,uruz - 40 askeri (emir; uruz'un emrine verildi),ok,emir; uruz'un emrine verildi,matched_unique
DKR0265,S05,Kazan Bey Oğlu Uruz Bey'in Tutsak Olduğu Boy,boy,274.0,tatyan_kalesi_casuslari,Tatyan Kalesi Casusları,grup,tekfur_uruz_tutsak_boyu,Tekfur (Uruz Tutsak Boyu),kişi,kazan ve oğlu avdalar bilgisini verdi,destek/yardım,support,SOCIAL,iletişim,2,pozitif,yönlü,açık_ilişki,,05_kazan_bey_oglu_uruz_beyin_tutsak_oldugu_boy.csv,13,tatyan kalesi casusları - tekfur (kazan ve oğlu avdalar bilgisini verdi),ok,kazan ve oğlu avdalar bilgisini verdi,matched_unique
DKR0266,S05,Kazan Bey Oğlu Uruz Bey'in Tutsak Olduğu Boy,boy,275.0,ak_saka_kalesi_casuslari,Ak Saka Kalesi Casusları,grup,tekfur_uruz_tutsak_boyu,Tekfur (Uruz Tutsak Boyu),kişi,kazan ve oğlu avda bilgsini verdi,destek/yardım,support,SOCIAL,iletişim,2,pozitif,yönlü,açık_ilişki,,05_kazan_bey_oglu_uruz_beyin_tutsak_oldugu_boy.csv,14,ak saka kalesi casusları - tekfur (kazan ve oğlu avda bilgsini verdi),ok,kazan ve oğlu avda bilgsini verdi,matched_unique
DKR0268,S05,Kazan Bey Oğlu Uruz Bey'in Tutsak Olduğu Boy,boy,277.0,16_bin_kafir,16 Bin Kafir,kişi,kazan_uruz_ve_askerleri,"Kazan, Uruz ve Askerleri",grup,çatışma,çatışma,conflict,SOCIAL,çatışma,5,negatif,yönsüz,açık_ilişki,,05_kazan_bey_oglu_uruz_beyin_tutsak_oldugu_boy.csv,15,"16 bin kafir - kazan, uruz ve askerleri (çatışma)",ok,çatışma,matched_unique
DKR0269,S05,Kazan Bey Oğlu Uruz Bey'in Tutsak Olduğu Boy,boy,278.0,uruz,Uruz,kişi,salur_kazan,Salur Kazan,kişi,diy0,diyalog_nötr,communication,SOCIAL,iletişim,2,nötr,yönlü,açık_ilişki,,05_kazan_bey_oglu_uruz_beyin_tutsak_oldugu_boy.csv,16,uruz - kazan (diy0),ok,diy0,matched_unique
DKR0270,S05,Kazan Bey Oğlu Uruz Bey'in Tutsak Olduğu Boy,boy,279.0,salur_kazan,Salur Kazan,kişi,uruz,Uruz,kişi,emir; savaştan uzağa 40 adamınla birlikte git,otorite/emir,authority,AUTHORITY,otorite,3,nötr,yönlü,açık_ilişki,,05_kazan_bey_oglu_uruz_beyin_tutsak_oldugu_boy.csv,17,kazan - uruz (emir; savaştan uzağa 40 adamınla birlikte git),ok,emir; savaştan uzağa 40 adamınla birlikte git,matched_unique
DKR0271,S05,Kazan Bey Oğlu Uruz Bey'in Tutsak Olduğu Boy,boy,280.0,salur_kazan,Salur Kazan,kişi,kafirler_uruz_tutsak_boyu,Kafirler (Uruz Tutsak Boyu),grup,çatışma,çatışma,conflict,SOCIAL,çatışma,5,negatif,yönsüz,açık_ilişki,,05_kazan_bey_oglu_uruz_beyin_tutsak_oldugu_boy.csv,18,kazan - kafirler (çatışma),ok,çatışma,matched_unique
DKR0272,S05,Kazan Bey Oğlu Uruz Bey'in Tutsak Olduğu Boy,boy,281.0,uruz,Uruz,kişi,uruzun_40_askeri,Uruz'un 40 Askeri,grup,emir; düşmana hucüm edin,çatışma,conflict,SOCIAL,çatışma,5,negatif,yönsüz,açık_ilişki,,05_kazan_bey_oglu_uruz_beyin_tutsak_oldugu_boy.csv,19,uruz - uruz'un 40 askeri (emir; düşmana hucüm edin),ok,emir; düşmana hucüm edin,matched_unique
DKR0273,S05,Kazan Bey Oğlu Uruz Bey'in Tutsak Olduğu Boy,boy,282.0,uruz_ve_uruzun_40_askeri,Uruz ve Uruzun 40 Askeri,grup,kafirlerin_sag_cenahi,Kafirlerin Sağ Cenahı,grup,çatışma,çatışma,conflict,SOCIAL,çatışma,5,negatif,yönsüz,açık_ilişki,,05_kazan_bey_oglu_uruz_beyin_tutsak_oldugu_boy.csv,20,uruz ve uruzun 40 askeri - kafirlerin sağ cenahı (çatışma),ok,çatışma,matched_unique
DKR0274,S05,Kazan Bey Oğlu Uruz Bey'in Tutsak Olduğu Boy,boy,283.0,kafirler_uruz_tutsak_boyu,Kafirler (Uruz Tutsak Boyu),grup,uruzun_40_adamini_sehit_ettiler,Uruzun 40 Adamını Şehit Ettiler,grup,çat,belirsiz,uncertain,UNCERTAIN,olay,1,nötr,yönlü,açık_ilişki,,05_kazan_bey_oglu_uruz_beyin_tutsak_oldugu_boy.csv,21,kafirler - uruzun 40 adamını şehit ettiler (çat),ok,çat,matched_unique
DKR0275,S05,Kazan Bey Oğlu Uruz Bey'in Tutsak Olduğu Boy,boy,284.0,kafirler_uruz_tutsak_boyu,Kafirler (Uruz Tutsak Boyu),grup,uruz,Uruz,kişi,uruz esir alındı,çatışma,conflict,SOCIAL,çatışma,5,negatif,yönsüz,açık_ilişki,,05_kazan_bey_oglu_uruz_beyin_tutsak_oldugu_boy.csv,22,kafirler - uruz (uruz esir alındı),ok,uruz esir alındı,matched_unique
DKR0276,S05,Kazan Bey Oğlu Uruz Bey'in Tutsak Olduğu Boy,boy,285.0,salur_kazan,Salur Kazan,kişi,beyler_uruz_tutsak_boyu,Beyler (Uruz Tutsak Boyu),grup,diy0; beylere uruz'u soruyor,diyalog_nötr,communication,SOCIAL,iletişim,2,nötr,yönlü,açık_ilişki,,05_kazan_bey_oglu_uruz_beyin_tutsak_oldugu_boy.csv,23,kazan - beyler (diy0; beylere uruz'u soruyor),ok,diy0; beylere uruz'u soruyor,matched_unique
DKR0278,S05,Kazan Bey Oğlu Uruz Bey'in Tutsak Olduğu Boy,boy,287.0,burla_hatun,Burla Hatun,kişi,salur_kazan,Salur Kazan,kişi,diy0 - uruzun nerede olduğunu soruyor,diyalog_nötr,communication,SOCIAL,iletişim,2,nötr,yönlü,açık_ilişki,,05_kazan_bey_oglu_uruz_beyin_tutsak_oldugu_boy.csv,,burla - kazan (diy0 - uruzun nerede olduğunu soruyor),ok,diy0 - uruzun nerede olduğunu soruyor,unmatched_provenance_gap
DKR0279,S05,Kazan Bey Oğlu Uruz Bey'in Tutsak Olduğu Boy,boy,288.0,burla_hatun,Burla Hatun,kişi,salur_kazan,Salur Kazan,kişi,emir - uruz'u bulması için mühlet veriyor,otorite/emir,authority,AUTHORITY,otorite,3,nötr,yönlü,açık_ilişki,,05_kazan_bey_oglu_uruz_beyin_tutsak_oldugu_boy.csv,,burla - kazan (emir - uruz'u bulması için mühlet veriyor),ok,emir - uruz'u bulması için mühlet veriyor,unmatched_provenance_gap
DKR0280,S05,Kazan Bey Oğlu Uruz Bey'in Tutsak Olduğu Boy,boy,289.0,salur_kazan,Salur Kazan,kişi,dokuz_tumen_oguz,Dokuz Tümen Oğuz,grup,emir; uruz tutsaktır bulun kurtaralım,otorite/emir,authority,AUTHORITY,otorite,3,nötr,yönlü,açık_ilişki,,05_kazan_bey_oglu_uruz_beyin_tutsak_oldugu_boy.csv,26,kazan - dokuz tümen oğuz (emir; uruz tutsaktır bulun kurtaralım),ok,emir; uruz tutsaktır bulun kurtaralım,matched_unique
DKR0282,S05,Kazan Bey Oğlu Uruz Bey'in Tutsak Olduğu Boy,boy,291.0,kafir,Kafir,kişi,uruz,Uruz,kişi,uruz'u kara dervend'in kapı eşiğine yatırdılar; işkence ettiler,çatışma,conflict,SOCIAL,çatışma,5,negatif,yönsüz,açık_ilişki,,05_kazan_bey_oglu_uruz_beyin_tutsak_oldugu_boy.csv,27,kafir - uruz (uruz'u kara dervend'in kapı eşiğine yatırdılar; işkence ettiler),ok,uruz'u kara dervend'in kapı eşiğine yatırdılar; işkence ettiler,matched_unique
DKR0283,S05,Kazan Bey Oğlu Uruz Bey'in Tutsak Olduğu Boy,boy,292.0,kazan_ve_askerleri,Kazan ve Askerleri,grup,kafirler_uruz_tutsak_boyu,Kafirler (Uruz Tutsak Boyu),grup,çatışma,çatışma,conflict,SOCIAL,çatışma,5,negatif,yönsüz,açık_ilişki,,05_kazan_bey_oglu_uruz_beyin_tutsak_oldugu_boy.csv,28,kazan ve askerleri - kafirler (çatışma),ok,çatışma,matched_unique
DKR0284,S05,Kazan Bey Oğlu Uruz Bey'in Tutsak Olduğu Boy,boy,293.0,uruz,Uruz,kişi,kafir,Kafir,kişi,uruz kafirlerden aman diliyor,destek/yardım,support,SOCIAL,olay,4,pozitif,yönlü,açık_ilişki,,05_kazan_bey_oglu_uruz_beyin_tutsak_oldugu_boy.csv,29,uruz - kafir (uruz kafirlerden aman diliyor),ok,uruz kafirlerden aman diliyor,matched_unique
DKR0285,S05,Kazan Bey Oğlu Uruz Bey'in Tutsak Olduğu Boy,boy,294.0,uruz,Uruz,kişi,salur_kazan,Salur Kazan,kişi,diy0 - babasından geri dönmesini istiyor,akrabalık,kinship,KINSHIP,akrabalık,5,pozitif,yönsüz,açık_ilişki,,05_kazan_bey_oglu_uruz_beyin_tutsak_oldugu_boy.csv,30,uruz - kazan (diy0 - babasından geri dönmesini istiyor),ok,diy0 - babasından geri dönmesini istiyor,matched_unique
DKR0286,S05,Kazan Bey Oğlu Uruz Bey'in Tutsak Olduğu Boy,boy,295.0,salur_kazan,Salur Kazan,kişi,kafirler_uruz_tutsak_boyu,Kafirler (Uruz Tutsak Boyu),grup,çatışma; kafir kazan'ın gözünü yaralıyor ve kazan zayıf düşüyor,çatışma,conflict,SOCIAL,çatışma,5,negatif,yönsüz,açık_ilişki,,05_kazan_bey_oglu_uruz_beyin_tutsak_oldugu_boy.csv,31,kazan - kafirler (çatışma; kafir kazan'ın gözünü yaralıyor ve kazan zayıf düşüyor),ok,çatışma; kafir kazan'ın gözünü yaralıyor ve kazan zayıf düşüyor,matched_unique
DKR0287,S05,Kazan Bey Oğlu Uruz Bey'in Tutsak Olduğu Boy,boy,296.0,burla_hatun,Burla Hatun,kişi,40_ince_belli_kiz,40 Ince Belli Kız,kişi,emir; kazan'ı aramaya gidelim,otorite/emir,authority,AUTHORITY,otorite,3,nötr,yönlü,açık_ilişki,,05_kazan_bey_oglu_uruz_beyin_tutsak_oldugu_boy.csv,,burla - 40 ince belli kız (emir; kazan'ı aramaya gidelim),ok,emir; kazan'ı aramaya gidelim,unmatched_provenance_gap
DKR0288,S05,Kazan Bey Oğlu Uruz Bey'in Tutsak Olduğu Boy,boy,297.0,salur_kazan,Salur Kazan,kişi,burla_hatun,Burla Hatun,kişi,diy0; kazan kendisine desteğe gelenin kim olduğunu soruyor,diyalog_nötr,communication,SOCIAL,iletişim,2,nötr,yönlü,açık_ilişki,,05_kazan_bey_oglu_uruz_beyin_tutsak_oldugu_boy.csv,,kazan - burla (diy0; kazan kendisine desteğe gelenin kim olduğunu soruyor),ok,diy0; kazan kendisine desteğe gelenin kim olduğunu soruyor,unmatched_provenance_gap
DKR0289,S05,Kazan Bey Oğlu Uruz Bey'in Tutsak Olduğu Boy,boy,298.0,kazan_kardesi_kara_gone_kiyan_selcuk_oglu_deli_dundar_gaflet_koca_oglu_sir_semseddin_beyrek_kazilik_koca_oglu_bey_yigenek_dor_boyun_oksayan_deli_dundar_bin_kavim_baslari_duger_bin_bugduz_baslari_emen_dokuz_koca_baslari_aruz_kazanin_beyleri,"Kazan Kardeşi Kara Göne, Kıyan Selçuk Oğlu Deli Dündar, Gaflet Koca Oğlu Şir Şemseddin, Beyrek, Kazılık Koca Oğlu Bey Yigenek, Dör Boyun Okşayan Deli Dündar, Bin Kavim Başları Düger, Bin Bügdüz Başları Emen, Dokuz Koca Başları Aruz, Kazan'ın Beyleri",grup,kafirler_uruz_tutsak_boyu,Kafirler (Uruz Tutsak Boyu),grup,"çatışma, kazan'a yardıma geldiler",çatışma,conflict,SOCIAL,çatışma,5,negatif,yönsüz,açık_ilişki,,05_kazan_bey_oglu_uruz_beyin_tutsak_oldugu_boy.csv,34,"kazan kardeşi kara göne, kıyan selçuk oğlu deli dündar, gaflet koca oğlu şir şemseddin, beyrek, kazılık koca oğlu bey yigenek, dör boyun okşayan deli dündar, bin kavim başları düger, bin bügdüz başları emen, dokuz koca başları aruz, kazan'ın beyleri - kafirler (çatışma, kazan'a yardıma geldiler)",ok,"çatışma, kazan'a yardıma geldiler",matched_unique
DKR0290,S05,Kazan Bey Oğlu Uruz Bey'in Tutsak Olduğu Boy,boy,299.0,dis_oguz_beyleri_ve_deli_dundar,Dış Oğuz Beyleri ve Deli Dündar,grup,kafirin_sagina_saldirdilar,Kafirin Sağına Saldırdılar,kişi,çatışma,çatışma,conflict,SOCIAL,çatışma,5,negatif,yönsüz,açık_ilişki,,05_kazan_bey_oglu_uruz_beyin_tutsak_oldugu_boy.csv,35,dış oğuz beyleri ve deli dündar - kafirin sağına saldırdılar (çatışma),ok,çatışma,matched_unique
DKR0291,S05,Kazan Bey Oğlu Uruz Bey'in Tutsak Olduğu Boy,boy,300.0,cilasun_yigitleri_ve_deli_dundar,Cilasun Yiğitleri ve Deli Dündar,grup,kafirin_soluna_saldirdilar,Kafirin Soluna Saldırdılar,kişi,çatışma,çatışma,conflict,SOCIAL,çatışma,5,negatif,yönsüz,açık_ilişki,,05_kazan_bey_oglu_uruz_beyin_tutsak_oldugu_boy.csv,36,cilasun yiğitleri ve deli dündar - kafirin soluna saldırdılar (çatışma),ok,çatışma,matched_unique
DKR0292,S05,Kazan Bey Oğlu Uruz Bey'in Tutsak Olduğu Boy,boy,301.0,salur_kazan,Salur Kazan,kişi,tekfur_ve_sokli_melik,Tekfur ve Şökli Melik,grup,çatışma,çatışma,conflict,SOCIAL,çatışma,5,negatif,yönsüz,açık_ilişki,,05_kazan_bey_oglu_uruz_beyin_tutsak_oldugu_boy.csv,37,kazan - tekfur ve şökli melik (çatışma),ok,çatışma,matched_unique
DKR0293,S05,Kazan Bey Oğlu Uruz Bey'in Tutsak Olduğu Boy,boy,302.0,deli_dundar,Deli Dündar,kişi,kara_tuken_melik,Kara Tüken Melik,kişi,çatışma,çatışma,conflict,SOCIAL,çatışma,5,negatif,yönsüz,açık_ilişki,,05_kazan_bey_oglu_uruz_beyin_tutsak_oldugu_boy.csv,38,deli dündar - kara tüken melik (çatışma),ok,çatışma,matched_unique
DKR0294,S05,Kazan Bey Oğlu Uruz Bey'in Tutsak Olduğu Boy,boy,303.0,kara_budak,Kara Budak,kişi,bugacuk_melik,Buğaçuk Melik,kişi,çatışma,çatışma,conflict,SOCIAL,çatışma,5,negatif,yönsüz,açık_ilişki,,05_kazan_bey_oglu_uruz_beyin_tutsak_oldugu_boy.csv,39,kara budak - buğaçuk melik (çatışma),ok,çatışma,matched_unique
DKR0295,S05,Kazan Bey Oğlu Uruz Bey'in Tutsak Olduğu Boy,boy,304.0,burla_hatun,Burla Hatun,kişi,kafirin_sancagini_kilicladi,Kafirin Sancağını Kılıçladı,kişi,çatışma,çatışma,conflict,SOCIAL,çatışma,5,negatif,yönsüz,açık_ilişki,,05_kazan_bey_oglu_uruz_beyin_tutsak_oldugu_boy.csv,40,burla hatun - kafirin sancağını kılıçladı (çatışma),ok,çatışma,matched_unique
DKR0298,S06,Duha Koca Oğlu Deli Dumrul,boy,309.0,deli_dumrul,Deli Dumrul,kişi,duha_koca,Duha Koca,kişi,oğlu,akrabalık,kinship,KINSHIP,akrabalık,5,pozitif,yönsüz,çıkarımsal_akrabalık,,06_duha_koca_oglu_deli_dumrul.csv,0,duha koca oğlu deli dumrul,ok,,matched_unique
DKR0300,S06,Duha Koca Oğlu Deli Dumrul,boy,311.0,deli_dumrul,Deli Dumrul,kişi,oba,Oba,grup,diy0; neden ağlarsınız,diyalog_nötr,communication,SOCIAL,iletişim,2,nötr,yönlü,açık_ilişki,,06_duha_koca_oglu_deli_dumrul.csv,1,deli dumrul - oba (diy0; neden ağlarsınız),ok,diy0; neden ağlarsınız,matched_unique
DKR0302,S06,Duha Koca Oğlu Deli Dumrul,boy,313.0,tanri,Tanrı,mitolojik/ilahi,deli_dumrul,Deli Dumrul,kişi,hasımlık,çatışma,conflict,SOCIAL,çatışma,5,negatif,yönsüz,açık_ilişki,,06_duha_koca_oglu_deli_dumrul.csv,2,tanrı - deli dumrul (hasımlık),ok,hasımlık,matched_unique
DKR0303,S06,Duha Koca Oğlu Deli Dumrul,boy,314.0,tanri,Tanrı,mitolojik/ilahi,azrail,Azrail,mitolojik/ilahi,emir; deli dumrul'un canını al,otorite/emir,authority,AUTHORITY,otorite,3,nötr,yönlü,açık_ilişki,,06_duha_koca_oglu_deli_dumrul.csv,3,tanrı - azrail (emir; deli dumrul'un canını al),ok,emir; deli dumrul'un canını al,matched_unique
DKR0304,S06,Duha Koca Oğlu Deli Dumrul,boy,315.0,deli_dumrul,Deli Dumrul,kişi,40_yigit,40 Yiğit,grup,"yiyip, içme, oturma",belirsiz,uncertain,UNCERTAIN,olay,1,nötr,yönlü,açık_ilişki,,06_duha_koca_oglu_deli_dumrul.csv,4,"deli dumrul - 40 yiğit (yiyip, içme, oturma)",ok,"yiyip, içme, oturma",matched_unique
DKR0305,S06,Duha Koca Oğlu Deli Dumrul,boy,316.0,deli_dumrul,Deli Dumrul,kişi,azrail,Azrail,mitolojik/ilahi,diy - ; çatışma,çatışma,conflict,SOCIAL,çatışma,5,negatif,yönsüz,açık_ilişki,,06_duha_koca_oglu_deli_dumrul.csv,5,deli dumrul - azrail (diy - ; çatışma),ok,diy - ; çatışma,matched_unique
DKR0306,S06,Duha Koca Oğlu Deli Dumrul,boy,317.0,deli_durmrul,Deli Durmrul,kişi,dumrulun_40_adami,Dumrul'un 40 Adamı,grup,diy+; azraili korkuttum,diyalog_olumlu,communication,SOCIAL,iletişim,3,pozitif,yönlü,açık_ilişki,,06_duha_koca_oglu_deli_dumrul.csv,6,deli durmrul - dumrul'un 40 adamı (diy+; azraili korkuttum),ok,diy+; azraili korkuttum,matched_unique
DKR0307,S06,Duha Koca Oğlu Deli Dumrul,boy,318.0,deli_dumrul,Deli Dumrul,kişi,azrail,Azrail,mitolojik/ilahi,azrail kuş oldu; dumrul doğanına yakalatmaya çalıştı,belirsiz,uncertain,UNCERTAIN,olay,1,nötr,yönlü,açık_ilişki,,06_duha_koca_oglu_deli_dumrul.csv,7,deli dumrul - azrail (azrail kuş oldu; dumrul doğanına yakalatmaya çalıştı),ok,azrail kuş oldu; dumrul doğanına yakalatmaya çalıştı,matched_unique
DKR0308,S06,Duha Koca Oğlu Deli Dumrul,boy,319.0,deli_dumrul,Deli Dumrul,kişi,azrail,Azrail,mitolojik/ilahi,azrailden medet istiyor,belirsiz,uncertain,UNCERTAIN,olay,1,nötr,yönlü,açık_ilişki,,06_duha_koca_oglu_deli_dumrul.csv,8,deli dumrul - azrail (azrailden medet istiyor),ok,azrailden medet istiyor,matched_unique
DKR0309,S06,Duha Koca Oğlu Deli Dumrul,boy,320.0,deli_dumrul,Deli Dumrul,kişi,tanri,Tanrı,mitolojik/ilahi,dua - ikna; canımı bağışla; diy+,diyalog_olumlu,communication,SOCIAL,iletişim,3,pozitif,yönlü,açık_ilişki,,06_duha_koca_oglu_deli_dumrul.csv,9,deli dumrul - Tanrı (dua - ikna; canımı bağışla; diy+),ok,dua - ikna; canımı bağışla; diy+,matched_unique
DKR0310,S06,Duha Koca Oğlu Deli Dumrul,boy,321.0,tanri,Tanrı,mitolojik/ilahi,azrail,Azrail,mitolojik/ilahi,emir; dumrul canı yerine can bulsun onun canını bağışlarım,otorite/emir,authority,AUTHORITY,otorite,3,nötr,yönlü,açık_ilişki,,06_duha_koca_oglu_deli_dumrul.csv,10,tanrı - azrail (emir; dumrul canı yerine can bulsun onun canını bağışlarım),ok,emir; dumrul canı yerine can bulsun onun canını bağışlarım,matched_unique
DKR0311,S06,Duha Koca Oğlu Deli Dumrul,boy,322.0,azrail,Azrail,mitolojik/ilahi,dumrul,Dumrul,kişi,diy0; tanrının emrini söyleme,diyalog_nötr,communication,SOCIAL,iletişim,2,nötr,yönlü,açık_ilişki,,06_duha_koca_oglu_deli_dumrul.csv,11,azrail - dumrul (diy0; tanrının emrini söyleme),ok,diy0; tanrının emrini söyleme,matched_unique
DKR0312,S06,Duha Koca Oğlu Deli Dumrul,boy,323.0,dumrul,Dumrul,kişi,duha_koca,Duha Koca,kişi,diy0; yaşananları anlatıp benim yerime canını ver,diyalog_nötr,communication,SOCIAL,iletişim,2,nötr,yönlü,açık_ilişki,,06_duha_koca_oglu_deli_dumrul.csv,12,dumrul - duha koca (diy0; yaşananları anlatıp benim yerime canını ver),ok,diy0; yaşananları anlatıp benim yerime canını ver,matched_unique
DKR0313,S06,Duha Koca Oğlu Deli Dumrul,boy,324.0,duha_koca,Duha Koca,kişi,dumrul,Dumrul,kişi,diy - ; ben senin yerine can vermem,diyalog_olumsuz,communication,SOCIAL,iletişim,3,negatif,yönlü,açık_ilişki,,06_duha_koca_oglu_deli_dumrul.csv,13,duha koca - dumrul (diy - ; ben senin yerine can vermem),ok,diy - ; ben senin yerine can vermem,matched_unique
DKR0314,S06,Duha Koca Oğlu Deli Dumrul,boy,325.0,dumrul,Dumrul,kişi,dumrulun_annesi,Dumrul'un Annesi,kişi,diy0; yaşananları anlatıp benim yerime canını ver,diyalog_nötr,communication,SOCIAL,iletişim,2,nötr,yönlü,açık_ilişki,,06_duha_koca_oglu_deli_dumrul.csv,14,dumrul - dumrul'un annesi (diy0; yaşananları anlatıp benim yerime canını ver),ok,diy0; yaşananları anlatıp benim yerime canını ver,matched_unique
DKR0315,S06,Duha Koca Oğlu Deli Dumrul,boy,326.0,dumrulun_annesi,Dumrul'un Annesi,kişi,dumrul,Dumrul,kişi,diy - ; ben senin yerine can vermem,diyalog_olumsuz,communication,SOCIAL,iletişim,3,negatif,yönlü,açık_ilişki,,06_duha_koca_oglu_deli_dumrul.csv,15,dumrul'un annesi - dumrul (diy - ; ben senin yerine can vermem),ok,diy - ; ben senin yerine can vermem,matched_unique
DKR0316,S06,Duha Koca Oğlu Deli Dumrul,boy,327.0,dumrul,Dumrul,kişi,azrail,Azrail,mitolojik/ilahi,"aman dileme, karıma çocuklarıma veda edeyim",ikna/müzakere,cooperation,SOCIAL,iletişim,3,karışık,yönlü,açık_ilişki,,06_duha_koca_oglu_deli_dumrul.csv,16,"dumrul - azrail (aman dileme, karıma çocuklarıma veda edeyim)",ok,"aman dileme, karıma çocuklarıma veda edeyim",matched_unique
DKR0317,S06,Duha Koca Oğlu Deli Dumrul,boy,328.0,dumrul,Dumrul,kişi,dumrulun_karisi,Dumrul'un Karısı,kişi,diy0; yaşananları anlatıyor,diyalog_nötr,communication,SOCIAL,iletişim,2,nötr,yönlü,açık_ilişki,,06_duha_koca_oglu_deli_dumrul.csv,17,dumrul - dumrul'un karısı (diy0; yaşananları anlatıyor),ok,diy0; yaşananları anlatıyor,matched_unique
DKR0318,S06,Duha Koca Oğlu Deli Dumrul,boy,329.0,dumrulun_karisi,Dumrul'un Karısı,kişi,dumrul,Dumrul,kişi,diy+; ben senin yerine canımı vererim,diyalog_olumlu,communication,SOCIAL,iletişim,3,pozitif,yönlü,açık_ilişki,,06_duha_koca_oglu_deli_dumrul.csv,18,dumrul'un karısı - dumrul (diy+; ben senin yerine canımı vererim),ok,diy+; ben senin yerine canımı vererim,matched_unique
DKR0319,S06,Duha Koca Oğlu Deli Dumrul,boy,330.0,dumrul,Dumrul,kişi,tanri,Tanrı,mitolojik/ilahi,yalvarma; af dileme,ikna/müzakere,cooperation,SOCIAL,iletişim,3,karışık,yönlü,açık_ilişki,,06_duha_koca_oglu_deli_dumrul.csv,19,dumrul - tanrı (yalvarma; af dileme),ok,yalvarma; af dileme,matched_unique
DKR0320,S06,Duha Koca Oğlu Deli Dumrul,boy,331.0,tanri,Tanrı,mitolojik/ilahi,azrail,Azrail,mitolojik/ilahi,emir; dumrul ve karısını bağışladım,otorite/emir,authority,AUTHORITY,otorite,3,pozitif,yönlü,açık_ilişki,,06_duha_koca_oglu_deli_dumrul.csv,20,tanrı - azrail (emir; dumrul ve karısını bağışladım),ok,emir; dumrul ve karısını bağışladım,matched_unique
DKR0321,S06,Duha Koca Oğlu Deli Dumrul,boy,332.0,tanri,Tanrı,mitolojik/ilahi,azrail,Azrail,mitolojik/ilahi,emir; dumrul'un anne babasının canını al,otorite/emir,authority,AUTHORITY,otorite,3,pozitif,yönlü,açık_ilişki,,06_duha_koca_oglu_deli_dumrul.csv,21,tanrı - azrail (emir; dumrul'un anne babasının canını al),ok,emir; dumrul'un anne babasının canını al,matched_unique
DKR0324,S07,Kanlı Koca Oğlu Kan Turalı Boyu,boy,337.0,kan_turali,Kan Turalı,kişi,kanli_koca,Kanlı Koca,kişi,oğlu,akrabalık,kinship,KINSHIP,akrabalık,5,pozitif,yönsüz,çıkarımsal_akrabalık,,07_kanli_koca_oglu_kan_turali_boyu.csv,0,kanlı koca oğlu kan turalı,ok,,matched_unique
DKR0325,S07,Kanlı Koca Oğlu Kan Turalı Boyu,boy,338.0,kanli_koca,Kanlı Koca,kişi,kan_turali,Kan Turalı,kişi,diy+; kan turalı nasıl kız aradığını anlatıyor,diyalog_olumlu,communication,SOCIAL,iletişim,3,pozitif,yönlü,açık_ilişki,,07_kanli_koca_oglu_kan_turali_boyu.csv,1,kanlı koca - kan turalı (diy+; kan turalı nasıl kız aradığını anlatıyor),ok,diy+; kan turalı nasıl kız aradığını anlatıyor,matched_unique
DKR0326,S07,Kanlı Koca Oğlu Kan Turalı Boyu,boy,339.0,kanli_koca,Kanlı Koca,kişi,kan_turali,Kan Turalı,kişi,diy+; kız bulmak senden; mal rızık benden,diyalog_olumlu,communication,SOCIAL,iletişim,3,pozitif,yönlü,açık_ilişki,,07_kanli_koca_oglu_kan_turali_boyu.csv,2,kanlı koca - kan turalı (diy+; kız bulmak senden; mal rızık benden),ok,diy+; kız bulmak senden; mal rızık benden,matched_unique
DKR0327,S07,Kanlı Koca Oğlu Kan Turalı Boyu,boy,340.0,kan_turali,Kan Turalı,kişi,kan_turalinin_40_adami,Kan Turalının 40 Adamı,grup,"hareket, bilrikte iç oğuzu gezdiler",hareket/eylem,other,OTHER,olay,2,nötr,yönlü,açık_ilişki,,07_kanli_koca_oglu_kan_turali_boyu.csv,3,"kan turalı - kan turalının 40 adamı (hareket, bilrikte iç oğuzu gezdiler)",ok,"hareket, bilrikte iç oğuzu gezdiler",matched_unique
DKR0328,S07,Kanlı Koca Oğlu Kan Turalı Boyu,boy,341.0,kanli_koca,Kanlı Koca,kişi,kan_turali,Kan Turalı,kişi,kız öyle aranmaz; sen mala sahip ol; ben kız arayayım,belirsiz,uncertain,UNCERTAIN,olay,1,nötr,yönlü,açık_ilişki,,07_kanli_koca_oglu_kan_turali_boyu.csv,4,kanlı koca - kan turalı (kız öyle aranmaz; sen mala sahip ol; ben kız arayayım),ok,kız öyle aranmaz; sen mala sahip ol; ben kız arayayım,matched_unique
DKR0332,S07,Kanlı Koca Oğlu Kan Turalı Boyu,boy,345.0,selcen_hatun,Selcen Hatun,kişi,trabzon_tekfuru,Trabzon Tekfuru,kişi,kızı,akrabalık,kinship,KINSHIP,akrabalık,5,pozitif,yönsüz,çıkarımsal_akrabalık,,07_kanli_koca_oglu_kan_turali_boyu.csv,5,trabzon tekfurunun kızı selcen hatun,ok,,matched_unique
DKR0337,S07,Kanlı Koca Oğlu Kan Turalı Boyu,boy,350.0,kan_turali,Kan Turalı,kişi,kanli_koca,Kanlı Koca,kişi,bana kız buldun mu,belirsiz,uncertain,UNCERTAIN,olay,1,nötr,yönlü,açık_ilişki,,07_kanli_koca_oglu_kan_turali_boyu.csv,6,kan turalı - kanlı koca (bana kız buldun mu),ok,bana kız buldun mu,matched_unique
DKR0338,S07,Kanlı Koca Oğlu Kan Turalı Boyu,boy,351.0,kanli_koca,Kanlı Koca,kişi,kan_turali,Kan Turalı,kişi,buldum ; ama hünerin varsa,belirsiz,uncertain,UNCERTAIN,olay,1,nötr,yönlü,açık_ilişki,,07_kanli_koca_oglu_kan_turali_boyu.csv,7,kanlı koca - kan turalı (buldum ; ama hünerin varsa),ok,buldum ; ama hünerin varsa,matched_unique
DKR0339,S07,Kanlı Koca Oğlu Kan Turalı Boyu,boy,352.0,kanli_koca,Kanlı Koca,kişi,kan_turali,Kan Turalı,kişi,"hüner nedir onu anlatıyor, oğlunun gözünü korkutup bu işten vazgeçmesini istiyor",akrabalık,kinship,KINSHIP,akrabalık,5,pozitif,yönsüz,açık_ilişki,,07_kanli_koca_oglu_kan_turali_boyu.csv,8,"kanlı koca - kan turalı (hüner nedir onu anlatıyor, oğlunun gözünü korkutup bu işten vazgeçmesini istiyor)",ok,"hüner nedir onu anlatıyor, oğlunun gözünü korkutup bu işten vazgeçmesini istiyor",matched_unique
DKR0340,S07,Kanlı Koca Oğlu Kan Turalı Boyu,boy,353.0,kan_turali,Kan Turalı,kişi,kanli_koca,Kanlı Koca,kişi,ben vazgeçmem; yolun açık olsun,belirsiz,uncertain,UNCERTAIN,olay,1,nötr,yönlü,açık_ilişki,,07_kanli_koca_oglu_kan_turali_boyu.csv,9,kan turalı - kanlı koca (ben vazgeçmem; yolun açık olsun),ok,ben vazgeçmem; yolun açık olsun,matched_unique
DKR0342,S07,Kanlı Koca Oğlu Kan Turalı Boyu,boy,355.0,tekfurun_adamlari,Tekfurun Adamları,grup,tekfur_kan_turali_boyu,Tekfur (Kan Turalı Boyu),kişi,kan turalı kızını istemeye geliyor,akrabalık,kinship,KINSHIP,akrabalık,5,pozitif,yönsüz,açık_ilişki,,07_kanli_koca_oglu_kan_turali_boyu.csv,10,tekfurun adamları - tekfur (kan turalı kızını istemeye geliyor),ok,kan turalı kızını istemeye geliyor,matched_unique
DKR0343,S07,Kanlı Koca Oğlu Kan Turalı Boyu,boy,356.0,tekfur_ve_100_kafir,Tekfur ve 100 Kafir,grup,kan_turali_ve_adamlari,Kan Turalı ve Adamları,grup,kaşılama yapıyorlar,belirsiz,uncertain,UNCERTAIN,olay,1,nötr,yönlü,açık_ilişki,,07_kanli_koca_oglu_kan_turali_boyu.csv,,"tekfur, 100 kafir çevresinde - kan turalı ve adamları (kaşılama yapıyorlar)",ok,kaşılama yapıyorlar,unmatched_provenance_gap
DKR0344,S07,Kanlı Koca Oğlu Kan Turalı Boyu,boy,357.0,kan_turaliyi_gorunce_ona_tutuluyor_keske_babam_beni_buna_verse,Kan Turalıyı Görünce Ona Tutuluyor Keşke Babam Beni Buna Verse,kişi,tekfurun,Tekfurun,kişi,kızı,akrabalık,kinship,KINSHIP,akrabalık,5,pozitif,yönsüz,çıkarımsal_akrabalık,,07_kanli_koca_oglu_kan_turali_boyu.csv,12,tekfurun kızı kan turalıyı görünce ona tutuluyor keşke babam beni buna verse,ok,,matched_unique
DKR0346,S07,Kanlı Koca Oğlu Kan Turalı Boyu,boy,359.0,kan_turali,Kan Turalı,kişi,tekfur_kan_turali_boyu,Tekfur (Kan Turalı Boyu),kişi,"selamlama, niyeti ile ilgili konuşma",diyalog_nötr,communication,SOCIAL,iletişim,2,nötr,yönlü,açık_ilişki,,07_kanli_koca_oglu_kan_turali_boyu.csv,14,"kan turalı - tekfur (selamlama, niyeti ile ilgili konuşma)",ok,"selamlama, niyeti ile ilgili konuşma",matched_unique
DKR0347,S07,Kanlı Koca Oğlu Kan Turalı Boyu,boy,360.0,tekfur_kan_turali_boyu,Tekfur (Kan Turalı Boyu),kişi,tekfurun_adamlari,Tekfurun Adamları,grup,emir; kan turalı'yı soyun,otorite/emir,authority,AUTHORITY,otorite,3,nötr,yönlü,açık_ilişki,,07_kanli_koca_oglu_kan_turali_boyu.csv,15,tekfur - tekfurun adamları (emir; kan turalı'yı soyun),ok,emir; kan turalı'yı soyun,matched_unique
DKR0349,S07,Kanlı Koca Oğlu Kan Turalı Boyu,boy,362.0,kirk_kinuk,Kırk Kınuk,kişi,kara_cekur,Kara Çekür,kişi,oğlu,akrabalık,kinship,KINSHIP,akrabalık,5,pozitif,yönsüz,çıkarımsal_akrabalık,,07_kanli_koca_oglu_kan_turali_boyu.csv,16,kara çekür oğlu kırk kınuk,ok,,matched_unique
DKR0352,S07,Kanlı Koca Oğlu Kan Turalı Boyu,boy,365.0,kan_turalinin_adamlari,Kan Turalı'nın Adamları,grup,kan_turali,Kan Turalı,kişi,bir kız uğruna ölüyor diye üzülüyorlar; kan turalı kızıyor,akrabalık,kinship,KINSHIP,akrabalık,5,pozitif,yönsüz,açık_ilişki,,07_kanli_koca_oglu_kan_turali_boyu.csv,17,kan turalı'nın adamları - kan turalı (bir kız uğruna ölüyor diye üzülüyorlar; kan turalı kızıyor),ok,bir kız uğruna ölüyor diye üzülüyorlar; kan turalı kızıyor,matched_unique
DKR0353,S07,Kanlı Koca Oğlu Kan Turalı Boyu,boy,366.0,kan_turali,Kan Turalı,kişi,boga,Boğa,hayvan,çatışma,çatışma,conflict,SOCIAL,çatışma,5,negatif,yönsüz,açık_ilişki,,07_kanli_koca_oglu_kan_turali_boyu.csv,18,kan turalı - boğa (çatışma),ok,çatışma,matched_unique
DKR0354,S07,Kanlı Koca Oğlu Kan Turalı Boyu,boy,367.0,kan_turali,Kan Turalı,kişi,tekfur_kan_turali_boyu,Tekfur (Kan Turalı Boyu),kişi,boğayı öldürdüm kızı ver,akrabalık,kinship,KINSHIP,akrabalık,5,pozitif,yönsüz,açık_ilişki,,07_kanli_koca_oglu_kan_turali_boyu.csv,19,kan turalı - tekfur (boğayı öldürdüm kızı ver),ok,boğayı öldürdüm kızı ver,matched_unique
DKR0355,S07,Kanlı Koca Oğlu Kan Turalı Boyu,boy,368.0,tekfur_kan_turali_boyu,Tekfur (Kan Turalı Boyu),kişi,cevresindekiler,Çevresindekiler,grup,kızı verin gitsin,akrabalık,kinship,KINSHIP,akrabalık,5,pozitif,yönsüz,açık_ilişki,,07_kanli_koca_oglu_kan_turali_boyu.csv,,tekfur - çevresine (kızı verin gitsin),ok,kızı verin gitsin,unmatched_provenance_gap
DKR0356,S07,Kanlı Koca Oğlu Kan Turalı Boyu,boy,369.0,tekfurun_kardesinin_oglu,Tekfurun Kardeşinin Oğlu,kişi,tekfur_kan_turali_boyu,Tekfur (Kan Turalı Boyu),kişi,ikna; aslanı da yensin öyle ver kızı,akrabalık,kinship,KINSHIP,akrabalık,5,pozitif,yönsüz,açık_ilişki,,07_kanli_koca_oglu_kan_turali_boyu.csv,21,tekfurun kardeşinin oğlu - tekfur (ikna; aslanı da yensin öyle ver kızı),ok,ikna; aslanı da yensin öyle ver kızı,matched_unique
DKR0358,S07,Kanlı Koca Oğlu Kan Turalı Boyu,boy,371.0,kan_turali,Kan Turalı,kişi,aslan,Aslan,hayvan,çatışma,çatışma,conflict,SOCIAL,çatışma,5,negatif,yönsüz,açık_ilişki,,07_kanli_koca_oglu_kan_turali_boyu.csv,22,kan turalı - aslan (çatışma),ok,çatışma,matched_unique
DKR0359,S07,Kanlı Koca Oğlu Kan Turalı Boyu,boy,372.0,kan_turali,Kan Turalı,kişi,tekfur_kan_turali_boyu,Tekfur (Kan Turalı Boyu),kişi,aslanı yendim kızı ver,akrabalık,kinship,KINSHIP,akrabalık,5,pozitif,yönsüz,açık_ilişki,,07_kanli_koca_oglu_kan_turali_boyu.csv,23,kan turalı - tekfur (aslanı yendim kızı ver),ok,aslanı yendim kızı ver,matched_unique
DKR0360,S07,Kanlı Koca Oğlu Kan Turalı Boyu,boy,373.0,tekfur_kan_turali_boyu,Tekfur (Kan Turalı Boyu),kişi,cevresindekiler,Çevresindekiler,grup,emir; kızı verin,akrabalık,kinship,KINSHIP,akrabalık,5,pozitif,yönsüz,açık_ilişki,,07_kanli_koca_oglu_kan_turali_boyu.csv,,tekfur - çevresine (emir; kızı verin),ok,emir; kızı verin,unmatched_provenance_gap
DKR0361,S07,Kanlı Koca Oğlu Kan Turalı Boyu,boy,374.0,tekfurun_kardesinin_oglu,Tekfurun Kardeşinin Oğlu,kişi,tekfur_kan_turali_boyu,Tekfur (Kan Turalı Boyu),kişi,ikna; deveyle de savaşsın,ikna/müzakere,cooperation,SOCIAL,iletişim,3,karışık,yönlü,açık_ilişki,,07_kanli_koca_oglu_kan_turali_boyu.csv,25,tekfurun kardeşinin oğlu - tekfur (ikna; deveyle de savaşsın),ok,ikna; deveyle de savaşsın,matched_unique
DKR0362,S07,Kanlı Koca Oğlu Kan Turalı Boyu,boy,375.0,kan_turalinin_adamlari,Kan Turalının Adamları,grup,kan_turali,Kan Turalı,kişi,tezahurat yapma,belirsiz,uncertain,UNCERTAIN,olay,1,nötr,yönlü,açık_ilişki,,07_kanli_koca_oglu_kan_turali_boyu.csv,26,kan turalının adamları - kan turalı (tezahurat yapma),ok,tezahurat yapma,matched_unique
DKR0363,S07,Kanlı Koca Oğlu Kan Turalı Boyu,boy,376.0,kan_turali,Kan Turalı,kişi,deve,Deve,hayvan,çatışma,çatışma,conflict,SOCIAL,çatışma,5,negatif,yönsüz,açık_ilişki,,07_kanli_koca_oglu_kan_turali_boyu.csv,27,kan turalı - deve (çatışma),ok,çatışma,matched_unique
DKR0364,S07,Kanlı Koca Oğlu Kan Turalı Boyu,boy,377.0,tekfur_kan_turali_boyu,Tekfur (Kan Turalı Boyu),kişi,kan_turali,Kan Turalı,kişi,diy+; gözüme girdin kızı verin,akrabalık,kinship,KINSHIP,akrabalık,5,pozitif,yönsüz,açık_ilişki,,07_kanli_koca_oglu_kan_turali_boyu.csv,28,tekfur - kan turalı (diy+; gözüme girdin kızı verin),ok,diy+; gözüme girdin kızı verin,matched_unique
DKR0367,S07,Kanlı Koca Oğlu Kan Turalı Boyu,boy,380.0,kan_turali,Kan Turalı,kişi,kan_turalinin_adamlari,Kan Turalı'nın Adamları,grup,emir; anneme babama haver verin,otorite/emir,authority,AUTHORITY,otorite,3,nötr,yönlü,açık_ilişki,,07_kanli_koca_oglu_kan_turali_boyu.csv,29,kan turalı - kan turalı'nın adamları (emir; anneme babama haver verin),ok,emir; anneme babama haver verin,matched_unique
DKR0368,S07,Kanlı Koca Oğlu Kan Turalı Boyu,boy,381.0,kan_turali,Kan Turalı,kişi,selcen_hatun,Selcen Hatun,kişi,"işrete düşme, yeme içme",tören/ritüel,other,OTHER,olay,2,pozitif,yönlü,açık_ilişki,,07_kanli_koca_oglu_kan_turali_boyu.csv,30,"kan turalı - selcen hatun (işrete düşme, yeme içme)",ok,"işrete düşme, yeme içme",matched_unique
DKR0371,S07,Kanlı Koca Oğlu Kan Turalı Boyu,boy,384.0,tekfur_kan_turali_boyu,Tekfur (Kan Turalı Boyu),kişi,600_kafir,600 Kafir,kişi,emir; kan turalının üstüne varın,otorite/emir,authority,AUTHORITY,otorite,3,nötr,yönlü,açık_ilişki,,07_kanli_koca_oglu_kan_turali_boyu.csv,31,tekfur - 600 kafir (emir; kan turalının üstüne varın),ok,emir; kan turalının üstüne varın,matched_unique
DKR0372,S07,Kanlı Koca Oğlu Kan Turalı Boyu,boy,385.0,600_kafir,600 Kafir,kişi,kan_turali_ve_selcen_hatun,Kan Turalı ve Selcen Hatun,grup,çatışma,çatışma,conflict,SOCIAL,çatışma,5,negatif,yönsüz,açık_ilişki,,07_kanli_koca_oglu_kan_turali_boyu.csv,,600 kafir - kan turalı ve selcan hatun (çatışma),ok,çatışma,unmatched_provenance_gap
DKR0373,S07,Kanlı Koca Oğlu Kan Turalı Boyu,boy,386.0,selcen_hatun,Selcen Hatun,kişi,kan_turali,Kan Turalı,kişi,diy0; haber verme,diyalog_nötr,communication,SOCIAL,iletişim,2,nötr,yönlü,açık_ilişki,,07_kanli_koca_oglu_kan_turali_boyu.csv,33,selcen hatun - kan turalı (diy0; haber verme),ok,diy0; haber verme,matched_unique
DKR0375,S07,Kanlı Koca Oğlu Kan Turalı Boyu,boy,388.0,selcen_hatun,Selcen Hatun,kişi,kan_turalinin_anne_babasi,Kan Turalının Anne Babası,grup,"karşıladı, el öptü",destek/yardım,support,SOCIAL,olay,4,pozitif,yönlü,açık_ilişki,,07_kanli_koca_oglu_kan_turali_boyu.csv,34,"selcen hatun - kan turalının anne babası (karşıladı, el öptü)",ok,"karşıladı, el öptü",matched_unique
DKR0376,S07,Kanlı Koca Oğlu Kan Turalı Boyu,boy,389.0,kan_turalinin_anne_babasi,Kan Turalının Anne Babası,grup,selcen_hatun,Selcen Hatun,kişi,yüksek yere çıkıp bakalım oğlan nerede,belirsiz,uncertain,UNCERTAIN,olay,1,nötr,yönlü,açık_ilişki,,07_kanli_koca_oglu_kan_turali_boyu.csv,,kan turalının anne babası - selcen (yüksek yere çıkıp bakalım oğlan nerede),ok,yüksek yere çıkıp bakalım oğlan nerede,unmatched_provenance_gap
DKR0377,S07,Kanlı Koca Oğlu Kan Turalı Boyu,boy,390.0,selcen_hatun,Selcen Hatun,kişi,kafirler_kan_turali_boyu,Kafirler (Kan Turalı Boyu),grup,çatışma,çatışma,conflict,SOCIAL,çatışma,5,negatif,yönsüz,açık_ilişki,,07_kanli_koca_oglu_kan_turali_boyu.csv,36,selcen hatun - kafirler (çatışma),ok,çatışma,matched_unique
DKR0378,S07,Kanlı Koca Oğlu Kan Turalı Boyu,boy,391.0,kan_turali,Kan Turalı,kişi,selcen_hatun,Selcen Hatun,kişi,kim olduğunu soruyor,belirsiz,uncertain,UNCERTAIN,olay,1,nötr,yönlü,açık_ilişki,,07_kanli_koca_oglu_kan_turali_boyu.csv,37,kan turalı - selcen hatun (kim olduğunu soruyor),ok,kim olduğunu soruyor,matched_unique
DKR0379,S07,Kanlı Koca Oğlu Kan Turalı Boyu,boy,392.0,kan_turali,Kan Turalı,kişi,selcen_hatun,Selcen Hatun,kişi,"gerilim, çatışma",çatışma,conflict,SOCIAL,çatışma,5,negatif,yönsüz,açık_ilişki,,07_kanli_koca_oglu_kan_turali_boyu.csv,38,"kan turalı - selcen hatun (gerilim, çatışma)",ok,"gerilim, çatışma",matched_unique
DKR0380,S07,Kanlı Koca Oğlu Kan Turalı Boyu,boy,393.0,kan_turali,Kan Turalı,kişi,selcen_hatun,Selcen Hatun,kişi,arayı düzeltme,belirsiz,uncertain,UNCERTAIN,olay,1,nötr,yönlü,açık_ilişki,,07_kanli_koca_oglu_kan_turali_boyu.csv,39,kan turalı - selcen hatun (arayı düzeltme),ok,arayı düzeltme,matched_unique
DKR0381,S07,Kanlı Koca Oğlu Kan Turalı Boyu,boy,394.0,kan_turali_ve_selcen_hatun,Kan Turalı ve Selcen Hatun,grup,kan_turalinin_anne_babasi,Kan Turalının Anne Babası,grup,"el öpme, oğuz iline dönme",belirsiz,uncertain,UNCERTAIN,olay,1,nötr,yönlü,açık_ilişki,,07_kanli_koca_oglu_kan_turali_boyu.csv,40,"kan turalı ve selcen hatun - kan turalının anne babası (el öpme, oğuz iline dönme)",ok,"el öpme, oğuz iline dönme",matched_unique
DKR0385,S08,Kazılık koca oğlu yigenek boyu,boy,400.0,bayindir_han,Bayındır Han,kişi,kam_gan,Kam Gan,kişi,oğlu,akrabalık,kinship,KINSHIP,akrabalık,5,pozitif,yönsüz,çıkarımsal_akrabalık,,08_kazilik_koca_oglu_yigenek_boyu.csv,0,kam gan oğlu bayındır han (ziyafet verme),ok,ziyafet verme,matched_unique
DKR0389,S08,Kazılık koca oğlu yigenek boyu,boy,404.0,yigenek,Yigenek,kişi,kazilik_koca,Kazılık Koca,kişi,oğlu,akrabalık,kinship,KINSHIP,akrabalık,5,pozitif,yönsüz,çıkarımsal_akrabalık,,08_kazilik_koca_oglu_yigenek_boyu.csv,1,kazılık koca oğlu yigenek,ok,,matched_unique
DKR0390,S08,Kazılık koca oğlu yigenek boyu,boy,405.0,kazilik_koca,Kazılık Koca,kişi,bayindir_han,Bayındır Han,kişi,istek; akın dileme,belirsiz,uncertain,UNCERTAIN,olay,1,nötr,yönlü,açık_ilişki,,08_kazilik_koca_oglu_yigenek_boyu.csv,2,kazılık koca - bayındır han (istek; akın dileme),ok,istek; akın dileme,matched_unique
DKR0391,S08,Kazılık koca oğlu yigenek boyu,boy,406.0,bayindir_han,Bayındır Han,kişi,kazilik_koca,Kazılık Koca,kişi,emir; akına izin verme,otorite/emir,authority,AUTHORITY,otorite,3,nötr,yönlü,açık_ilişki,,08_kazilik_koca_oglu_yigenek_boyu.csv,3,bayındır han - kazılık koca (emir; akına izin verme),ok,emir; akına izin verme,matched_unique
DKR0392,S08,Kazılık koca oğlu yigenek boyu,boy,407.0,kazilik_koca,Kazılık Koca,kişi,yarar_kocalar,Yarar Kocalar,grup,yanına aldı,belirsiz,uncertain,UNCERTAIN,olay,1,nötr,yönlü,açık_ilişki,,08_kazilik_koca_oglu_yigenek_boyu.csv,4,kazılık koca - yarar kocalar (yanına aldı),ok,yanına aldı,matched_unique
DKR0393,S08,Kazılık koca oğlu yigenek boyu,boy,408.0,direk_tekfur,Direk Tekfur,kişi,duzmurd_kalesi_tekfuru_arsin,Düzmürd Kalesi Tekfuru Arşın,kişi,oğlu,akrabalık,kinship,KINSHIP,akrabalık,5,pozitif,yönsüz,çıkarımsal_akrabalık,,08_kazilik_koca_oglu_yigenek_boyu.csv,5,düzmürd kalesi tekfuru arşın oğlu direk tekfur,ok,,matched_unique
DKR0394,S08,Kazılık koca oğlu yigenek boyu,boy,409.0,kazilik_koca,Kazılık Koca,kişi,arsin_oglu_direk_tekfur,Arşın Oğlu Direk Tekfur,kişi,çatışma,çatışma,conflict,SOCIAL,çatışma,5,negatif,yönsüz,açık_ilişki,,08_kazilik_koca_oglu_yigenek_boyu.csv,6,kazılık koca - arşın oğlu direk tekfur (çatışma),ok,çatışma,matched_unique
DKR0395,S08,Kazılık koca oğlu yigenek boyu,boy,410.0,arsin_oglu_direk_tekfur,Arşın Oğlu Direk Tekfur,kişi,kazilik_koca,Kazılık Koca,kişi,kazılık koca esir,çatışma,conflict,SOCIAL,çatışma,5,negatif,yönsüz,açık_ilişki,,08_kazilik_koca_oglu_yigenek_boyu.csv,7,arşın oğlu direk tekfur - kazılık koca (kazılık koca esir),ok,kazılık koca esir,matched_unique
DKR0397,S08,Kazılık koca oğlu yigenek boyu,boy,412.0,kara_budak,Kara Budak,kişi,yigenek,Yigenek,kişi,atışma - laf yapma baban 16 yıldır tutsak git onu kurtar,destek/yardım,support,SOCIAL,olay,4,pozitif,yönlü,açık_ilişki,,08_kazilik_koca_oglu_yigenek_boyu.csv,8,kara budak - yigenek (atışma - laf yapma baban 16 yıldır tutsak git onu kurtar),ok,atışma - laf yapma baban 16 yıldır tutsak git onu kurtar,matched_unique
DKR0398,S08,Kazılık koca oğlu yigenek boyu,boy,413.0,kara_budak,Kara Budak,kişi,kara_gone,Kara Göne,kişi,oğlu,akrabalık,kinship,KINSHIP,akrabalık,5,pozitif,yönsüz,çıkarımsal_akrabalık,,08_kazilik_koca_oglu_yigenek_boyu.csv,9,kara göne oğlu kara budak,ok,,matched_unique
DKR0399,S08,Kazılık koca oğlu yigenek boyu,boy,414.0,yigenek,Yigenek,kişi,bayindir_han,Bayındır Han,kişi,ikna; bana asker ver babamı kurtarayım,ikna/müzakere,cooperation,SOCIAL,iletişim,3,karışık,yönlü,açık_ilişki,,08_kazilik_koca_oglu_yigenek_boyu.csv,10,yigenek - bayındır han (ikna; bana asker ver babamı kurtarayım),ok,ikna; bana asker ver babamı kurtarayım,matched_unique
DKR0400,S08,Kazılık koca oğlu yigenek boyu,boy,415.0,bayindir_han,Bayındır Han,kişi,yigenek,Yigenek,kişi,"emir; 24 sancak beyi gelsin, kıyan selçuk oğlu deli dündar seninle gelsin, eylik koca oğlu dülek evren seninle gelsin, yağrınçı oğlu ilalmış seninle gelsin, tosun rüstem seninle gelsin, deli evren seninle gelsin, soğan sarı seninle gelsin",akrabalık,kinship,KINSHIP,akrabalık,5,pozitif,yönsüz,açık_ilişki,,08_kazilik_koca_oglu_yigenek_boyu.csv,11,"bayındır han - yigenek (emir; 24 sancak beyi gelsin, kıyan selçuk oğlu deli dündar seninle gelsin, eylik koca oğlu dülek evren seninle gelsin, yağrınçı oğlu ilalmış seninle gelsin, tosun rüstem seninle gelsin, deli evren seninle gelsin, soğan sarı seninle gelsin)",ok,"emir; 24 sancak beyi gelsin, kıyan selçuk oğlu deli dündar seninle gelsin, eylik koca oğlu dülek evren seninle gelsin, yağrınçı oğlu ilalmış seninle gelsin, tosun rüstem seninle gelsin, deli evren seninle gelsin, soğan sarı seninle gelsin",matched_unique
DKR0401,S08,Kazılık koca oğlu yigenek boyu,boy,416.0,yigenek,Yigenek,kişi,24_sancak_beyi,24 Sancak Beyi,grup,düzmürd kalesi'ne yola çıktılar,belirsiz,uncertain,UNCERTAIN,olay,1,nötr,yönlü,açık_ilişki,,08_kazilik_koca_oglu_yigenek_boyu.csv,12,yigenek - 24 sancak beyi (düzmürd kalesi'ne yola çıktılar),ok,düzmürd kalesi'ne yola çıktılar,matched_unique
DKR0402,S08,Kazılık koca oğlu yigenek boyu,boy,417.0,yigenek,Yigenek,kişi,yoldaslari,Yoldaşları,grup,rüyasını anlatıyor,duygusal_tepki,other,OTHER,olay,2,negatif,yönlü,açık_ilişki,,08_kazilik_koca_oglu_yigenek_boyu.csv,,yigenek - yoldadşları (rüyasını anlatıyor),ok,rüyasını anlatıyor,unmatched_provenance_gap
DKR0404,S08,Kazılık koca oğlu yigenek boyu,boy,419.0,yigenek,Yigenek,kişi,emen,Emen,kişi,diy0,diyalog_nötr,communication,SOCIAL,iletişim,2,nötr,yönlü,açık_ilişki,,08_kazilik_koca_oglu_yigenek_boyu.csv,14,yigenek - emen (diy0),ok,diy0,matched_unique
DKR0405,S08,Kazılık koca oğlu yigenek boyu,boy,420.0,kafir,Kafir,kişi,arsin_oglu_direk_tekfur,Arşın Oğlu Direk Tekfur,kişi,yigenek ve 24 sancak beyi yolda geliyorlar,belirsiz,uncertain,UNCERTAIN,olay,1,nötr,yönlü,açık_ilişki,,08_kazilik_koca_oglu_yigenek_boyu.csv,15,kafir - arşın oğlu direk tekfur (yigenek ve 24 sancak beyi yolda geliyorlar),ok,yigenek ve 24 sancak beyi yolda geliyorlar,matched_unique
DKR0406,S08,Kazılık koca oğlu yigenek boyu,boy,421.0,arsin_oglu_direk_tekfur,Arşın Oğlu Direk Tekfur,kişi,yigenek_ve_sancak_beyleri,Yigenek ve Sancak Beyleri,grup,er diledi,belirsiz,uncertain,UNCERTAIN,olay,1,nötr,yönlü,açık_ilişki,,08_kazilik_koca_oglu_yigenek_boyu.csv,16,arşın oğlu direk tekfur - yigenek ve sancak beyleri (er diledi),ok,er diledi,matched_unique
DKR0407,S08,Kazılık koca oğlu yigenek boyu,boy,422.0,arsin_oglu_direk_tekfur,Arşın Oğlu Direk Tekfur,kişi,kiyan_selcuk_oglu_deli_dundar,Kıyan Selçuk Oğlu Deli Dündar,kişi,"çatışma, dündar yenildi",çatışma,conflict,SOCIAL,çatışma,5,negatif,yönsüz,açık_ilişki,,08_kazilik_koca_oglu_yigenek_boyu.csv,17,"arşın oğlu direk tekfur - kıyan selçuk oğlu deli dündar (çatışma, dündar yenildi)",ok,"çatışma, dündar yenildi",matched_unique
DKR0408,S08,Kazılık koca oğlu yigenek boyu,boy,423.0,arsin_oglu_direk_tekfur,Arşın Oğlu Direk Tekfur,kişi,donebilmez_dulek_evren,Dönebilmez Dülek Evren,kişi,"çatışma, dülek evren yenildi",çatışma,conflict,SOCIAL,çatışma,5,negatif,yönsüz,açık_ilişki,,08_kazilik_koca_oglu_yigenek_boyu.csv,18,"arşın oğlu direk tekfur - dönebilmez dülek evren (çatışma, dülek evren yenildi)",ok,"çatışma, dülek evren yenildi",matched_unique
DKR0409,S08,Kazılık koca oğlu yigenek boyu,boy,424.0,arsin_oglu_direk_tekfur,Arşın Oğlu Direk Tekfur,kişi,24_sancak_beyi,24 Sancak Beyi,grup,"çatışma, 24 sancak beyi yenildi",çatışma,conflict,SOCIAL,çatışma,5,negatif,yönsüz,açık_ilişki,,08_kazilik_koca_oglu_yigenek_boyu.csv,19,"arşın oğlu direk tekfur - 24 sancak beyi (çatışma, 24 sancak beyi yenildi)",ok,"çatışma, 24 sancak beyi yenildi",matched_unique
DKR0410,S08,Kazılık koca oğlu yigenek boyu,boy,425.0,yigenek,Yigenek,kişi,tanri,Tanrı,mitolojik/ilahi,yalvarma; bana güç kuvvet ver,ikna/müzakere,cooperation,SOCIAL,iletişim,3,karışık,yönlü,açık_ilişki,,08_kazilik_koca_oglu_yigenek_boyu.csv,20,yigenek - tanrı (yalvarma; bana güç kuvvet ver),ok,yalvarma; bana güç kuvvet ver,matched_unique
DKR0411,S08,Kazılık koca oğlu yigenek boyu,boy,426.0,tanri,Tanrı,mitolojik/ilahi,cebrail,Cebrail,kişi,emir; yigenek'e güç kuvvet verdim ona bunu ilet,otorite/emir,authority,AUTHORITY,otorite,3,nötr,yönlü,açık_ilişki,,08_kazilik_koca_oglu_yigenek_boyu.csv,21,tanrı - cebrail (emir; yigenek'e güç kuvvet verdim ona bunu ilet),ok,emir; yigenek'e güç kuvvet verdim ona bunu ilet,matched_unique
DKR0412,S08,Kazılık koca oğlu yigenek boyu,boy,427.0,yigenek,Yigenek,kişi,direk_tekfur,Direk Tekfur,kişi,"çatışma, direk tekfur yenildi",çatışma,conflict,SOCIAL,çatışma,5,negatif,yönsüz,açık_ilişki,,08_kazilik_koca_oglu_yigenek_boyu.csv,22,"yigenek - direk tekfur (çatışma, direk tekfur yenildi)",ok,"çatışma, direk tekfur yenildi",matched_unique
DKR0414,S08,Kazılık koca oğlu yigenek boyu,boy,429.0,kazilik_koca,Kazılık Koca,kişi,yigenek,Yigenek,kişi,diy+; oğluyla buluşma - tanışma0,akrabalık,kinship,KINSHIP,akrabalık,5,pozitif,yönsüz,açık_ilişki,,08_kazilik_koca_oglu_yigenek_boyu.csv,23,kazılık koca - yigenek (diy+; oğluyla buluşma - tanışma0),ok,diy+; oğluyla buluşma - tanışma0,matched_unique
DKR0417,S09,Basat'ın Tepegözü Öldürdüğü Boy,boy,434.0,basat,Basat,kişi,aruz_koca,Aruz Koca,kişi,oğlu,akrabalık,kinship,KINSHIP,akrabalık,5,pozitif,yönsüz,çıkarımsal_akrabalık,,09_basatin_tepegozu_oldurdugu_boy.csv,0,aruz koca oğlu basat,ok,,matched_unique
DKR0419,S09,Basat'ın Tepegözü Öldürdüğü Boy,boy,436.0,aslan,Aslan,hayvan,basat,Basat,kişi,aslan basat'ı besliyor,belirsiz,uncertain,UNCERTAIN,olay,1,nötr,yönlü,açık_ilişki,,09_basatin_tepegozu_oldurdugu_boy.csv,1,aslan - basat (aslan basat'ı besliyor),ok,aslan basat'ı besliyor,matched_unique
DKR0420,S09,Basat'ın Tepegözü Öldürdüğü Boy,boy,437.0,oguz_hanin_likcisi,Oğuz Han'ın Lıkçısı,kişi,oguz_han,Oğuz Han,kişi,"sazdan bir aslan çıkıyor, hayvanları korkutuyor",diyalog_nötr,communication,SOCIAL,iletişim,2,nötr,yönlü,açık_ilişki,,09_basatin_tepegozu_oldurdugu_boy.csv,2,"oğuz han'ın lıkçısı - oğuz han (sazdan bir aslan çıkıyor, hayvanları korkutuyor)",ok,"sazdan bir aslan çıkıyor, hayvanları korkutuyor",matched_unique
DKR0421,S09,Basat'ın Tepegözü Öldürdüğü Boy,boy,438.0,aruz,Aruz,kişi,oguz_han,Oğuz Han,kişi,bu benim düşen oğlum olabilir,akrabalık,kinship,KINSHIP,akrabalık,5,pozitif,yönsüz,açık_ilişki,,09_basatin_tepegozu_oldurdugu_boy.csv,3,aruz - oğuz han (bu benim düşen oğlum olabilir),ok,bu benim düşen oğlum olabilir,matched_unique
DKR0422,S09,Basat'ın Tepegözü Öldürdüğü Boy,boy,439.0,beyler_basat_boyu,Beyler (Basat Boyu),grup,aslan_yatagi,Aslan Yatağı,nesne/doğa,beyler aslanı tutup basatı aldılar,belirsiz,uncertain,UNCERTAIN,olay,1,nötr,yönlü,açık_ilişki,,09_basatin_tepegozu_oldurdugu_boy.csv,4,beyler - aslan yatağı (beyler aslanı tutup basatı aldılar),ok,beyler aslanı tutup basatı aldılar,matched_unique
DKR0423,S09,Basat'ın Tepegözü Öldürdüğü Boy,boy,440.0,aruz,Aruz,kişi,basat,Basat,kişi,basatı eve getirdi,belirsiz,uncertain,UNCERTAIN,olay,1,nötr,yönlü,açık_ilişki,,09_basatin_tepegozu_oldurdugu_boy.csv,5,aruz - basat (basatı eve getirdi),ok,basatı eve getirdi,matched_unique
DKR0426,S09,Basat'ın Tepegözü Öldürdüğü Boy,boy,443.0,dede_korkut,Dede Korkut,kişi,basat,Basat,kişi,"oğlum sen insansın, öğüt verme",akrabalık,kinship,KINSHIP,akrabalık,5,pozitif,yönsüz,açık_ilişki,,09_basatin_tepegozu_oldurdugu_boy.csv,6,"dede korkut - basat (oğlum sen insansın, öğüt verme)",ok,"oğlum sen insansın, öğüt verme",matched_unique
DKR0431,S09,Basat'ın Tepegözü Öldürdüğü Boy,boy,448.0,sari_coban,Sarı Çoban,kişi,peri,Peri,kişi,"periyi yakalayıp, tecavüz ediyor",hareket/eylem,other,OTHER,olay,2,nötr,yönlü,açık_ilişki,,09_basatin_tepegozu_oldurdugu_boy.csv,7,"sarı çoban - peri (periyi yakalayıp, tecavüz ediyor)",ok,"periyi yakalayıp, tecavüz ediyor",matched_unique
DKR0432,S09,Basat'ın Tepegözü Öldürdüğü Boy,boy,449.0,peri_kizi,Peri Kızı,mitolojik/ilahi,sari_coban,Sarı Çoban,kişi,"oğuza kötülük ettin, 1 yıl sonra gel bendeki emanetini al",diyalog_olumsuz,communication,SOCIAL,iletişim,2,nötr,yönlü,açık_ilişki,,09_basatin_tepegozu_oldurdugu_boy.csv,8,"peri kızı - sarı çoban (oğuza kötülük ettin, 1 yıl sonra gel bendeki emanetini al)",ok,"oğuza kötülük ettin, 1 yıl sonra gel bendeki emanetini al",matched_unique
DKR0434,S09,Basat'ın Tepegözü Öldürdüğü Boy,boy,451.0,peri_kizi,Peri Kızı,mitolojik/ilahi,coban,Çoban,kişi,gel emanetini al,belirsiz,uncertain,UNCERTAIN,olay,1,nötr,yönlü,açık_ilişki,,09_basatin_tepegozu_oldurdugu_boy.csv,9,peri kızı - çoban (gel emanetini al),ok,gel emanetini al,matched_unique
DKR0436,S09,Basat'ın Tepegözü Öldürdüğü Boy,boy,453.0,bayindir_han,Bayındır Han,kişi,beyler_basat_boyu,Beyler (Basat Boyu),grup,pınar başına geldiler ve yığın nesnesini gödrüler,belirsiz,uncertain,UNCERTAIN,olay,1,nötr,yönlü,açık_ilişki,,09_basatin_tepegozu_oldurdugu_boy.csv,10,bayındır han - beyler (pınar başına geldiler ve yığın nesnesini gödrüler),ok,pınar başına geldiler ve yığın nesnesini gödrüler,matched_unique
DKR0437,S09,Basat'ın Tepegözü Öldürdüğü Boy,boy,454.0,yigit,Yiğit,grup,nesne,Nesne,kişi,"yiğit nesneyi tepti, nesne tepildikçe büyüdü",belirsiz,uncertain,UNCERTAIN,olay,1,nötr,yönlü,açık_ilişki,,09_basatin_tepegozu_oldurdugu_boy.csv,11,"yiğit - nesne (yiğit nesneyi tepti, nesne tepildikçe büyüdü)",ok,"yiğit nesneyi tepti, nesne tepildikçe büyüdü",matched_unique
DKR0438,S09,Basat'ın Tepegözü Öldürdüğü Boy,boy,455.0,aruz_koca,Aruz Koca,kişi,nesne,Nesne,kişi,"aruz koca nesneyi tepti, nesne tepildikçe büyüdü",belirsiz,uncertain,UNCERTAIN,olay,1,nötr,yönlü,açık_ilişki,,09_basatin_tepegozu_oldurdugu_boy.csv,12,"aruz koca - nesne (aruz koca nesneyi tepti, nesne tepildikçe büyüdü)",ok,"aruz koca nesneyi tepti, nesne tepildikçe büyüdü",matched_unique
DKR0439,S09,Basat'ın Tepegözü Öldürdüğü Boy,boy,456.0,aruz_koca,Aruz Koca,kişi,nesne,Nesne,kişi,"aruz koca nesneye mahmuzunu vurdu, nesne yarıldı içinden tepegözlü oğlan çıktı",belirsiz,uncertain,UNCERTAIN,olay,1,nötr,yönlü,açık_ilişki,,09_basatin_tepegozu_oldurdugu_boy.csv,13,"aruz koca - nesne (aruz koca nesneye mahmuzunu vurdu, nesne yarıldı içinden tepegözlü oğlan çıktı)",ok,"aruz koca nesneye mahmuzunu vurdu, nesne yarıldı içinden tepegözlü oğlan çıktı",matched_unique
DKR0440,S09,Basat'ın Tepegözü Öldürdüğü Boy,boy,457.0,aruz_koca,Aruz Koca,kişi,tepegoz,Tepegöz,mitolojik/ilahi,aruz tepegözü eteğine sardı,belirsiz,uncertain,UNCERTAIN,olay,1,nötr,yönlü,açık_ilişki,,09_basatin_tepegozu_oldurdugu_boy.csv,14,aruz koca - tepegöz (aruz tepegözü eteğine sardı),ok,aruz tepegözü eteğine sardı,matched_unique
DKR0441,S09,Basat'ın Tepegözü Öldürdüğü Boy,boy,458.0,aruz_koca,Aruz Koca,kişi,bayindir_han,Bayındır Han,kişi,tepegözü bana ver basatla birlikte besleyeyim,belirsiz,uncertain,UNCERTAIN,olay,1,nötr,yönlü,açık_ilişki,,09_basatin_tepegozu_oldurdugu_boy.csv,15,aruz koca - bayındır han (tepegözü bana ver basatla birlikte besleyeyim),ok,tepegözü bana ver basatla birlikte besleyeyim,matched_unique
DKR0442,S09,Basat'ın Tepegözü Öldürdüğü Boy,boy,459.0,bayindir_han,Bayındır Han,kişi,aruz,Aruz,kişi,al senin olsun,belirsiz,uncertain,UNCERTAIN,olay,1,nötr,yönlü,açık_ilişki,,09_basatin_tepegozu_oldurdugu_boy.csv,16,bayındır han - aruz (al senin olsun),ok,al senin olsun,matched_unique
DKR0444,S09,Basat'ın Tepegözü Öldürdüğü Boy,boy,461.0,aruz,Aruz,kişi,cevresindekiler,Çevresindekiler,grup,emir; dadı gelsin,otorite/emir,authority,AUTHORITY,otorite,3,nötr,yönlü,açık_ilişki,,09_basatin_tepegozu_oldurdugu_boy.csv,,aruz - çevresine (emir; dadı gelsin),ok,emir; dadı gelsin,unmatched_provenance_gap
DKR0445,S09,Basat'ın Tepegözü Öldürdüğü Boy,boy,462.0,tepegoz,Tepegöz,mitolojik/ilahi,dadi,Dadı,kişi,"sütünü içti, kanını içti, canını aldı",belirsiz,uncertain,UNCERTAIN,olay,1,nötr,yönlü,açık_ilişki,,09_basatin_tepegozu_oldurdugu_boy.csv,18,"tepegöz - dadı (sütünü içti, kanını içti, canını aldı)",ok,"sütünü içti, kanını içti, canını aldı",matched_unique
DKR0446,S09,Basat'ın Tepegözü Öldürdüğü Boy,boy,463.0,tepegoz,Tepegöz,mitolojik/ilahi,gelen_diger_dadilar,Gelen Diğer Dadılar,grup,yine aynı şekilde helak etti,belirsiz,uncertain,UNCERTAIN,olay,1,nötr,yönlü,açık_ilişki,,09_basatin_tepegozu_oldurdugu_boy.csv,19,tepegöz - gelen diğer dadılar (yine aynı şekilde helak etti),ok,yine aynı şekilde helak etti,matched_unique
DKR0447,S09,Basat'ın Tepegözü Öldürdüğü Boy,boy,464.0,dadilar,Dadılar,grup,aruz_koca,Aruz Koca,kişi,,ikna/müzakere,cooperation,SOCIAL,iletişim,3,nötr,yönlü,açık_ilişki,,09_basatin_tepegozu_oldurdugu_boy.csv,,dadılar - aruz koca (sütle besleyelim) - 1 kazan süt yetmedi,ok,,unmatched_provenance_gap
DKR0448,S09,Basat'ın Tepegözü Öldürdüğü Boy,boy,465.0,tepegoz,Tepegöz,mitolojik/ilahi,oynadigi_oglanlar,Oynadığı Oğlanlar,kişi,"bazılarının burnunu, bazılarının kulağını yedi",belirsiz,uncertain,UNCERTAIN,olay,1,nötr,yönlü,açık_ilişki,,09_basatin_tepegozu_oldurdugu_boy.csv,21,"tepegöz - oynadığı oğlanlar (bazılarının burnunu, bazılarının kulağını yedi)",ok,"bazılarının burnunu, bazılarının kulağını yedi",matched_unique
DKR0449,S09,Basat'ın Tepegözü Öldürdüğü Boy,boy,466.0,tepegozden_sikayetci_olan_ana_babalar,Tepegözden Şikayetçi Olan Ana Babalar,mitolojik/ilahi,aruz,Aruz,kişi,ağlaşıp durumu şikayet ettiler,belirsiz,uncertain,UNCERTAIN,olay,1,nötr,yönlü,açık_ilişki,,09_basatin_tepegozu_oldurdugu_boy.csv,22,tepegözden şikayetçi olan ana babalar - aruz (ağlaşıp durumu şikayet ettiler),ok,ağlaşıp durumu şikayet ettiler,matched_unique
DKR0450,S09,Basat'ın Tepegözü Öldürdüğü Boy,boy,467.0,aruz,Aruz,kişi,tepegoz,Tepegöz,mitolojik/ilahi,"tepegözü dövdü, sövdü, yasakladı, bunlar fayda etmeyince evden kovdu",duygusal_tepki,other,OTHER,olay,2,negatif,yönlü,açık_ilişki,,09_basatin_tepegozu_oldurdugu_boy.csv,23,"aruz - tepegöz (tepegözü dövdü, sövdü, yasakladı, bunlar fayda etmeyince evden kovdu)",ok,"tepegözü dövdü, sövdü, yasakladı, bunlar fayda etmeyince evden kovdu",matched_unique
DKR0451,S09,Basat'ın Tepegözü Öldürdüğü Boy,boy,468.0,tepegozun_peri_annesi,Tepegözün Peri Annesi,mitolojik/ilahi,tepegoz,Tepegöz,mitolojik/ilahi,"yüzüğü al, ok batmasın, kılıç seni kesmesin",belirsiz,uncertain,UNCERTAIN,olay,1,nötr,yönlü,açık_ilişki,,09_basatin_tepegozu_oldurdugu_boy.csv,24,"tepegözün peri annesi - tepegöz (yüzüğü al, ok batmasın, kılıç seni kesmesin)",ok,"yüzüğü al, ok batmasın, kılıç seni kesmesin",matched_unique
DKR0453,S09,Basat'ın Tepegözü Öldürdüğü Boy,boy,470.0,tepegoz,Tepegöz,mitolojik/ilahi,oguz,Oğuz,grup,"çatışma; ok attılar batmadı, kılıç vurdular kesmedi",çatışma,conflict,SOCIAL,çatışma,5,negatif,yönsüz,açık_ilişki,,09_basatin_tepegozu_oldurdugu_boy.csv,25,"tepegöz - oğuz (çatışma; ok attılar batmadı, kılıç vurdular kesmedi)",ok,"çatışma; ok attılar batmadı, kılıç vurdular kesmedi",matched_unique
DKR0454,S09,Basat'ın Tepegözü Öldürdüğü Boy,boy,471.0,tepegoz,Tepegöz,mitolojik/ilahi,oguz,Oğuz,grup,"çoban, çoluk yedi, oğuzdan adam yemeye başladı",çatışma,conflict,SOCIAL,çatışma,5,nötr,yönsüz,açık_ilişki,,09_basatin_tepegozu_oldurdugu_boy.csv,26,"tepegöz - oğuz (çoban, çoluk yedi, oğuzdan adam yemeye başladı)",ok,"çoban, çoluk yedi, oğuzdan adam yemeye başladı",matched_unique
DKR0455,S09,Basat'ın Tepegözü Öldürdüğü Boy,boy,472.0,oguz,Oğuz,grup,tepegoz,Tepegöz,mitolojik/ilahi,"oğuz birleşip tepegözün üstüne vardı, çatışma",çatışma,conflict,SOCIAL,çatışma,5,negatif,yönsüz,açık_ilişki,,09_basatin_tepegozu_oldurdugu_boy.csv,27,"oğuz - tepegöz (oğuz birleşip tepegözün üstüne vardı, çatışma)",ok,"oğuz birleşip tepegözün üstüne vardı, çatışma",matched_unique
DKR0456,S09,Basat'ın Tepegözü Öldürdüğü Boy,boy,473.0,alplar_basi_kazan,Alplar Başı Kazan,kişi,tepegoz,Tepegöz,mitolojik/ilahi,"çatışma, kazan yenildi",çatışma,conflict,SOCIAL,çatışma,5,negatif,yönsüz,açık_ilişki,,09_basatin_tepegozu_oldurdugu_boy.csv,28,"alplar başı kazan - tepegöz (çatışma, kazan yenildi)",ok,"çatışma, kazan yenildi",matched_unique
DKR0457,S09,Basat'ın Tepegözü Öldürdüğü Boy,boy,474.0,kazanin_kardesi_kara_gone,Kazan'ın Kardeşi Kara Göne,kişi,tepegoz,Tepegöz,mitolojik/ilahi,"çatışma, kara göne zebun oldu",çatışma,conflict,SOCIAL,çatışma,5,negatif,yönsüz,açık_ilişki,,09_basatin_tepegozu_oldurdugu_boy.csv,29,"kazan'ın kardeşi kara göne - tepegöz (çatışma, kara göne zebun oldu)",ok,"çatışma, kara göne zebun oldu",matched_unique
DKR0458,S09,Basat'ın Tepegözü Öldürdüğü Boy,boy,475.0,duzen_oglu_alp_rustem,Düzen Oğlu Alp Rüstem,kişi,tepegoz,Tepegöz,mitolojik/ilahi,"çatışma, alp rüstem şehit oldu",çatışma,conflict,SOCIAL,çatışma,5,negatif,yönsüz,açık_ilişki,,09_basatin_tepegozu_oldurdugu_boy.csv,30,"düzen oğlu alp rüstem - tepegöz (çatışma, alp rüstem şehit oldu)",ok,"çatışma, alp rüstem şehit oldu",matched_unique
DKR0459,S09,Basat'ın Tepegözü Öldürdüğü Boy,boy,476.0,usun_koca_oglu,Uşun Koca Oğlu,kişi,tepegoz,Tepegöz,mitolojik/ilahi,"çatışma, uşun koca oğlu şehit oldu",akrabalık,kinship,KINSHIP,akrabalık,5,pozitif,yönsüz,açık_ilişki,,09_basatin_tepegozu_oldurdugu_boy.csv,31,"uşun koca oğlu - tepegöz (çatışma, uşun koca oğlu şehit oldu)",ok,"çatışma, uşun koca oğlu şehit oldu",matched_unique
DKR0460,S09,Basat'ın Tepegözü Öldürdüğü Boy,boy,477.0,usun_koca_oglunun_2_kardesi,Uşun Koca Oğlu'nun 2 Kardeşi,kişi,tepegoz,Tepegöz,mitolojik/ilahi,"çatışma, uşun koca oğlunun kardeşleri şehit oldu",akrabalık,kinship,KINSHIP,akrabalık,5,pozitif,yönsüz,açık_ilişki,,09_basatin_tepegozu_oldurdugu_boy.csv,32,"uşun koca oğlu'nun 2 kardeşi - tepegöz (çatışma, uşun koca oğlunun kardeşleri şehit oldu)",ok,"çatışma, uşun koca oğlunun kardeşleri şehit oldu",matched_unique
DKR0461,S09,Basat'ın Tepegözü Öldürdüğü Boy,boy,478.0,demir_donlu_mamak,Demir Donlu Mamak,kişi,tepegoz,Tepegöz,mitolojik/ilahi,"çatışma, demir donlu mamak şehit oldu",çatışma,conflict,SOCIAL,çatışma,5,negatif,yönsüz,açık_ilişki,,09_basatin_tepegozu_oldurdugu_boy.csv,33,"demir donlu mamak - tepegöz (çatışma, demir donlu mamak şehit oldu)",ok,"çatışma, demir donlu mamak şehit oldu",matched_unique
DKR0462,S09,Basat'ın Tepegözü Öldürdüğü Boy,boy,479.0,biyigi_kanli_bugduz_emen,Bıyığı Kanlı Bügdüz Emen,kişi,tepegoz,Tepegöz,mitolojik/ilahi,"çatışma, bügdüz emen zebun oldu",çatışma,conflict,SOCIAL,çatışma,5,negatif,yönsüz,açık_ilişki,,09_basatin_tepegozu_oldurdugu_boy.csv,34,"bıyığı kanlı bügdüz emen - tepegöz (çatışma, bügdüz emen zebun oldu)",ok,"çatışma, bügdüz emen zebun oldu",matched_unique
DKR0463,S09,Basat'ın Tepegözü Öldürdüğü Boy,boy,480.0,ak_sakalli_aruz_koca,Ak Sakallı Aruz Koca,kişi,tepegoz,Tepegöz,mitolojik/ilahi,"çatışma, aruz kocaya kan kusturdu",çatışma,conflict,SOCIAL,çatışma,5,negatif,yönsüz,açık_ilişki,,09_basatin_tepegozu_oldurdugu_boy.csv,35,"ak sakallı aruz koca - tepegöz (çatışma, aruz kocaya kan kusturdu)",ok,"çatışma, aruz kocaya kan kusturdu",matched_unique
DKR0464,S09,Basat'ın Tepegözü Öldürdüğü Boy,boy,481.0,kiyan_selcik,Kıyan Selçık,kişi,tepegoz,Tepegöz,mitolojik/ilahi,"çatışma, ödü yarıldı öldü",çatışma,conflict,SOCIAL,çatışma,5,negatif,yönsüz,açık_ilişki,,09_basatin_tepegozu_oldurdugu_boy.csv,36,"kıyan selçık - tepegöz (çatışma, ödü yarıldı öldü)",ok,"çatışma, ödü yarıldı öldü",matched_unique
DKR0468,S09,Basat'ın Tepegözü Öldürdüğü Boy,boy,485.0,oguz,Oğuz,grup,dede_korkut,Dede Korkut,kişi,ikna; tepegöz ile konuş kesim (haraç) verelim bizi rahat bıraksın,ikna/müzakere,cooperation,SOCIAL,iletişim,3,karışık,yönlü,açık_ilişki,,09_basatin_tepegozu_oldurdugu_boy.csv,37,oğuz - dede korkut (ikna; tepegöz ile konuş kesim (haraç) verelim bizi rahat bıraksın),ok,ikna; tepegöz ile konuş kesim (haraç) verelim bizi rahat bıraksın,matched_unique
DKR0469,S09,Basat'ın Tepegözü Öldürdüğü Boy,boy,486.0,dede_korkut,Dede Korkut,kişi,tepegoz,Tepegöz,mitolojik/ilahi,günde 2 adam ve 500 koyun verelim; ikna,ikna/müzakere,cooperation,SOCIAL,iletişim,3,karışık,yönlü,açık_ilişki,,09_basatin_tepegozu_oldurdugu_boy.csv,38,dede korkut - tepegöz (günde 2 adam ve 500 koyun verelim; ikna),ok,günde 2 adam ve 500 koyun verelim; ikna,matched_unique
DKR0470,S09,Basat'ın Tepegözü Öldürdüğü Boy,boy,487.0,tepegoz,Tepegöz,mitolojik/ilahi,dede_korkut,Dede Korkut,kişi,2 tane adam verin yemeğimi yapsınlar; ikna,ikna/müzakere,cooperation,SOCIAL,iletişim,3,karışık,yönlü,açık_ilişki,,09_basatin_tepegozu_oldurdugu_boy.csv,39,tepegöz - dede korkut (2 tane adam verin yemeğimi yapsınlar; ikna),ok,2 tane adam verin yemeğimi yapsınlar; ikna,matched_unique
DKR0471,S09,Basat'ın Tepegözü Öldürdüğü Boy,boy,488.0,dede_korkut,Dede Korkut,kişi,oguz,Oğuz,grup,emir; yünlü koca ile yapağulu koca'yı gönderin tepegöze yemek yapsınlar,otorite/emir,authority,AUTHORITY,otorite,3,nötr,yönlü,açık_ilişki,,09_basatin_tepegozu_oldurdugu_boy.csv,40,dede korkut - oğuz (emir; yünlü koca ile yapağulu koca'yı gönderin tepegöze yemek yapsınlar),ok,emir; yünlü koca ile yapağulu koca'yı gönderin tepegöze yemek yapsınlar,matched_unique
DKR0472,S09,Basat'ın Tepegözü Öldürdüğü Boy,boy,489.0,dede_korkut,Dede Korkut,kişi,oguz,Oğuz,grup,,ikna/müzakere,cooperation,SOCIAL,iletişim,3,nötr,yönlü,açık_ilişki,,09_basatin_tepegozu_oldurdugu_boy.csv,,dede korkut - oğuz (diy0; yapılan anlaşmayı anlatıyor) oğuz ikna,ok,,unmatched_provenance_gap
DKR0474,S09,Basat'ın Tepegözü Öldürdüğü Boy,boy,491.0,oglunu_veren_kadin,Oğlunu Veren Kadın,kişi,basat,Basat,kişi,basat gazadayken tepegözün yaptıklarını anlattı,belirsiz,uncertain,UNCERTAIN,olay,1,nötr,yönlü,açık_ilişki,,09_basatin_tepegozu_oldurdugu_boy.csv,42,oğlunu veren kadın - basat (basat gazadayken tepegözün yaptıklarını anlattı),ok,basat gazadayken tepegözün yaptıklarını anlattı,matched_unique
DKR0475,S09,Basat'ın Tepegözü Öldürdüğü Boy,boy,492.0,basat,Basat,kişi,yasli_kadin,Yaşlı Kadın,kişi,"esirlerden birini ver, oğlunu kurtar",akrabalık,kinship,KINSHIP,akrabalık,5,pozitif,yönsüz,açık_ilişki,,09_basatin_tepegozu_oldurdugu_boy.csv,43,"basat - yaşlı kadın (esirlerden birini ver, oğlunu kurtar)",ok,"esirlerden birini ver, oğlunu kurtar",matched_unique
DKR0478,S09,Basat'ın Tepegözü Öldürdüğü Boy,boy,495.0,basat,Basat,kişi,aruz_koca,Aruz Koca,kişi,"babasının elini öptü, kucaklaşıp sarıldılar",akrabalık,kinship,KINSHIP,akrabalık,5,pozitif,yönsüz,açık_ilişki,,09_basatin_tepegozu_oldurdugu_boy.csv,44,"basat - aruz koca (babasının elini öptü, kucaklaşıp sarıldılar)",ok,"babasının elini öptü, kucaklaşıp sarıldılar",matched_unique
DKR0479,S09,Basat'ın Tepegözü Öldürdüğü Boy,boy,496.0,basat,Basat,kişi,basatin_annesi,Basat'ın Annesi,kişi,"annesinin elini öptü, kucaklaşıp ağlaştılar",akrabalık,kinship,KINSHIP,akrabalık,5,pozitif,yönsüz,açık_ilişki,,09_basatin_tepegozu_oldurdugu_boy.csv,45,"basat - basatın annesi (annesinin elini öptü, kucaklaşıp ağlaştılar)",ok,"annesinin elini öptü, kucaklaşıp ağlaştılar",matched_unique
DKR0481,S09,Basat'ın Tepegözü Öldürdüğü Boy,boy,498.0,basat,Basat,kişi,oguz_beyleri,Oğuz Beyleri,grup,fikir alma; ben tepegöze karşı gideceğim,belirsiz,uncertain,UNCERTAIN,olay,1,nötr,yönlü,açık_ilişki,,09_basatin_tepegozu_oldurdugu_boy.csv,46,basat - oğuz beyleri (fikir alma; ben tepegöze karşı gideceğim),ok,fikir alma; ben tepegöze karşı gideceğim,matched_unique
DKR0482,S09,Basat'ın Tepegözü Öldürdüğü Boy,boy,499.0,salur_kazan,Salur Kazan,kişi,basat,Basat,kişi,"ben gittim yenemedim, ananı babanı ağlatma",belirsiz,uncertain,UNCERTAIN,olay,1,nötr,yönlü,açık_ilişki,,09_basatin_tepegozu_oldurdugu_boy.csv,47,"kazan - basat (ben gittim yenemedim, ananı babanı ağlatma)",ok,"ben gittim yenemedim, ananı babanı ağlatma",matched_unique
DKR0483,S09,Basat'ın Tepegözü Öldürdüğü Boy,boy,500.0,basat,Basat,kişi,salur_kazan,Salur Kazan,kişi,ben yenerim,belirsiz,uncertain,UNCERTAIN,olay,1,nötr,yönlü,açık_ilişki,,09_basatin_tepegozu_oldurdugu_boy.csv,48,basat - kazan (ben yenerim),ok,ben yenerim,matched_unique
DKR0484,S09,Basat'ın Tepegözü Öldürdüğü Boy,boy,501.0,salur_kazan,Salur Kazan,kişi,basat,Basat,kişi,sen bilirsin,belirsiz,uncertain,UNCERTAIN,olay,1,nötr,yönlü,açık_ilişki,,09_basatin_tepegozu_oldurdugu_boy.csv,49,kazan - basat (sen bilirsin),ok,sen bilirsin,matched_unique
DKR0485,S09,Basat'ın Tepegözü Öldürdüğü Boy,boy,502.0,aruz_koca,Aruz Koca,kişi,basat,Basat,kişi,gitme oğul,belirsiz,uncertain,UNCERTAIN,olay,1,nötr,yönlü,açık_ilişki,,09_basatin_tepegozu_oldurdugu_boy.csv,50,aruz koca - basat (gitme oğul),ok,gitme oğul,matched_unique
DKR0486,S09,Basat'ın Tepegözü Öldürdüğü Boy,boy,503.0,basat,Basat,kişi,aruz_koca,Aruz Koca,kişi,gideceğim,belirsiz,uncertain,UNCERTAIN,olay,1,nötr,yönlü,açık_ilişki,,09_basatin_tepegozu_oldurdugu_boy.csv,51,basat - aruz koca (gideceğim),ok,gideceğim,matched_unique
DKR0488,S09,Basat'ın Tepegözü Öldürdüğü Boy,boy,505.0,basat,Basat,kişi,anne_ve_babasi,Anne ve Babası,grup,ellerini öptü hoşça kalın dedi,diyalog_olumlu,communication,SOCIAL,iletişim,2,nötr,yönlü,açık_ilişki,,09_basatin_tepegozu_oldurdugu_boy.csv,52,basat - basatın ana babsı (ellerini öptü hoşça kalın dedi),ok,ellerini öptü hoşça kalın dedi,matched_unique
DKR0489,S09,Basat'ın Tepegözü Öldürdüğü Boy,boy,506.0,basat,Basat,kişi,tepegoz,Tepegöz,mitolojik/ilahi,"çatışma, basat tepegöze saldırdı tepegöz hissetmedi",çatışma,conflict,SOCIAL,çatışma,5,negatif,yönsüz,açık_ilişki,,09_basatin_tepegozu_oldurdugu_boy.csv,53,"basat - tepegöz (çatışma, basat tepegöze saldırdı tepegöz hissetmedi)",ok,"çatışma, basat tepegöze saldırdı tepegöz hissetmedi",matched_unique
DKR0490,S09,Basat'ın Tepegözü Öldürdüğü Boy,boy,507.0,tepegoz,Tepegöz,mitolojik/ilahi,basat,Basat,kişi,basatı yakalayıp esir etti,çatışma,conflict,SOCIAL,çatışma,5,negatif,yönsüz,açık_ilişki,,09_basatin_tepegozu_oldurdugu_boy.csv,54,tepegöz - basat (basatı yakalayıp esir etti),ok,basatı yakalayıp esir etti,matched_unique
DKR0491,S09,Basat'ın Tepegözü Öldürdüğü Boy,boy,508.0,tepegoz,Tepegöz,mitolojik/ilahi,kocalar,Kocalar,grup,"bunu bana ikindi vakti aş edin yiyeyim, emir",otorite/emir,authority,AUTHORITY,otorite,3,nötr,yönlü,açık_ilişki,,09_basatin_tepegozu_oldurdugu_boy.csv,55,"tepegöz - kocalar (bunu bana ikindi vakti aş edin yiyeyim, emir)",ok,"bunu bana ikindi vakti aş edin yiyeyim, emir",matched_unique
DKR0492,S09,Basat'ın Tepegözü Öldürdüğü Boy,boy,509.0,basat,Basat,kişi,kocalar,Kocalar,grup,tepegözün zayıflığı neredendir,belirsiz,uncertain,UNCERTAIN,olay,1,nötr,yönlü,açık_ilişki,,09_basatin_tepegozu_oldurdugu_boy.csv,56,basat - kocalar (tepegözün zayıflığı neredendir),ok,tepegözün zayıflığı neredendir,matched_unique
DKR0493,S09,Basat'ın Tepegözü Öldürdüğü Boy,boy,510.0,kocalar,Kocalar,grup,basat,Basat,kişi,bilmeyiz yalnızca gözünde et vardır,belirsiz,uncertain,UNCERTAIN,olay,1,nötr,yönlü,açık_ilişki,,09_basatin_tepegozu_oldurdugu_boy.csv,57,kocalar - basat (bilmeyiz yalnızca gözünde et vardır),ok,bilmeyiz yalnızca gözünde et vardır,matched_unique
DKR0494,S09,Basat'ın Tepegözü Öldürdüğü Boy,boy,511.0,basat,Basat,kişi,kocalar,Kocalar,grup,"emir, şişi ocağa koyun kızsın",otorite/emir,authority,AUTHORITY,otorite,3,nötr,yönlü,açık_ilişki,,09_basatin_tepegozu_oldurdugu_boy.csv,58,"basat - kocalar (emir, şişi ocağa koyun kızsın)",ok,"emir, şişi ocağa koyun kızsın",matched_unique
DKR0495,S09,Basat'ın Tepegözü Öldürdüğü Boy,boy,512.0,basat,Basat,kişi,tepegoz,Tepegöz,mitolojik/ilahi,,çatışma,conflict,SOCIAL,çatışma,5,nötr,yönsüz,açık_ilişki,,09_basatin_tepegozu_oldurdugu_boy.csv,,basat - tepegöz (tepegözün gözüne mil çekti) çatışma,ok,,unmatched_provenance_gap
DKR0496,S09,Basat'ın Tepegözü Öldürdüğü Boy,boy,513.0,tepegoz,Tepegöz,mitolojik/ilahi,basat,Basat,kişi,"tepegöz haykırdı, basat mağraya koyunların arasına saklandı",belirsiz,uncertain,UNCERTAIN,olay,1,nötr,yönlü,açık_ilişki,,09_basatin_tepegozu_oldurdugu_boy.csv,60,"tepegöz - basat (tepegöz haykırdı, basat mağraya koyunların arasına saklandı)",ok,"tepegöz haykırdı, basat mağraya koyunların arasına saklandı",matched_unique
DKR0499,S09,Basat'ın Tepegözü Öldürdüğü Boy,boy,516.0,tepegoz,Tepegöz,mitolojik/ilahi,basat,Basat,kişi,,çatışma,conflict,SOCIAL,çatışma,5,nötr,yönsüz,açık_ilişki,,09_basatin_tepegozu_oldurdugu_boy.csv,,tepegöz - basatın üzerindeki deriyi yakaladı; beni böyle vuracağını nasıl bildin diye sordu,ok,,unmatched_provenance_gap
DKR0500,S09,Basat'ın Tepegözü Öldürdüğü Boy,boy,517.0,tepegoz,Tepegöz,mitolojik/ilahi,basat,Basat,kişi,,çatışma,conflict,SOCIAL,çatışma,5,nötr,yönsüz,açık_ilişki,,09_basatin_tepegozu_oldurdugu_boy.csv,,"tepegöz - basat (kurtuldun mu?, basat tanrım kurtardı) çatışma",ok,,unmatched_provenance_gap
DKR0502,S09,Basat'ın Tepegözü Öldürdüğü Boy,boy,519.0,basat,Basat,kişi,tepegoz,Tepegöz,mitolojik/ilahi,tepegözün kafasını kesti,destek/yardım,support,SOCIAL,olay,4,pozitif,yönlü,açık_ilişki,,09_basatin_tepegozu_oldurdugu_boy.csv,63,basat - tepegöz (tepegözün kafasını kesti),ok,tepegözün kafasını kesti,matched_unique
DKR0503,S09,Basat'ın Tepegözü Öldürdüğü Boy,boy,520.0,basat,Basat,kişi,kocalar,Kocalar,grup,"emir, muştucu gidin",otorite/emir,authority,AUTHORITY,otorite,3,nötr,yönlü,açık_ilişki,,09_basatin_tepegozu_oldurdugu_boy.csv,,"basat - kocaları (emir, muştucu gidin)",ok,"emir, muştucu gidin",unmatched_provenance_gap
DKR0508,S10,Begil Oğlu Emrenin boyu,boy,527.0,bayindir_han,Bayındır Han,kişi,kam_gan,Kam Gan,kişi,oğlu,akrabalık,kinship,KINSHIP,akrabalık,5,pozitif,yönsüz,çıkarımsal_akrabalık,,10_begil_oglu_emrenin_boyu.csv,0,kam gan oğlu bayındır han,ok,,matched_unique
DKR0514,S10,Begil Oğlu Emrenin boyu,boy,533.0,dede_korkut,Dede Korkut,kişi,bayindir_han,Bayındır Han,kişi,neden saht oldun,belirsiz,uncertain,UNCERTAIN,olay,1,nötr,yönlü,açık_ilişki,,10_begil_oglu_emrenin_boyu.csv,1,dede korkut - bayındır han (neden saht oldun),ok,neden saht oldun,matched_unique
DKR0515,S10,Begil Oğlu Emrenin boyu,boy,534.0,bayindir_han,Bayındır Han,kişi,dede_korkut,Dede Korkut,kişi,,ikna/müzakere,cooperation,SOCIAL,iletişim,3,nötr,yönlü,açık_ilişki,,10_begil_oglu_emrenin_boyu.csv,,"bayındır han - dede korkut (her yıl altın, akçe gelirdi beylere dağıtırdık, 1 at 1 kılıç 1 çomak bunları kime verelim de hatırı hoş olsun), danışma",ok,,unmatched_provenance_gap
DKR0516,S10,Begil Oğlu Emrenin boyu,boy,535.0,dede_korkut,Dede Korkut,kişi,bayindir_han,Bayındır Han,kişi,,ikna/müzakere,cooperation,SOCIAL,iletişim,3,nötr,yönlü,açık_ilişki,,10_begil_oglu_emrenin_boyu.csv,,"dede korkut - bayındır han (bu üçünü birine verelim, oğuza karakol olsun) fikir",ok,,unmatched_provenance_gap
DKR0517,S10,Begil Oğlu Emrenin boyu,boy,536.0,bayindir_han,Bayındır Han,kişi,meclis,Meclis,grup,,ikna/müzakere,cooperation,SOCIAL,iletişim,3,nötr,yönlü,açık_ilişki,,10_begil_oglu_emrenin_boyu.csv,,bayındır han - meclise (bunları kime verelim) kimse razı olmadı,ok,,unmatched_provenance_gap
DKR0518,S10,Begil Oğlu Emrenin boyu,boy,537.0,bayindir_han,Bayındır Han,kişi,begil,Begil,kişi,hediyeleri sana verelim mi,ödül/değişim,cooperation,SOCIAL,otorite,3,pozitif,yönlü,açık_ilişki,,10_begil_oglu_emrenin_boyu.csv,5,bayındır han - begil (hediyeleri sana verelim mi),ok,hediyeleri sana verelim mi,matched_unique
DKR0519,S10,Begil Oğlu Emrenin boyu,boy,538.0,begil,Begil,kişi,bayindir_han,Bayındır Han,kişi,razı oldu yer öptü,belirsiz,uncertain,UNCERTAIN,olay,1,nötr,yönlü,açık_ilişki,,10_begil_oglu_emrenin_boyu.csv,6,begil - bayındır han (razı oldu yer öptü),ok,razı oldu yer öptü,matched_unique
DKR0520,S10,Begil Oğlu Emrenin boyu,boy,539.0,dede_korkut,Dede Korkut,kişi,begil,Begil,kişi,himmet kılıcını beline bağladı,belirsiz,uncertain,UNCERTAIN,olay,1,nötr,yönlü,açık_ilişki,,10_begil_oglu_emrenin_boyu.csv,7,dede korkut - begil (himmet kılıcını beline bağladı),ok,himmet kılıcını beline bağladı,matched_unique
DKR0521,S10,Begil Oğlu Emrenin boyu,boy,540.0,begil,Begil,kişi,begilin_hismi_ve_kavmi,Begilin Hısmı ve Kavmi,grup,oğuzdan göç edip berdeye genceye geldiler,belirsiz,uncertain,UNCERTAIN,olay,1,nötr,yönlü,açık_ilişki,,10_begil_oglu_emrenin_boyu.csv,8,begil - begilin hısmı ve kavmi (oğuzdan göç edip berdeye genceye geldiler),ok,oğuzdan göç edip berdeye genceye geldiler,matched_unique
DKR0524,S10,Begil Oğlu Emrenin boyu,boy,543.0,bayindir_han,Bayındır Han,kişi,begil,Begil,kişi,emir - begil tez gelsin,otorite/emir,authority,AUTHORITY,otorite,3,nötr,yönlü,açık_ilişki,,10_begil_oglu_emrenin_boyu.csv,,bayındır han - begil bey (emir - begil tez gelsin),ok,emir - begil tez gelsin,unmatched_provenance_gap
DKR0525,S10,Begil Oğlu Emrenin boyu,boy,544.0,begil,Begil,kişi,bayindir_han,Bayındır Han,kişi,elini öptü,belirsiz,uncertain,UNCERTAIN,olay,1,nötr,yönlü,açık_ilişki,,10_begil_oglu_emrenin_boyu.csv,,begil bey - bayındır han (elini öptü),ok,elini öptü,unmatched_provenance_gap
DKR0526,S10,Begil Oğlu Emrenin boyu,boy,545.0,bayindir_han,Bayındır Han,kişi,begil,Begil,kişi,"begili ağırladı, 3 gün ava çıkardı",hareket/eylem,other,OTHER,olay,2,nötr,yönlü,açık_ilişki,,10_begil_oglu_emrenin_boyu.csv,11,"bayındır han - begil (begili ağırladı, 3 gün ava çıkardı)",ok,"begili ağırladı, 3 gün ava çıkardı",matched_unique
DKR0528,S10,Begil Oğlu Emrenin boyu,boy,547.0,salur_kazan,Salur Kazan,kişi,beyler_begil_boyu,Beyler (Begil Boyu),grup,begil beyi övdü,belirsiz,uncertain,UNCERTAIN,olay,1,nötr,yönlü,açık_ilişki,,10_begil_oglu_emrenin_boyu.csv,12,salur kazan - beyler (begil beyi övdü),ok,begil beyi övdü,matched_unique
DKR0529,S10,Begil Oğlu Emrenin boyu,boy,548.0,salur_kazan,Salur Kazan,kişi,beyler_begil_boyu,Beyler (Begil Boyu),grup,avdaki hüner atın mı beyin midir,hareket/eylem,other,OTHER,olay,2,nötr,yönlü,açık_ilişki,,10_begil_oglu_emrenin_boyu.csv,13,salur kazan - beyler (avdaki hüner atın mı beyin midir),ok,avdaki hüner atın mı beyin midir,matched_unique
DKR0530,S10,Begil Oğlu Emrenin boyu,boy,549.0,beyler_begil_boyu,Beyler (Begil Boyu),grup,salur_kazan,Salur Kazan,kişi,hüner erindir,belirsiz,uncertain,UNCERTAIN,olay,1,nötr,yönlü,açık_ilişki,,10_begil_oglu_emrenin_boyu.csv,14,beyler - kazan (hüner erindir),ok,hüner erindir,matched_unique
DKR0531,S10,Begil Oğlu Emrenin boyu,boy,550.0,bayindir_han,Bayındır Han,kişi,beyler_begil_boyu,Beyler (Begil Boyu),grup,hüner atındır,belirsiz,uncertain,UNCERTAIN,olay,1,nötr,yönlü,açık_ilişki,,10_begil_oglu_emrenin_boyu.csv,15,bayındır han - beyler (hüner atındır),ok,hüner atındır,matched_unique
DKR0532,S10,Begil Oğlu Emrenin boyu,boy,551.0,begil,Begil,kişi,bayindir_han,Bayındır Han,kişi,gerginlik,belirsiz,uncertain,UNCERTAIN,olay,1,nötr,yönlü,açık_ilişki,,10_begil_oglu_emrenin_boyu.csv,16,begil - bayındır han (gerginlik),ok,gerginlik,matched_unique
DKR0533,S10,Begil Oğlu Emrenin boyu,boy,552.0,begil,Begil,kişi,bayindir_han,Bayındır Han,kişi,"bahşişini önüne döktü, han'a küstü, divandan çıktı",belirsiz,uncertain,UNCERTAIN,olay,1,nötr,yönlü,açık_ilişki,,10_begil_oglu_emrenin_boyu.csv,17,"begil - bayındır han (bahşişini önüne döktü, han'a küstü, divandan çıktı)",ok,"bahşişini önüne döktü, han'a küstü, divandan çıktı",matched_unique
DKR0534,S10,Begil Oğlu Emrenin boyu,boy,553.0,begil,Begil,kişi,begilin_adamlari,Begil'in Adamları,grup,adamlarını alıp eve getirdi,belirsiz,uncertain,UNCERTAIN,olay,1,nötr,yönlü,açık_ilişki,,10_begil_oglu_emrenin_boyu.csv,18,begil - begil'in adamları (adamlarını alıp eve getirdi),ok,adamlarını alıp eve getirdi,matched_unique
DKR0537,S10,Begil Oğlu Emrenin boyu,boy,556.0,begilin_karisi,Begilin Karısı,kişi,begil,Begil,kişi,diy0 - neden bizimle konuşmadın,diyalog_nötr,communication,SOCIAL,iletişim,2,nötr,yönlü,açık_ilişki,,10_begil_oglu_emrenin_boyu.csv,19,begilin karısı - begil (diy0 - neden bizimle konuşmadın),ok,diy0 - neden bizimle konuşmadın,matched_unique
DKR0538,S10,Begil Oğlu Emrenin boyu,boy,557.0,begil,Begil,kişi,begilin_karisi,Begilin Karısı,kişi,diy0 - yaşananları anlattı,diyalog_nötr,communication,SOCIAL,iletişim,2,nötr,yönlü,açık_ilişki,,10_begil_oglu_emrenin_boyu.csv,20,begil - begilin karısı (diy0 - yaşananları anlattı),ok,diy0 - yaşananları anlattı,matched_unique
DKR0539,S10,Begil Oğlu Emrenin boyu,boy,558.0,begilin_karisi,Begilin Karısı,kişi,begil,Begil,kişi,"ikna; asi olma, adamlarını al ava çık",ikna/müzakere,cooperation,SOCIAL,iletişim,3,karışık,yönlü,açık_ilişki,,10_begil_oglu_emrenin_boyu.csv,21,"begilin karısı - begil (ikna; asi olma, adamlarını al ava çık)",ok,"ikna; asi olma, adamlarını al ava çık",matched_unique
DKR0540,S10,Begil Oğlu Emrenin boyu,boy,559.0,begil,Begil,kişi,begilin_adamlari,Begil'in Adamları,grup,ava çıktılar,hareket/eylem,other,OTHER,olay,2,nötr,yönlü,açık_ilişki,,10_begil_oglu_emrenin_boyu.csv,,begil - begilin adamları (ava çıktılar),ok,ava çıktılar,unmatched_provenance_gap
DKR0542,S10,Begil Oğlu Emrenin boyu,boy,561.0,emren,Emren,kişi,begil,Begil,kişi,diy0 - noldu,diyalog_nötr,communication,SOCIAL,iletişim,2,nötr,yönlü,açık_ilişki,,10_begil_oglu_emrenin_boyu.csv,23,emren - begil (diy0 - noldu),ok,diy0 - noldu,matched_unique
DKR0543,S10,Begil Oğlu Emrenin boyu,boy,562.0,begil,Begil,kişi,emren,Emren,kişi,"3 gündür hoş değilim oğul, beni yatağıma götür, emir",otorite/emir,authority,AUTHORITY,otorite,3,nötr,yönlü,açık_ilişki,,10_begil_oglu_emrenin_boyu.csv,24,"begil - emren (3 gündür hoş değilim oğul, beni yatağıma götür, emir)",ok,"3 gündür hoş değilim oğul, beni yatağıma götür, emir",matched_unique
DKR0544,S10,Begil Oğlu Emrenin boyu,boy,563.0,emren,Emren,kişi,begil,Begil,kişi,begili yatağına yatırdı,belirsiz,uncertain,UNCERTAIN,olay,1,nötr,yönlü,açık_ilişki,,10_begil_oglu_emrenin_boyu.csv,25,emren - begil (begili yatağına yatırdı),ok,begili yatağına yatırdı,matched_unique
DKR0548,S10,Begil Oğlu Emrenin boyu,boy,567.0,begilin_karisi,Begilin Karısı,kişi,begil,Begil,kişi,neden ahlarsın,belirsiz,uncertain,UNCERTAIN,olay,1,nötr,yönlü,açık_ilişki,,10_begil_oglu_emrenin_boyu.csv,26,begilin karısı - begil (neden ahlarsın),ok,neden ahlarsın,matched_unique
DKR0549,S10,Begil Oğlu Emrenin boyu,boy,568.0,begil,Begil,kişi,begilin_karisi,Begilin Karısı,kişi,durumu anlattı,belirsiz,uncertain,UNCERTAIN,olay,1,nötr,yönlü,açık_ilişki,,10_begil_oglu_emrenin_boyu.csv,27,begil - begilin karısı (durumu anlattı),ok,durumu anlattı,matched_unique
DKR0550,S10,Begil Oğlu Emrenin boyu,boy,569.0,begilin_karisi,Begilin Karısı,kişi,karavas,Karavaş,kişi,begilin ayağının kırıldığını söyledi,belirsiz,uncertain,UNCERTAIN,olay,1,nötr,yönlü,açık_ilişki,,10_begil_oglu_emrenin_boyu.csv,28,begilin karısı - karavaş (begilin ayağının kırıldığını söyledi),ok,begilin ayağının kırıldığını söyledi,matched_unique
DKR0551,S10,Begil Oğlu Emrenin boyu,boy,570.0,karavas,Karavaş,kişi,kapici,Kapıcı,kişi,begilin ayağının kırıldığını söyledi,belirsiz,uncertain,UNCERTAIN,olay,1,nötr,yönlü,açık_ilişki,,10_begil_oglu_emrenin_boyu.csv,29,karavaş - kapıcı (begilin ayağının kırıldığını söyledi),ok,begilin ayağının kırıldığını söyledi,matched_unique
DKR0554,S10,Begil Oğlu Emrenin boyu,boy,573.0,kafirin_causu,Kafirin Causu,kişi,tekfur_begil_boyu,Tekfur (Begil Boyu),kişi,begil attan düşümüş ayağı kırılmış,belirsiz,uncertain,UNCERTAIN,olay,1,nötr,yönlü,açık_ilişki,,10_begil_oglu_emrenin_boyu.csv,30,kafirin causu - tekfur (begil attan düşümüş ayağı kırılmış),ok,begil attan düşümüş ayağı kırılmış,matched_unique
DKR0555,S10,Begil Oğlu Emrenin boyu,boy,574.0,tekfur_begil_boyu,Tekfur (Begil Boyu),kişi,tekfurun_askerleri,Tekfurun Askerleri,grup,"gidin begili, karısını, kızını esir alıp gelin",akrabalık,kinship,KINSHIP,akrabalık,5,pozitif,yönsüz,açık_ilişki,,10_begil_oglu_emrenin_boyu.csv,,"tekfur - askerleri (gidin begili, karısını, kızını esir alıp gelin)",ok,"gidin begili, karısını, kızını esir alıp gelin",unmatched_provenance_gap
DKR0556,S10,Begil Oğlu Emrenin boyu,boy,575.0,begilin_casusu,Begilin Casusu,kişi,begil,Begil,kişi,kafirler geliyor,destek/yardım,support,SOCIAL,olay,4,pozitif,yönlü,açık_ilişki,,10_begil_oglu_emrenin_boyu.csv,32,begilin casusu - begil (kafirler geliyor),ok,kafirler geliyor,matched_unique
DKR0558,S10,Begil Oğlu Emrenin boyu,boy,577.0,begil,Begil,kişi,emren,Emren,kişi,"git bayındır hana selam ver, beyler beyi kazan'ın elini öp, babam kazandan yardım diler, gelmezse memleket bozuluk harap olur",destek/yardım,support,SOCIAL,olay,4,pozitif,yönlü,açık_ilişki,,10_begil_oglu_emrenin_boyu.csv,33,"begil - emren (git bayındır hana selam ver, beyler beyi kazan'ın elini öp, babam kazandan yardım diler, gelmezse memleket bozuluk harap olur)",ok,"git bayındır hana selam ver, beyler beyi kazan'ın elini öp, babam kazandan yardım diler, gelmezse memleket bozuluk harap olur",matched_unique
DKR0559,S10,Begil Oğlu Emrenin boyu,boy,578.0,emren,Emren,kişi,begil,Begil,kişi,,ikna/müzakere,cooperation,SOCIAL,iletişim,3,nötr,yönlü,açık_ilişki,,10_begil_oglu_emrenin_boyu.csv,,emren - begil (bana zırhını ver düşmana karşı gideyim) ikna,ok,,unmatched_provenance_gap
DKR0560,S10,Begil Oğlu Emrenin boyu,boy,579.0,begil,Begil,kişi,emren,Emren,kişi,diy0; olur,diyalog_nötr,communication,SOCIAL,iletişim,2,nötr,yönlü,açık_ilişki,,10_begil_oglu_emrenin_boyu.csv,35,begil - emren (diy0; olur),ok,diy0; olur,matched_unique
DKR0562,S10,Begil Oğlu Emrenin boyu,boy,581.0,emren,Emren,kişi,anne_ve_babasi,Anne ve Babası,grup,,tören/ritüel,other,OTHER,iletişim,2,nötr,yönlü,açık_ilişki,,10_begil_oglu_emrenin_boyu.csv,,"emren - anne, babasının elini öpüp yola çıktı",ok,,unmatched_provenance_gap
DKR0564,S10,Begil Oğlu Emrenin boyu,boy,583.0,emren,Emren,kişi,300_asker,300 Asker,grup,emir; kafirin üstüne gidelim,otorite/emir,authority,AUTHORITY,otorite,3,nötr,yönlü,açık_ilişki,,10_begil_oglu_emrenin_boyu.csv,37,emren - 300 asker (emir; kafirin üstüne gidelim),ok,emir; kafirin üstüne gidelim,matched_unique
DKR0566,S10,Begil Oğlu Emrenin boyu,boy,585.0,tekfur_begil_boyu,Tekfur (Begil Boyu),kişi,kafirlere,Kafirlere,grup,gelen begilse sizden önce ben kaçarım,belirsiz,uncertain,UNCERTAIN,olay,1,nötr,yönlü,açık_ilişki,,10_begil_oglu_emrenin_boyu.csv,38,tekfur - kafirlere (gelen begilse sizden önce ben kaçarım),ok,gelen begilse sizden önce ben kaçarım,matched_unique
DKR0567,S10,Begil Oğlu Emrenin boyu,boy,586.0,kafir_gozcusu,Kafir Gözcüsü,kişi,kafir_ordusu,Kafir Ordusu,kişi,"at, silah, zırh begilin ama içindeki begil değil",belirsiz,uncertain,UNCERTAIN,olay,1,nötr,yönlü,açık_ilişki,,10_begil_oglu_emrenin_boyu.csv,39,"kafir gözcüsü - kafir ordusu (at, silah, zırh begilin ama içindeki begil değil)",ok,"at, silah, zırh begilin ama içindeki begil değil",matched_unique
DKR0568,S10,Begil Oğlu Emrenin boyu,boy,587.0,tekfur_begil_boyu,Tekfur (Begil Boyu),kişi,kafir,Kafir,kişi,emir; 100 adam çocuğun üstüne varsın; çocuk korkar kaçar,otorite/emir,authority,AUTHORITY,otorite,3,nötr,yönlü,açık_ilişki,,10_begil_oglu_emrenin_boyu.csv,40,tekfur - kafir (emir; 100 adam çocuğun üstüne varsın; çocuk korkar kaçar),ok,emir; 100 adam çocuğun üstüne varsın; çocuk korkar kaçar,matched_unique
DKR0569,S10,Begil Oğlu Emrenin boyu,boy,588.0,100_kafir,100 Kafir,kişi,emen,Emen,kişi,atışma,belirsiz,uncertain,UNCERTAIN,olay,1,nötr,yönlü,açık_ilişki,,10_begil_oglu_emrenin_boyu.csv,41,100 kafir - emen (atışma),ok,atışma,matched_unique
DKR0570,S10,Begil Oğlu Emrenin boyu,boy,589.0,tekfur_begil_boyu,Tekfur (Begil Boyu),kişi,kafir,Kafir,kişi,çocuk kimmiş sorun; emir,otorite/emir,authority,AUTHORITY,otorite,3,nötr,yönlü,açık_ilişki,,10_begil_oglu_emrenin_boyu.csv,42,tekfur - kafir (çocuk kimmiş sorun; emir),ok,çocuk kimmiş sorun; emir,matched_unique
DKR0571,S10,Begil Oğlu Emrenin boyu,boy,590.0,kafir,Kafir,kişi,emen,Emen,kişi,kimsin,belirsiz,uncertain,UNCERTAIN,olay,1,nötr,yönlü,açık_ilişki,,10_begil_oglu_emrenin_boyu.csv,43,kafir - emen (kimsin),ok,kimsin,matched_unique
DKR0572,S10,Begil Oğlu Emrenin boyu,boy,591.0,emen,Emen,kişi,kafir,Kafir,kişi,"begilin oğluyum, gel dövüşelim, yanlış yönlendirme; destek yok",akrabalık,kinship,KINSHIP,akrabalık,5,pozitif,yönsüz,açık_ilişki,,10_begil_oglu_emrenin_boyu.csv,44,"emen - kafir (begilin oğluyum, gel dövüşelim, yanlış yönlendirme; destek yok)",ok,"begilin oğluyum, gel dövüşelim, yanlış yönlendirme; destek yok",matched_unique
DKR0577,S10,Begil Oğlu Emrenin boyu,boy,596.0,alp_rustem,Alp Rüstem,kişi,duzen,Düzen,kişi,oğlu,akrabalık,kinship,KINSHIP,akrabalık,5,pozitif,yönsüz,çıkarımsal_akrabalık,,10_begil_oglu_emrenin_boyu.csv,45,düzen oğlu alp rüstem,ok,,matched_unique
DKR0579,S10,Begil Oğlu Emrenin boyu,boy,598.0,tekfur_begil_boyu,Tekfur (Begil Boyu),kişi,emren,Emren,kişi,ben sana geleyim (saldırdı); çatışma,çatışma,conflict,SOCIAL,çatışma,5,negatif,yönsüz,açık_ilişki,,10_begil_oglu_emrenin_boyu.csv,46,tekfur - emren (ben sana geleyim (saldırdı); çatışma),ok,ben sana geleyim (saldırdı); çatışma,matched_unique
DKR0580,S10,Begil Oğlu Emrenin boyu,boy,599.0,tekfur_begil_boyu,Tekfur (Begil Boyu),kişi,emren,Emren,kişi,at üzerinde dövüştüler emen zebun oldu,belirsiz,uncertain,UNCERTAIN,olay,1,nötr,yönlü,açık_ilişki,,10_begil_oglu_emrenin_boyu.csv,47,tekfur - emren (at üzerinde dövüştüler emen zebun oldu),ok,at üzerinde dövüştüler emen zebun oldu,matched_unique
DKR0581,S10,Begil Oğlu Emrenin boyu,boy,600.0,emen,Emen,kişi,tanri,Tanrı,mitolojik/ilahi,yalvarsa; bana güç kuvvet ver; meded,ikna/müzakere,cooperation,SOCIAL,iletişim,3,karışık,yönlü,açık_ilişki,,10_begil_oglu_emrenin_boyu.csv,48,emen - tanrı (yalvarsa; bana güç kuvvet ver; meded),ok,yalvarsa; bana güç kuvvet ver; meded,matched_unique
DKR0582,S10,Begil Oğlu Emrenin boyu,boy,601.0,tekfur_begil_boyu,Tekfur (Begil Boyu),kişi,emen,Emen,kişi,tanrı'na mı yalvarırsın? senin 1 tanrın varsa benim 72 puthanem var,ikna/müzakere,cooperation,SOCIAL,iletişim,3,karışık,yönlü,açık_ilişki,,10_begil_oglu_emrenin_boyu.csv,49,tekfur - emen (tanrı'na mı yalvarırsın? senin 1 tanrın varsa benim 72 puthanem var),ok,tanrı'na mı yalvarırsın? senin 1 tanrın varsa benim 72 puthanem var,matched_unique
DKR0583,S10,Begil Oğlu Emrenin boyu,boy,602.0,emren,Emren,kişi,tekfur_begil_boyu,Tekfur (Begil Boyu),kişi,ben Allahıma sığındım,belirsiz,uncertain,UNCERTAIN,olay,1,nötr,yönlü,açık_ilişki,,10_begil_oglu_emrenin_boyu.csv,50,emren - tekfur (ben Allahıma sığındım),ok,ben Allahıma sığındım,matched_unique
DKR0584,S10,Begil Oğlu Emrenin boyu,boy,603.0,tanri,Tanrı,mitolojik/ilahi,cebrail,Cebrail,kişi,emir; emrene 40 er kuvveti verdim,otorite/emir,authority,AUTHORITY,otorite,3,nötr,yönlü,açık_ilişki,,10_begil_oglu_emrenin_boyu.csv,51,tanrı - cebrail (emir; emrene 40 er kuvveti verdim),ok,emir; emrene 40 er kuvveti verdim,matched_unique
DKR0585,S10,Begil Oğlu Emrenin boyu,boy,604.0,emren,Emren,kişi,tekfur_begil_boyu,Tekfur (Begil Boyu),kişi,tekfuru yere vurdu,belirsiz,uncertain,UNCERTAIN,olay,1,nötr,yönlü,açık_ilişki,,10_begil_oglu_emrenin_boyu.csv,52,emren - tekfur (tekfuru yere vurdu),ok,tekfuru yere vurdu,matched_unique
DKR0586,S10,Begil Oğlu Emrenin boyu,boy,605.0,tekfur_begil_boyu,Tekfur (Begil Boyu),kişi,emren,Emren,kişi,"eman diledi, müslüman oldu",belirsiz,uncertain,UNCERTAIN,olay,1,nötr,yönlü,açık_ilişki,,10_begil_oglu_emrenin_boyu.csv,53,"tekfur - emren (eman diledi, müslüman oldu)",ok,"eman diledi, müslüman oldu",matched_unique
DKR0589,S10,Begil Oğlu Emrenin boyu,boy,608.0,emren,Emren,kişi,haberci,Haberci,kişi,emir; babama haber verin kazandım,otorite/emir,authority,AUTHORITY,otorite,3,nötr,yönlü,açık_ilişki,,10_begil_oglu_emrenin_boyu.csv,54,emren - haberci (emir; babama haber verin kazandım),ok,emir; babama haber verin kazandım,matched_unique
DKR0590,S10,Begil Oğlu Emrenin boyu,boy,609.0,begil,Begil,kişi,emren,Emren,kişi,"emreni karşıladı, sarıldı",destek/yardım,support,SOCIAL,olay,4,pozitif,yönlü,açık_ilişki,,10_begil_oglu_emrenin_boyu.csv,55,"begil - emren (emreni karşıladı, sarıldı)",ok,"emreni karşıladı, sarıldı",matched_unique
DKR0591,S10,Begil Oğlu Emrenin boyu,boy,610.0,begil,Begil,kişi,emren,Emren,kişi,"emrene yaylak verdi; atından tavla verdi, şölen verdi, gelin aldı",evlilik/bağlaşıklık,marriage_alliance,KINSHIP,akrabalık,5,pozitif,yönsüz,açık_ilişki,,10_begil_oglu_emrenin_boyu.csv,56,"begil - emren (emrene yaylak verdi; atından tavla verdi, şölen verdi, gelin aldı)",ok,"emrene yaylak verdi; atından tavla verdi, şölen verdi, gelin aldı",matched_unique
DKR0592,S10,Begil Oğlu Emrenin boyu,boy,611.0,begil,Begil,kişi,bayindir_han,Bayındır Han,kişi,bayındır hana pençik çıkardı,belirsiz,uncertain,UNCERTAIN,olay,1,nötr,yönlü,açık_ilişki,,10_begil_oglu_emrenin_boyu.csv,57,begil - bayındır han (bayındır hana pençik çıkardı),ok,bayındır hana pençik çıkardı,matched_unique
DKR0594,S10,Begil Oğlu Emrenin boyu,boy,613.0,uruzun_sag_yaninda_yer_gosterdi_cubbe_giydirdi,"Uruz'un Sağ Yanında Yer Gösterdi, Cübbe Giydirdi",kişi,bayindir_han_kazan,Bayındır Han Kazan,kişi,oğlu,akrabalık,kinship,KINSHIP,akrabalık,5,pozitif,yönsüz,çıkarımsal_akrabalık,,10_begil_oglu_emrenin_boyu.csv,58,"bayındır han kazan oğlu uruz'un sağ yanında yer gösterdi, cübbe giydirdi",ok,,matched_unique
DKR0597,S11,uşun koca oğlu seyrek boyu,boy,618.0,egrek,Egrek,kişi,usun_kocanin_buyuk,Uşun Kocanın Büyük,kişi,oğlu,akrabalık,kinship,KINSHIP,akrabalık,5,pozitif,yönsüz,çıkarımsal_akrabalık,,11_usun_koca_oglu_seyrek_boyu.csv,0,uşun kocanın büyük oğlu egrek,ok,,matched_unique
DKR0598,S11,uşun koca oğlu seyrek boyu,boy,619.0,segrek,Segrek,kişi,usun_kocanin_kucuk,Uşun Kocanın Küçük,kişi,oğlu,akrabalık,kinship,KINSHIP,akrabalık,5,pozitif,yönsüz,çıkarımsal_akrabalık,,11_usun_koca_oglu_seyrek_boyu.csv,1,uşun kocanın küçük oğlu segrek,ok,,matched_unique
DKR0600,S11,uşun koca oğlu seyrek boyu,boy,621.0,ters_uzamis,Ters Uzamış,kişi,egrek,Egrek,kişi,"buradaki her yiğit oturduğu yeri kendisi hak etti; sen baş mı kestin, kan mı döktün, aç mı doyurdun, çıplak mı giydirdin",belirsiz,uncertain,UNCERTAIN,olay,1,nötr,yönlü,açık_ilişki,,11_usun_koca_oglu_seyrek_boyu.csv,2,"ters uzamış - egrek (buradaki her yiğit oturduğu yeri kendisi hak etti; sen baş mı kestin, kan mı döktün, aç mı doyurdun, çıplak mı giydirdin)",ok,"buradaki her yiğit oturduğu yeri kendisi hak etti; sen baş mı kestin, kan mı döktün, aç mı doyurdun, çıplak mı giydirdin",matched_unique
DKR0601,S11,uşun koca oğlu seyrek boyu,boy,622.0,egrek,Egrek,kişi,ters_uzamis,Ters Uzamış,kişi,baş kesip kan dökmek hüner midir,belirsiz,uncertain,UNCERTAIN,olay,1,nötr,yönlü,açık_ilişki,,11_usun_koca_oglu_seyrek_boyu.csv,3,egrek - ters uzamış (baş kesip kan dökmek hüner midir),ok,baş kesip kan dökmek hüner midir,matched_unique
DKR0602,S11,uşun koca oğlu seyrek boyu,boy,623.0,ters_uzamis,Ters Uzamış,kişi,egrek,Egrek,kişi,evet hünerdir,belirsiz,uncertain,UNCERTAIN,olay,1,nötr,yönlü,açık_ilişki,,11_usun_koca_oglu_seyrek_boyu.csv,4,ters uzamış - egrek (evet hünerdir),ok,evet hünerdir,matched_unique
DKR0604,S11,uşun koca oğlu seyrek boyu,boy,625.0,egrek,Egrek,kişi,salur_kazan,Salur Kazan,kişi,akın diledi,belirsiz,uncertain,UNCERTAIN,olay,1,nötr,yönlü,açık_ilişki,,11_usun_koca_oglu_seyrek_boyu.csv,5,egrek - kazan (akın diledi),ok,akın diledi,matched_unique
DKR0605,S11,uşun koca oğlu seyrek boyu,boy,626.0,salur_kazan,Salur Kazan,kişi,egrek,Egrek,kişi,akın verdi,belirsiz,uncertain,UNCERTAIN,olay,1,nötr,yönlü,açık_ilişki,,11_usun_koca_oglu_seyrek_boyu.csv,6,kazan - egrek (akın verdi),ok,akın verdi,matched_unique
DKR0606,S11,uşun koca oğlu seyrek boyu,boy,627.0,egrek,Egrek,kişi,300_akinci,300 Akıncı,kişi,meyhanede yeme içme,belirsiz,uncertain,UNCERTAIN,olay,1,nötr,yönlü,açık_ilişki,,11_usun_koca_oglu_seyrek_boyu.csv,7,egrek - 300 akıncı (meyhanede yeme içme),ok,meyhanede yeme içme,matched_unique
DKR0608,S11,uşun koca oğlu seyrek boyu,boy,629.0,kara_tekfurun_casusu,Kara Tekfurun Casusu,kişi,kara_tekfur,Kara Tekfur,kişi,"oğuzdan 1 bölük adam geldi, saldırın",çatışma,conflict,SOCIAL,çatışma,5,negatif,yönsüz,açık_ilişki,,11_usun_koca_oglu_seyrek_boyu.csv,8,"kara tekfurun casusu - kara tekfur (oğuzdan 1 bölük adam geldi, saldırın)",ok,"oğuzdan 1 bölük adam geldi, saldırın",matched_unique
DKR0609,S11,uşun koca oğlu seyrek boyu,boy,630.0,600_kafir,600 Kafir,kişi,egrek_ve_300_akinci,Egrek ve 300 Akıncı,grup,"çatışma, egrek esir oldu",çatışma,conflict,SOCIAL,çatışma,5,negatif,yönsüz,açık_ilişki,,11_usun_koca_oglu_seyrek_boyu.csv,9,"600 kafir - egrek ve 300 akıncı (çatışma, egrek esir oldu)",ok,"çatışma, egrek esir oldu",matched_unique
DKR0613,S11,uşun koca oğlu seyrek boyu,boy,634.0,segrek,Segrek,kişi,cekisen_oksuzle_diger_cocugu_ayirig_tokat_atti,Çekişen Öksüzle Diğer Çocuğu Ayırığ Tokat Attı,kişi,,belirsiz,uncertain,UNCERTAIN,olay,1,nötr,yönlü,açık_ilişki,,11_usun_koca_oglu_seyrek_boyu.csv,,segrek - çekişen öksüzle diğer çocuğu ayırığ tokat attı,ok,,unmatched_provenance_gap
DKR0614,S11,uşun koca oğlu seyrek boyu,boy,635.0,oksuz_cocuk,Öksüz Çocuk,kişi,segrek,Segrek,kişi,"bize ne vurursun, hünerin varsa abini kurtar",destek/yardım,support,SOCIAL,olay,4,pozitif,yönlü,açık_ilişki,,11_usun_koca_oglu_seyrek_boyu.csv,11,"öksüz çocuk - segrek (bize ne vurursun, hünerin varsa abini kurtar)",ok,"bize ne vurursun, hünerin varsa abini kurtar",matched_unique
DKR0615,S11,uşun koca oğlu seyrek boyu,boy,636.0,segrek,Segrek,kişi,oksuz_cocuk,Öksüz Çocuk,kişi,abimin adı nedir,belirsiz,uncertain,UNCERTAIN,olay,1,nötr,yönlü,açık_ilişki,,11_usun_koca_oglu_seyrek_boyu.csv,12,segrek - öksüz çocuk (abimin adı nedir),ok,abimin adı nedir,matched_unique
DKR0616,S11,uşun koca oğlu seyrek boyu,boy,637.0,oksuz_cocuk,Öksüz Çocuk,kişi,segrek,Segrek,kişi,ismi egrektir,belirsiz,uncertain,UNCERTAIN,olay,1,nötr,yönlü,açık_ilişki,,11_usun_koca_oglu_seyrek_boyu.csv,13,öksüz çocuk - segrek (ismi egrektir),ok,ismi egrektir,matched_unique
DKR0619,S11,uşun koca oğlu seyrek boyu,boy,640.0,segrek,Segrek,kişi,annesi,Annesi,kişi,neden abimi benden sakladınız - sitem,belirsiz,uncertain,UNCERTAIN,olay,1,nötr,yönlü,açık_ilişki,,11_usun_koca_oglu_seyrek_boyu.csv,14,segrek - annesi (neden abimi benden sakladınız - sitem),ok,neden abimi benden sakladınız - sitem,matched_unique
DKR0620,S11,uşun koca oğlu seyrek boyu,boy,641.0,annesi,Annesi,kişi,segrek,Segrek,kişi,oğuz beyleri izin verirse git ama yanlış haberdir,belirsiz,uncertain,UNCERTAIN,olay,1,nötr,yönlü,açık_ilişki,,11_usun_koca_oglu_seyrek_boyu.csv,15,annesi - segrek (oğuz beyleri izin verirse git ama yanlış haberdir),ok,oğuz beyleri izin verirse git ama yanlış haberdir,matched_unique
DKR0621,S11,uşun koca oğlu seyrek boyu,boy,642.0,segrek,Segrek,kişi,annesi,Annesi,kişi,"annem olmasaydın seni öldürürdüm, ben adimi almadan oğuz içinde duramam",belirsiz,uncertain,UNCERTAIN,olay,1,nötr,yönlü,açık_ilişki,,11_usun_koca_oglu_seyrek_boyu.csv,16,"segrek - annesi (annem olmasaydın seni öldürürdüm, ben adimi almadan oğuz içinde duramam)",ok,"annem olmasaydın seni öldürürdüm, ben adimi almadan oğuz içinde duramam",matched_unique
DKR0622,S11,uşun koca oğlu seyrek boyu,boy,643.0,usun_koca,Uşun Koca,kişi,segerk,Segerk,kişi,"yanlış haberdir, gitme oğul",belirsiz,uncertain,UNCERTAIN,olay,1,nötr,yönlü,açık_ilişki,,11_usun_koca_oglu_seyrek_boyu.csv,17,"uşun koca - segerk (yanlış haberdir, gitme oğul)",ok,"yanlış haberdir, gitme oğul",matched_unique
DKR0623,S11,uşun koca oğlu seyrek boyu,boy,644.0,segrek,Segrek,kişi,usun_koca,Uşun Koca,kişi,esen kalın ben gideceğim,belirsiz,uncertain,UNCERTAIN,olay,1,nötr,yönlü,açık_ilişki,,11_usun_koca_oglu_seyrek_boyu.csv,18,segrek - uşun koca (esen kalın ben gideceğim),ok,esen kalın ben gideceğim,matched_unique
DKR0624,S11,uşun koca oğlu seyrek boyu,boy,645.0,anne_ve_babasi,Anne ve Babası,grup,segrek,Segrek,kişi,"yanlış haber, gitme oğul; segrek gideceğim",belirsiz,uncertain,UNCERTAIN,olay,1,nötr,yönlü,açık_ilişki,,11_usun_koca_oglu_seyrek_boyu.csv,,"anne babası - segrek (yanlış haber, gitme oğul; segrek gideceğim)",ok,"yanlış haber, gitme oğul; segrek gideceğim",unmatched_provenance_gap
DKR0625,S11,uşun koca oğlu seyrek boyu,boy,646.0,usun_koca_ve_karisi,Uşun Koca ve Karısı,grup,salur_kazan,Salur Kazan,kişi,haberci gönderdiler; abisi ardına gider bize ne öğüt verirsin kazan,akrabalık,kinship,KINSHIP,akrabalık,5,pozitif,yönsüz,açık_ilişki,,11_usun_koca_oglu_seyrek_boyu.csv,20,uşun koca ve karısı - kazan (haberci gönderdiler; abisi ardına gider bize ne öğüt verirsin kazan),ok,haberci gönderdiler; abisi ardına gider bize ne öğüt verirsin kazan,matched_unique
DKR0626,S11,uşun koca oğlu seyrek boyu,boy,647.0,salur_kazan,Salur Kazan,kişi,usun_koca_ve_karisi,Uşun Koca ve Karısı,grup,ayağına at tuzağı vurun,belirsiz,uncertain,UNCERTAIN,olay,1,nötr,yönlü,açık_ilişki,,11_usun_koca_oglu_seyrek_boyu.csv,21,kazan - uşun koca ve karısı (ayağına at tuzağı vurun),ok,ayağına at tuzağı vurun,matched_unique
DKR0628,S11,uşun koca oğlu seyrek boyu,boy,649.0,segrek,Segrek,kişi,karisi,Karısı,kişi,gerdekte kılıcını karısıyla arasına koydu,akrabalık,kinship,KINSHIP,akrabalık,5,pozitif,yönsüz,açık_ilişki,,11_usun_koca_oglu_seyrek_boyu.csv,22,segrek - karısı (gerdekte kılıcını karısıyla arasına koydu),ok,gerdekte kılıcını karısıyla arasına koydu,matched_unique
DKR0629,S11,uşun koca oğlu seyrek boyu,boy,650.0,karisi,Karısı,kişi,segrek,Segrek,kişi,kılıcı çek aradan,belirsiz,uncertain,UNCERTAIN,olay,1,nötr,yönlü,açık_ilişki,,11_usun_koca_oglu_seyrek_boyu.csv,23,karısı - segrek (kılıcı çek aradan),ok,kılıcı çek aradan,matched_unique
DKR0630,S11,uşun koca oğlu seyrek boyu,boy,651.0,segrek,Segrek,kişi,karisi,Karısı,kişi,"abim sağsa kurtarmadan, ölüyse öücünü almadan gerdeğe girmem",destek/yardım,support,SOCIAL,olay,4,pozitif,yönlü,açık_ilişki,,11_usun_koca_oglu_seyrek_boyu.csv,24,"segrek - karısı (abim sağsa kurtarmadan, ölüyse öücünü almadan gerdeğe girmem)",ok,"abim sağsa kurtarmadan, ölüyse öücünü almadan gerdeğe girmem",matched_unique
DKR0632,S11,uşun koca oğlu seyrek boyu,boy,653.0,segrek,Segrek,kişi,karisina,Karısına,kişi,"beni 3 yıl bekle, gelmezsem ölümüşümdür, atımı kes yemek ver; gözün kimi tutarsa onunla evlen",tören/ritüel,other,OTHER,olay,2,pozitif,yönlü,açık_ilişki,,11_usun_koca_oglu_seyrek_boyu.csv,25,"segrek - karısına (beni 3 yıl bekle, gelmezsem ölümüşümdür, atımı kes yemek ver; gözün kimi tutarsa onunla evlen)",ok,"beni 3 yıl bekle, gelmezsem ölümüşümdür, atımı kes yemek ver; gözün kimi tutarsa onunla evlen",matched_unique
DKR0633,S11,uşun koca oğlu seyrek boyu,boy,654.0,karisi,Karısı,kişi,segrek,Segrek,kişi,"ben seni 6 yıl beklerim, murad ver, murad al öyle git",belirsiz,uncertain,UNCERTAIN,olay,1,nötr,yönlü,açık_ilişki,,11_usun_koca_oglu_seyrek_boyu.csv,26,"karısı - segrek (ben seni 6 yıl beklerim, murad ver, murad al öyle git)",ok,"ben seni 6 yıl beklerim, murad ver, murad al öyle git",matched_unique
DKR0634,S11,uşun koca oğlu seyrek boyu,boy,655.0,segrek,Segrek,kişi,karisi,Karısı,kişi,yemin ettim dönmem,belirsiz,uncertain,UNCERTAIN,olay,1,nötr,yönlü,açık_ilişki,,11_usun_koca_oglu_seyrek_boyu.csv,27,segrek - karısı (yemin ettim dönmem),ok,yemin ettim dönmem,matched_unique
DKR0636,S11,uşun koca oğlu seyrek boyu,boy,657.0,segrekin_karisi,Segrekin Karısı,kişi,kayin_ata_kayin_anasi,Kayın Ata - Kayın Anası,kişi,segrek gidiyor,belirsiz,uncertain,UNCERTAIN,olay,1,nötr,yönlü,açık_ilişki,,11_usun_koca_oglu_seyrek_boyu.csv,28,segrekin karısı - kayın ata - kayın anası (segrek gidiyor),ok,segrek gidiyor,matched_unique
DKR0638,S11,uşun koca oğlu seyrek boyu,boy,659.0,segrek,Segrek,kişi,6_kafir,6 Kafir,kişi,"çatışma, segrek galip",çatışma,conflict,SOCIAL,çatışma,5,negatif,yönsüz,açık_ilişki,,11_usun_koca_oglu_seyrek_boyu.csv,29,"segrek - 6 kafir (çatışma, segrek galip)",ok,"çatışma, segrek galip",matched_unique
DKR0640,S11,uşun koca oğlu seyrek boyu,boy,661.0,tekfurun_casusu,Tekfurun Casusu,kişi,tekfur_segrek_boyu,Tekfur (Segrek Boyu),kişi,segrekin yaptıklarını anlattı,belirsiz,uncertain,UNCERTAIN,olay,1,nötr,yönlü,açık_ilişki,,11_usun_koca_oglu_seyrek_boyu.csv,30,tekfurun casusu - tekfur (segrekin yaptıklarını anlattı),ok,segrekin yaptıklarını anlattı,matched_unique
DKR0642,S11,uşun koca oğlu seyrek boyu,boy,663.0,segrek,Segrek,kişi,60_kafir,60 Kafir,kişi,"at ürktü segrek uyandı, segrek kafiri biçti, çatışma",çatışma,conflict,SOCIAL,çatışma,5,negatif,yönsüz,açık_ilişki,,11_usun_koca_oglu_seyrek_boyu.csv,31,"segrek - 60 kafir (at ürktü segrek uyandı, segrek kafiri biçti, çatışma)",ok,"at ürktü segrek uyandı, segrek kafiri biçti, çatışma",matched_unique
DKR0643,S11,uşun koca oğlu seyrek boyu,boy,664.0,kafirler_segrek_boyu,Kafirler (Segrek Boyu),grup,tekfur_segrek_boyu,Tekfur (Segrek Boyu),kişi,yenildik,belirsiz,uncertain,UNCERTAIN,olay,1,nötr,yönlü,açık_ilişki,,11_usun_koca_oglu_seyrek_boyu.csv,32,kafirler - tekfur (yenildik),ok,yenildik,matched_unique
DKR0644,S11,uşun koca oğlu seyrek boyu,boy,665.0,tekfur_segrek_boyu,Tekfur (Segrek Boyu),kişi,kafirler_segrek_boyu,Kafirler (Segrek Boyu),grup,azarlama; emir 100 kişi gidin,otorite/emir,authority,AUTHORITY,otorite,3,nötr,yönlü,açık_ilişki,,11_usun_koca_oglu_seyrek_boyu.csv,33,tekfur - kafirler (azarlama; emir 100 kişi gidin),ok,azarlama; emir 100 kişi gidin,matched_unique
DKR0645,S11,uşun koca oğlu seyrek boyu,boy,666.0,segrek,Segrek,kişi,100_kafir,100 Kafir,kişi,"at segreki uyandırdı; segrek kafiri biçti, çatışma",çatışma,conflict,SOCIAL,çatışma,5,negatif,yönsüz,açık_ilişki,,11_usun_koca_oglu_seyrek_boyu.csv,34,"segrek - 100 kafir (at segreki uyandırdı; segrek kafiri biçti, çatışma)",ok,"at segreki uyandırdı; segrek kafiri biçti, çatışma",matched_unique
DKR0646,S11,uşun koca oğlu seyrek boyu,boy,667.0,tekfur_segrek_boyu,Tekfur (Segrek Boyu),kişi,kafirler_segrek_boyu,Kafirler (Segrek Boyu),grup,300 kişi gidin bu kez,belirsiz,uncertain,UNCERTAIN,olay,1,nötr,yönlü,açık_ilişki,,11_usun_koca_oglu_seyrek_boyu.csv,35,tekfur - kafirler (300 kişi gidin bu kez),ok,300 kişi gidin bu kez,matched_unique
DKR0647,S11,uşun koca oğlu seyrek boyu,boy,668.0,kafirler_segrek_boyu,Kafirler (Segrek Boyu),grup,tekfur_segrek_boyu,Tekfur (Segrek Boyu),kişi,"olmaz, hepimizin kökünü keser",belirsiz,uncertain,UNCERTAIN,olay,1,nötr,yönlü,açık_ilişki,,11_usun_koca_oglu_seyrek_boyu.csv,36,"kafirler - tekfur (olmaz, hepimizin kökünü keser)",ok,"olmaz, hepimizin kökünü keser",matched_unique
DKR0648,S11,uşun koca oğlu seyrek boyu,boy,669.0,tekfur_segrek_boyu,Tekfur (Segrek Boyu),kişi,kafirler_segrek_boyu,Kafirler (Segrek Boyu),grup,"tutsak olan egreki çıkarın, adamın üstüne salın",belirsiz,uncertain,UNCERTAIN,olay,1,nötr,yönlü,açık_ilişki,,11_usun_koca_oglu_seyrek_boyu.csv,37,"tekfur - kafirler (tutsak olan egreki çıkarın, adamın üstüne salın)",ok,"tutsak olan egreki çıkarın, adamın üstüne salın",matched_unique
DKR0649,S11,uşun koca oğlu seyrek boyu,boy,670.0,kafirler_segrek_boyu,Kafirler (Segrek Boyu),grup,egrek,Egrek,kişi,"tekfur sana himmet eyledi, bir adam var, yolcunun çobanın çoluğun ekmeğini alır, onu öldür seni bırakalım",belirsiz,uncertain,UNCERTAIN,olay,1,nötr,yönlü,açık_ilişki,,11_usun_koca_oglu_seyrek_boyu.csv,38,"kafirler - egrek (tekfur sana himmet eyledi, bir adam var, yolcunun çobanın çoluğun ekmeğini alır, onu öldür seni bırakalım)",ok,"tekfur sana himmet eyledi, bir adam var, yolcunun çobanın çoluğun ekmeğini alır, onu öldür seni bırakalım",matched_unique
DKR0650,S11,uşun koca oğlu seyrek boyu,boy,671.0,egrek,Egrek,kişi,kafirler_segrek_boyu,Kafirler (Segrek Boyu),grup,olur,belirsiz,uncertain,UNCERTAIN,olay,1,nötr,yönlü,açık_ilişki,,11_usun_koca_oglu_seyrek_boyu.csv,39,egrek - kafirler (olur),ok,olur,matched_unique
DKR0651,S11,uşun koca oğlu seyrek boyu,boy,672.0,300_kafir,300 Kafir,kişi,egreke_yol_gosterdi,Egreke Yol Gösterdi,kişi,,belirsiz,uncertain,UNCERTAIN,olay,1,nötr,yönlü,açık_ilişki,,11_usun_koca_oglu_seyrek_boyu.csv,,300 kafir - egreke yol gösterdi,ok,,unmatched_provenance_gap
DKR0652,S11,uşun koca oğlu seyrek boyu,boy,673.0,egrek,Egrek,kişi,300_kafir,300 Kafir,kişi,nerede deli yiğit,belirsiz,uncertain,UNCERTAIN,olay,1,nötr,yönlü,açık_ilişki,,11_usun_koca_oglu_seyrek_boyu.csv,41,egrek - 300 kafir (nerede deli yiğit),ok,nerede deli yiğit,matched_unique
DKR0653,S11,uşun koca oğlu seyrek boyu,boy,674.0,300_kafir,300 Kafir,kişi,egrek,Egrek,kişi,buradadır,belirsiz,uncertain,UNCERTAIN,olay,1,nötr,yönlü,açık_ilişki,,11_usun_koca_oglu_seyrek_boyu.csv,42,300 kafir - egrek (buradadır),ok,buradadır,matched_unique
DKR0654,S11,uşun koca oğlu seyrek boyu,boy,675.0,egrek,Egrek,kişi,300_kafir,300 Kafir,kişi,hadi gelin tutalım,evlilik/bağlaşıklık,marriage_alliance,KINSHIP,akrabalık,5,pozitif,yönsüz,açık_ilişki,,11_usun_koca_oglu_seyrek_boyu.csv,43,egrek - 300 kafir (hadi gelin tutalım),ok,hadi gelin tutalım,matched_unique
DKR0655,S11,uşun koca oğlu seyrek boyu,boy,676.0,300_kafir,300 Kafir,kişi,egrek,Egrek,kişi,tekfurdan sana emir verildi; sen git,otorite/emir,authority,AUTHORITY,otorite,3,nötr,yönlü,açık_ilişki,,11_usun_koca_oglu_seyrek_boyu.csv,44,300 kafir - egrek (tekfurdan sana emir verildi; sen git),ok,tekfurdan sana emir verildi; sen git,matched_unique
DKR0656,S11,uşun koca oğlu seyrek boyu,boy,677.0,egrek,Egrek,kişi,300_kafir,300 Kafir,kişi,uyurken yakalayayım,belirsiz,uncertain,UNCERTAIN,olay,1,nötr,yönlü,açık_ilişki,,11_usun_koca_oglu_seyrek_boyu.csv,45,egrek - 300 kafir (uyurken yakalayayım),ok,uyurken yakalayayım,matched_unique
DKR0657,S11,uşun koca oğlu seyrek boyu,boy,678.0,300_kafir,300 Kafir,kişi,egrek,Egrek,kişi,"uyumaz, koltuğunun altından bakar",belirsiz,uncertain,UNCERTAIN,olay,1,nötr,yönlü,açık_ilişki,,11_usun_koca_oglu_seyrek_boyu.csv,46,"300 kafir - egrek (uyumaz, koltuğunun altından bakar)",ok,"uyumaz, koltuğunun altından bakar",matched_unique
DKR0658,S11,uşun koca oğlu seyrek boyu,boy,679.0,egrek,Egrek,kişi,300_kafir,300 Kafir,kişi,ben yakalar gelirim,belirsiz,uncertain,UNCERTAIN,olay,1,nötr,yönlü,açık_ilişki,,11_usun_koca_oglu_seyrek_boyu.csv,47,egrek - 300 kafir (ben yakalar gelirim),ok,ben yakalar gelirim,matched_unique
DKR0659,S11,uşun koca oğlu seyrek boyu,boy,680.0,egrek,Egrek,kişi,segrek,Segrek,kişi,segrekin belinden kopuzu çıkardı - segreki uyandırdı,belirsiz,uncertain,UNCERTAIN,olay,1,nötr,yönlü,açık_ilişki,,11_usun_koca_oglu_seyrek_boyu.csv,48,egrek - segrek (segrekin belinden kopuzu çıkardı - segreki uyandırdı),ok,segrekin belinden kopuzu çıkardı - segreki uyandırdı,matched_unique
DKR0660,S11,uşun koca oğlu seyrek boyu,boy,681.0,segrek,Segrek,kişi,egrek,Egrek,kişi,gerginlik; birbirlerinin kardeş olduklarını anlama,belirsiz,uncertain,UNCERTAIN,olay,1,nötr,yönlü,açık_ilişki,,11_usun_koca_oglu_seyrek_boyu.csv,49,segrek - egrek (gerginlik; birbirlerinin kardeş olduklarını anlama),ok,gerginlik; birbirlerinin kardeş olduklarını anlama,matched_unique
DKR0661,S11,uşun koca oğlu seyrek boyu,boy,682.0,segrek,Segrek,kişi,egrek,Egrek,kişi,segrek abisinin elini öptü; koklaştılar,akrabalık,kinship,KINSHIP,akrabalık,5,pozitif,yönsüz,açık_ilişki,,11_usun_koca_oglu_seyrek_boyu.csv,50,segrek - egrek (segrek abisinin elini öptü; koklaştılar),ok,segrek abisinin elini öptü; koklaştılar,matched_unique
DKR0663,S11,uşun koca oğlu seyrek boyu,boy,684.0,egrek_ve_segrek,Egrek ve Segrek,grup,300_kafir,300 Kafir,kişi,çatışma/ egrek ve segrek düşmanı yendi,çatışma,conflict,SOCIAL,çatışma,5,negatif,yönsüz,açık_ilişki,,11_usun_koca_oglu_seyrek_boyu.csv,51,egrek ve segrek - 300 kafir (çatışma/ egrek ve segrek düşmanı yendi),ok,çatışma/ egrek ve segrek düşmanı yendi,matched_unique
DKR0664,S11,uşun koca oğlu seyrek boyu,boy,685.0,segrek,Segrek,kişi,haberci,Haberci,kişi,babama söyleyin bizi karşılasın,belirsiz,uncertain,UNCERTAIN,olay,1,nötr,yönlü,açık_ilişki,,11_usun_koca_oglu_seyrek_boyu.csv,52,segrek - haberci (babama söyleyin bizi karşılasın),ok,babama söyleyin bizi karşılasın,matched_unique
DKR0665,S11,uşun koca oğlu seyrek boyu,boy,686.0,haberci,Haberci,kişi,usun_koca,Uşun Koca,kişi,oğulların geliyor,belirsiz,uncertain,UNCERTAIN,olay,1,nötr,yönlü,açık_ilişki,,11_usun_koca_oglu_seyrek_boyu.csv,53,haberci - uşun koca (oğulların geliyor),ok,oğulların geliyor,matched_unique
DKR0669,S12,Salur Kazan'ın tutsak olup oğlu uruz'un kurtardığı boy,boy,692.0,trabzon_tekfuru,Trabzon Tekfuru,kişi,salur_kazan,Salur Kazan,kişi,şahin hediyesi verdi,ödül/değişim,cooperation,SOCIAL,otorite,3,pozitif,yönlü,açık_ilişki,,12_salur_kazanin_tutsak_olup_oglu_uruzun_kurtardigi_boy.csv,0,trabzon tekfuru - kazan (şahin hediyesi verdi),ok,şahin hediyesi verdi,matched_unique
DKR0671,S12,Salur Kazan'ın tutsak olup oğlu uruz'un kurtardığı boy,boy,694.0,salur_kazan,Salur Kazan,kişi,beyler_uruz_kurtarma_boyu,Beyler (Uruz Kurtarma Boyu),grup,şahini takip ettiler,belirsiz,uncertain,UNCERTAIN,olay,1,nötr,yönlü,açık_ilişki,,12_salur_kazanin_tutsak_olup_oglu_uruzun_kurtardigi_boy.csv,1,kazan - beyler (şahini takip ettiler),ok,şahini takip ettiler,matched_unique
DKR0672,S12,Salur Kazan'ın tutsak olup oğlu uruz'un kurtardığı boy,boy,695.0,salur_kazan,Salur Kazan,kişi,beyler_uruz_kurtarma_boyu,Beyler (Uruz Kurtarma Boyu),grup,biraz yatalım - kazano küçücük ölüm tuttu,belirsiz,uncertain,UNCERTAIN,olay,1,nötr,yönlü,açık_ilişki,,12_salur_kazanin_tutsak_olup_oglu_uruzun_kurtardigi_boy.csv,2,kazan - beyler (biraz yatalım - kazano küçücük ölüm tuttu),ok,biraz yatalım - kazano küçücük ölüm tuttu,matched_unique
DKR0674,S12,Salur Kazan'ın tutsak olup oğlu uruz'un kurtardığı boy,boy,697.0,tekfurun_casusu,Tekfurun Casusu,kişi,tekfur_uruz_kurtarma_boyu,Tekfur (Uruz Kurtarma Boyu),kişi,"kazan ve adamları koruya geldiler, uyudular",belirsiz,uncertain,UNCERTAIN,olay,1,nötr,yönlü,açık_ilişki,,12_salur_kazanin_tutsak_olup_oglu_uruzun_kurtardigi_boy.csv,3,"tekfurun casusu - tekfur (kazan ve adamları koruya geldiler, uyudular)",ok,"kazan ve adamları koruya geldiler, uyudular",matched_unique
DKR0675,S12,Salur Kazan'ın tutsak olup oğlu uruz'un kurtardığı boy,boy,698.0,tekfur_uruz_kurtarma_boyu,Tekfur (Uruz Kurtarma Boyu),kişi,tekfurun_adamlari,Tekfurun Adamları,grup,emir; bunların kim olduğunu öğrenin,otorite/emir,authority,AUTHORITY,otorite,3,nötr,yönlü,açık_ilişki,,12_salur_kazanin_tutsak_olup_oglu_uruzun_kurtardigi_boy.csv,4,tekfur - tekfurun adamları (emir; bunların kim olduğunu öğrenin),ok,emir; bunların kim olduğunu öğrenin,matched_unique
DKR0676,S12,Salur Kazan'ın tutsak olup oğlu uruz'un kurtardığı boy,boy,699.0,tekfurun_adamlari,Tekfurun Adamları,grup,tekfur_uruz_kurtarma_boyu,Tekfur (Uruz Kurtarma Boyu),kişi,gelenler oğuzdan,belirsiz,uncertain,UNCERTAIN,olay,1,nötr,yönlü,açık_ilişki,,12_salur_kazanin_tutsak_olup_oglu_uruzun_kurtardigi_boy.csv,5,tekfurun adamları - tekfur (gelenler oğuzdan),ok,gelenler oğuzdan,matched_unique
DKR0677,S12,Salur Kazan'ın tutsak olup oğlu uruz'un kurtardığı boy,boy,700.0,tekfur_uruz_kurtarma_boyu,Tekfur (Uruz Kurtarma Boyu),kişi,tekfurun_adamlari,Tekfurun Adamları,grup,kazan ve askerlerinin üzerine yürüdü,belirsiz,uncertain,UNCERTAIN,olay,1,nötr,yönlü,açık_ilişki,,12_salur_kazanin_tutsak_olup_oglu_uruzun_kurtardigi_boy.csv,6,tekfur - tekfurun adamları (kazan ve askerlerinin üzerine yürüdü),ok,kazan ve askerlerinin üzerine yürüdü,matched_unique
DKR0679,S12,Salur Kazan'ın tutsak olup oğlu uruz'un kurtardığı boy,boy,702.0,kazanin_askerleri,Kazanın Askerleri,grup,tekfurun_askerleri,Tekfurun Askerleri,grup,çatışma; kazanın 25 askeri şehit oldu,çatışma,conflict,SOCIAL,çatışma,5,negatif,yönsüz,açık_ilişki,,12_salur_kazanin_tutsak_olup_oglu_uruzun_kurtardigi_boy.csv,7,kazanın askerleri - tekfurun askerleri (çatışma; kazanın 25 askeri şehit oldu),ok,çatışma; kazanın 25 askeri şehit oldu,matched_unique
DKR0680,S12,Salur Kazan'ın tutsak olup oğlu uruz'un kurtardığı boy,boy,703.0,tekfurun_askerleri,Tekfurun Askerleri,grup,salur_kazan,Salur Kazan,kişi,kazan esir alındı,çatışma,conflict,SOCIAL,çatışma,5,negatif,yönsüz,açık_ilişki,,12_salur_kazanin_tutsak_olup_oglu_uruzun_kurtardigi_boy.csv,8,tekfurun askerleri - kazan (kazan esir alındı),ok,kazan esir alındı,matched_unique
DKR0681,S12,Salur Kazan'ın tutsak olup oğlu uruz'un kurtardığı boy,boy,704.0,salur_kazan,Salur Kazan,kişi,kafirler_uruz_kurtarma_boyu,Kafirler (Uruz Kurtarma Boyu),grup,uyandı - dalga geçti,belirsiz,uncertain,UNCERTAIN,olay,1,nötr,yönlü,açık_ilişki,,12_salur_kazanin_tutsak_olup_oglu_uruzun_kurtardigi_boy.csv,9,kazan - kafirler (uyandı - dalga geçti),ok,uyandı - dalga geçti,matched_unique
DKR0682,S12,Salur Kazan'ın tutsak olup oğlu uruz'un kurtardığı boy,boy,705.0,kafirler_uruz_kurtarma_boyu,Kafirler (Uruz Kurtarma Boyu),grup,salur_kazan,Salur Kazan,kişi,ne gülersin,belirsiz,uncertain,UNCERTAIN,olay,1,nötr,yönlü,açık_ilişki,,12_salur_kazanin_tutsak_olup_oglu_uruzun_kurtardigi_boy.csv,10,kafirler - kazan (ne gülersin),ok,ne gülersin,matched_unique
DKR0683,S12,Salur Kazan'ın tutsak olup oğlu uruz'un kurtardığı boy,boy,706.0,salur_kazan,Salur Kazan,kişi,kafirler_uruz_kurtarma_boyu,Kafirler (Uruz Kurtarma Boyu),grup,"arabayı beşik, sizi dadım zannettim; dalga geçme",belirsiz,uncertain,UNCERTAIN,olay,1,nötr,yönlü,açık_ilişki,,12_salur_kazanin_tutsak_olup_oglu_uruzun_kurtardigi_boy.csv,11,"kazan - kafirler (arabayı beşik, sizi dadım zannettim; dalga geçme)",ok,"arabayı beşik, sizi dadım zannettim; dalga geçme",matched_unique
DKR0684,S12,Salur Kazan'ın tutsak olup oğlu uruz'un kurtardığı boy,boy,707.0,kafirler_uruz_kurtarma_boyu,Kafirler (Uruz Kurtarma Boyu),grup,salur_kazan,Salur Kazan,kişi,kazanı tomanın kalesinde kuyuya attılar,belirsiz,uncertain,UNCERTAIN,olay,1,nötr,yönlü,açık_ilişki,,12_salur_kazanin_tutsak_olup_oglu_uruzun_kurtardigi_boy.csv,12,kafirler - kazan (kazanı tomanın kalesinde kuyuya attılar),ok,kazanı tomanın kalesinde kuyuya attılar,matched_unique
DKR0686,S12,Salur Kazan'ın tutsak olup oğlu uruz'un kurtardığı boy,boy,709.0,tekfurun_karisi,Tekfurun Karısı,kişi,zindanci,Zindancı,kişi,emir; kapıyı aç,otorite/emir,authority,AUTHORITY,otorite,3,nötr,yönlü,açık_ilişki,,12_salur_kazanin_tutsak_olup_oglu_uruzun_kurtardigi_boy.csv,13,tekfurun karısı - zindancı (emir; kapıyı aç),ok,emir; kapıyı aç,matched_unique
DKR0687,S12,Salur Kazan'ın tutsak olup oğlu uruz'un kurtardığı boy,boy,710.0,tekfurun_karisi,Tekfurun Karısı,kişi,salur_kazan,Salur Kazan,kişi,"ne durumdasın, ne yiyip içer, neye binersin",belirsiz,uncertain,UNCERTAIN,olay,1,nötr,yönlü,açık_ilişki,,12_salur_kazanin_tutsak_olup_oglu_uruzun_kurtardigi_boy.csv,14,"tekfurun karısı - kazan (ne durumdasın, ne yiyip içer, neye binersin)",ok,"ne durumdasın, ne yiyip içer, neye binersin",matched_unique
DKR0688,S12,Salur Kazan'ın tutsak olup oğlu uruz'un kurtardığı boy,boy,711.0,salur_kazan,Salur Kazan,kişi,tekfurun_karisi,Tekfurun Karısı,kişi,"ölülerine verdiğin yemeği ellerinden alırım, ölülerinizin yorgasına binerim, kahillerin yederem",belirsiz,uncertain,UNCERTAIN,olay,1,nötr,yönlü,açık_ilişki,,12_salur_kazanin_tutsak_olup_oglu_uruzun_kurtardigi_boy.csv,15,"kazan - tekfurun karısı (ölülerine verdiğin yemeği ellerinden alırım, ölülerinizin yorgasına binerim, kahillerin yederem)",ok,"ölülerine verdiğin yemeği ellerinden alırım, ölülerinizin yorgasına binerim, kahillerin yederem",matched_unique
DKR0689,S12,Salur Kazan'ın tutsak olup oğlu uruz'un kurtardığı boy,boy,712.0,tekfurun_karisi,Tekfurun Karısı,kişi,salur_kazan,Salur Kazan,kişi,"7 yaşında kızım öldü, kerem et ona binme",akrabalık,kinship,KINSHIP,akrabalık,5,pozitif,yönsüz,açık_ilişki,,12_salur_kazanin_tutsak_olup_oglu_uruzun_kurtardigi_boy.csv,16,"tekfurun karısı - kazan (7 yaşında kızım öldü, kerem et ona binme)",ok,"7 yaşında kızım öldü, kerem et ona binme",matched_unique
DKR0690,S12,Salur Kazan'ın tutsak olup oğlu uruz'un kurtardığı boy,boy,713.0,salur_kazan,Salur Kazan,kişi,tekfurun_karisi,Tekfurun Karısı,kişi,"en yorgası odur, ona biniyorum",belirsiz,uncertain,UNCERTAIN,olay,1,nötr,yönlü,açık_ilişki,,12_salur_kazanin_tutsak_olup_oglu_uruzun_kurtardigi_boy.csv,17,"kazan - tekfurun karısı (en yorgası odur, ona biniyorum)",ok,"en yorgası odur, ona biniyorum",matched_unique
DKR0691,S12,Salur Kazan'ın tutsak olup oğlu uruz'un kurtardığı boy,boy,714.0,tekfurun_karisi,Tekfurun Karısı,kişi,tekfur_uruz_kurtarma_boyu,Tekfur (Uruz Kurtarma Boyu),kişi,"kazanı çıkarın kuyudan, ölülerimize eziyet ediyormuş",belirsiz,uncertain,UNCERTAIN,olay,1,nötr,yönlü,açık_ilişki,,12_salur_kazanin_tutsak_olup_oglu_uruzun_kurtardigi_boy.csv,18,"tekfurun karısı - tekfur (kazanı çıkarın kuyudan, ölülerimize eziyet ediyormuş)",ok,"kazanı çıkarın kuyudan, ölülerimize eziyet ediyormuş",matched_unique
DKR0692,S12,Salur Kazan'ın tutsak olup oğlu uruz'un kurtardığı boy,boy,715.0,tekfur_uruz_kurtarma_boyu,Tekfur (Uruz Kurtarma Boyu),kişi,tekfurun_beyleri,Tekfurun Beyleri,grup,,ikna/müzakere,cooperation,SOCIAL,iletişim,3,nötr,yönlü,açık_ilişki,,12_salur_kazanin_tutsak_olup_oglu_uruzun_kurtardigi_boy.csv,,"tekfur - tekfurun beyleri (kazanı kuyudan çıkaralım, oğuzu kötülesin, bir daha bize düşmanlık etmesin salalım) ikna",ok,,unmatched_provenance_gap
DKR0693,S12,Salur Kazan'ın tutsak olup oğlu uruz'un kurtardığı boy,boy,716.0,tekfurun_beyleri,Tekfurun Beyleri,grup,salur_kazan,Salur Kazan,kişi,,ikna/müzakere,cooperation,SOCIAL,iletişim,3,nötr,yönlü,açık_ilişki,,12_salur_kazanin_tutsak_olup_oglu_uruzun_kurtardigi_boy.csv,,"tekfurun beyleri - kazan (and iç bize düşmanlık yapmayacağına, oğuzu kötüle bizi öv, seni bırakalım); ikna; tamam gelmem",ok,,unmatched_provenance_gap
DKR0694,S12,Salur Kazan'ın tutsak olup oğlu uruz'un kurtardığı boy,boy,717.0,tekfurun_beyleri,Tekfurun Beyleri,grup,salur_kazan,Salur Kazan,kişi,kazan and içti,belirsiz,uncertain,UNCERTAIN,olay,1,nötr,yönlü,açık_ilişki,,12_salur_kazanin_tutsak_olup_oglu_uruzun_kurtardigi_boy.csv,21,tekfurun beyleri - kazan (kazan and içti),ok,kazan and içti,matched_unique
DKR0695,S12,Salur Kazan'ın tutsak olup oğlu uruz'un kurtardığı boy,boy,718.0,tekfurun_beyleri,Tekfurun Beyleri,grup,salur_kazan,Salur Kazan,kişi,bizi öv,belirsiz,uncertain,UNCERTAIN,olay,1,nötr,yönlü,açık_ilişki,,12_salur_kazanin_tutsak_olup_oglu_uruzun_kurtardigi_boy.csv,22,tekfurun beyleri - kazan (bizi öv),ok,bizi öv,matched_unique
DKR0696,S12,Salur Kazan'ın tutsak olup oğlu uruz'un kurtardığı boy,boy,719.0,salur_kazan,Salur Kazan,kişi,tekfurun_beyleri,Tekfurun Beyleri,grup,,ikna/müzakere,cooperation,SOCIAL,iletişim,3,nötr,yönlü,açık_ilişki,,12_salur_kazanin_tutsak_olup_oglu_uruzun_kurtardigi_boy.csv,,kazan - tekfurun beyleri (ben yer üstünde adam övmem bir adam getirin onun üstüne binip sizi öveyim) ikna,ok,,unmatched_provenance_gap
DKR0698,S12,Salur Kazan'ın tutsak olup oğlu uruz'un kurtardığı boy,boy,721.0,salur_kazan,Salur Kazan,kişi,kafir_eri,Kafir Eri,kişi,"kafirin sırtına bir eğer vurdu, bacaklarıyla kaburgasını sıkıp askeri öldürdü - bana kopuz getirin öveyim sizi",destek/yardım,support,SOCIAL,olay,4,pozitif,yönlü,açık_ilişki,,12_salur_kazanin_tutsak_olup_oglu_uruzun_kurtardigi_boy.csv,24,"kazan - kafir eri (kafirin sırtına bir eğer vurdu, bacaklarıyla kaburgasını sıkıp askeri öldürdü - bana kopuz getirin öveyim sizi)",ok,"kafirin sırtına bir eğer vurdu, bacaklarıyla kaburgasını sıkıp askeri öldürdü - bana kopuz getirin öveyim sizi",matched_unique
DKR0699,S12,Salur Kazan'ın tutsak olup oğlu uruz'un kurtardığı boy,boy,722.0,kafirler_uruz_kurtarma_boyu,Kafirler (Uruz Kurtarma Boyu),grup,salur_kazan,Salur Kazan,kişi,kopuz getirdiler,belirsiz,uncertain,UNCERTAIN,olay,1,nötr,yönlü,açık_ilişki,,12_salur_kazanin_tutsak_olup_oglu_uruzun_kurtardigi_boy.csv,25,kafirler - kazan (kopuz getirdiler),ok,kopuz getirdiler,matched_unique
DKR0700,S12,Salur Kazan'ın tutsak olup oğlu uruz'un kurtardığı boy,boy,723.0,salur_kazan,Salur Kazan,kişi,kafirler_uruz_kurtarma_boyu,Kafirler (Uruz Kurtarma Boyu),grup,kafirleri küçümseyip dalda geçti; gerginlik,destek/yardım,support,SOCIAL,olay,4,pozitif,yönlü,açık_ilişki,,12_salur_kazanin_tutsak_olup_oglu_uruzun_kurtardigi_boy.csv,26,kazan - kafirler (kafirleri küçümseyip dalda geçti; gerginlik),ok,kafirleri küçümseyip dalda geçti; gerginlik,matched_unique
DKR0703,S12,Salur Kazan'ın tutsak olup oğlu uruz'un kurtardığı boy,boy,726.0,adsiz_kisi_uruz_kurtarma_boyu,Adsız Kişi (Uruz Kurtarma Boyu),kişi,uruz,Uruz,kişi,oğlu,diyalog_nötr,communication,SOCIAL,iletişim,2,pozitif,yönlü,çıkarımsal_akrabalık,,12_salur_kazanin_tutsak_olup_oglu_uruzun_kurtardigi_boy.csv,27,bir kişi - uruz (sen kazanın oğlu değil misin,ok,,matched_unique
DKR0704,S12,Salur Kazan'ın tutsak olup oğlu uruz'un kurtardığı boy,boy,727.0,uruz,Uruz,kişi,adsiz_kisi_uruz_kurtarma_boyu,Adsız Kişi (Uruz Kurtarma Boyu),kişi,benim babam bayındır han değil mi,belirsiz,uncertain,UNCERTAIN,olay,1,nötr,yönlü,açık_ilişki,,12_salur_kazanin_tutsak_olup_oglu_uruzun_kurtardigi_boy.csv,28,uruz - kişi (benim babam bayındır han değil mi),ok,benim babam bayındır han değil mi,matched_unique
DKR0705,S12,Salur Kazan'ın tutsak olup oğlu uruz'un kurtardığı boy,boy,728.0,adsiz_kisi_uruz_kurtarma_boyu,Adsız Kişi (Uruz Kurtarma Boyu),kişi,uruz,Uruz,kişi,"o annenin babası, senin dedendir",akrabalık,kinship,KINSHIP,akrabalık,5,pozitif,yönsüz,açık_ilişki,,12_salur_kazanin_tutsak_olup_oglu_uruzun_kurtardigi_boy.csv,29,"kişi - uruz (o annenin babası, senin dedendir)",ok,"o annenin babası, senin dedendir",matched_unique
DKR0706,S12,Salur Kazan'ın tutsak olup oğlu uruz'un kurtardığı boy,boy,729.0,uruz,Uruz,kişi,adsiz_kisi_uruz_kurtarma_boyu,Adsız Kişi (Uruz Kurtarma Boyu),kişi,benim babam sağ mı ölümü mü,belirsiz,uncertain,UNCERTAIN,olay,1,nötr,yönlü,açık_ilişki,,12_salur_kazanin_tutsak_olup_oglu_uruzun_kurtardigi_boy.csv,30,uruz - kişi (benim babam sağ mı ölümü mü),ok,benim babam sağ mı ölümü mü,matched_unique
DKR0707,S12,Salur Kazan'ın tutsak olup oğlu uruz'un kurtardığı boy,boy,730.0,adsiz_kisi_uruz_kurtarma_boyu,Adsız Kişi (Uruz Kurtarma Boyu),kişi,uruz,Uruz,kişi,tomanın kalesinde tutsaktır,belirsiz,uncertain,UNCERTAIN,olay,1,nötr,yönlü,açık_ilişki,,12_salur_kazanin_tutsak_olup_oglu_uruzun_kurtardigi_boy.csv,31,kişi - uruz (tomanın kalesinde tutsaktır),ok,tomanın kalesinde tutsaktır,matched_unique
DKR0709,S12,Salur Kazan'ın tutsak olup oğlu uruz'un kurtardığı boy,boy,732.0,uruz,Uruz,kişi,annesi,Annesi,kişi,"ben han oğlu değil, kazan oğluymuşum",akrabalık,kinship,KINSHIP,akrabalık,5,pozitif,yönsüz,açık_ilişki,,12_salur_kazanin_tutsak_olup_oglu_uruzun_kurtardigi_boy.csv,33,"uruz - annesi (ben han oğlu değil, kazan oğluymuşum)",ok,"ben han oğlu değil, kazan oğluymuşum",matched_unique
DKR0710,S12,Salur Kazan'ın tutsak olup oğlu uruz'un kurtardığı boy,boy,733.0,uruzun_annesi,Uruzun Annesi,kişi,uruz,Uruz,kişi,ben senin helak olmadan korktum,belirsiz,uncertain,UNCERTAIN,olay,1,nötr,yönlü,açık_ilişki,,12_salur_kazanin_tutsak_olup_oglu_uruzun_kurtardigi_boy.csv,34,uruzun annesi - uruz (ben senin helak olmadan korktum),ok,ben senin helak olmadan korktum,matched_unique
DKR0711,S12,Salur Kazan'ın tutsak olup oğlu uruz'un kurtardığı boy,boy,734.0,uruzun_annesi,Uruzun Annesi,kişi,uruz,Uruz,kişi,amcana haber ver gelsin ne der,belirsiz,uncertain,UNCERTAIN,olay,1,nötr,yönlü,açık_ilişki,,12_salur_kazanin_tutsak_olup_oglu_uruzun_kurtardigi_boy.csv,35,uruzun annesi - uruz (amcana haber ver gelsin ne der),ok,amcana haber ver gelsin ne der,matched_unique
DKR0719,S12,Salur Kazan'ın tutsak olup oğlu uruz'un kurtardığı boy,boy,742.0,kafirler_uruz_kurtarma_boyu,Kafirler (Uruz Kurtarma Boyu),grup,kara_gone_ve_askerleri,Kara Göne ve Askerleri,grup,kimsiniz - kara göne ve askerler bezirganız,belirsiz,uncertain,UNCERTAIN,olay,1,nötr,yönlü,açık_ilişki,,12_salur_kazanin_tutsak_olup_oglu_uruzun_kurtardigi_boy.csv,36,kafirler - kara göne ve askerleri (kimsiniz - kara göne ve askerler bezirganız),ok,kimsiniz - kara göne ve askerler bezirganız,matched_unique
DKR0720,S12,Salur Kazan'ın tutsak olup oğlu uruz'un kurtardığı boy,boy,743.0,kafirler_uruz_kurtarma_boyu,Kafirler (Uruz Kurtarma Boyu),grup,kara_gone_ve_askerleri,Kara Göne ve Askerleri,grup,yalan söylersiniz diyip taşa tuttular,diyalog_olumsuz,communication,SOCIAL,iletişim,3,negatif,yönlü,açık_ilişki,,12_salur_kazanin_tutsak_olup_oglu_uruzun_kurtardigi_boy.csv,37,kafirler - kara göne ve askerleri (yalan söylersiniz diyip taşa tuttular),ok,yalan söylersiniz diyip taşa tuttular,matched_unique
DKR0721,S12,Salur Kazan'ın tutsak olup oğlu uruz'un kurtardığı boy,boy,744.0,uruz,Uruz,kişi,askerler,Askerler,grup,"emir, beni seven atamın kadehinden şarap içen attan insin, kapıya birer gürz vuralım",otorite/emir,authority,AUTHORITY,otorite,3,nötr,yönlü,açık_ilişki,,12_salur_kazanin_tutsak_olup_oglu_uruzun_kurtardigi_boy.csv,38,"uruz - askerler (emir, beni seven atamın kadehinden şarap içen attan insin, kapıya birer gürz vuralım)",ok,"emir, beni seven atamın kadehinden şarap içen attan insin, kapıya birer gürz vuralım",matched_unique
DKR0723,S12,Salur Kazan'ın tutsak olup oğlu uruz'un kurtardığı boy,boy,746.0,oguz_askerleri,Oğuz Askerleri,grup,kafir,Kafir,kişi,"çatışma, kaleyi fethettiler",çatışma,conflict,SOCIAL,çatışma,5,negatif,yönsüz,açık_ilişki,,12_salur_kazanin_tutsak_olup_oglu_uruzun_kurtardigi_boy.csv,39,"oğuz askerleri - kafir (çatışma, kaleyi fethettiler)",ok,"çatışma, kaleyi fethettiler",matched_unique
DKR0724,S12,Salur Kazan'ın tutsak olup oğlu uruz'un kurtardığı boy,boy,747.0,kalenin_sigir_cobani,Kalenin Sığır Çobanı,kişi,tekfur_uruz_kurtarma_boyu,Tekfur (Uruz Kurtarma Boyu),kişi,ayasofya alındı haberini verdi,duygusal_tepki,other,OTHER,olay,2,negatif,yönlü,açık_ilişki,,12_salur_kazanin_tutsak_olup_oglu_uruzun_kurtardigi_boy.csv,40,kalenin sığır çobanı - tekfur (ayasofya alındı haberini verdi),ok,ayasofya alındı haberini verdi,matched_unique
DKR0725,S12,Salur Kazan'ın tutsak olup oğlu uruz'un kurtardığı boy,boy,748.0,tekfur_uruz_kurtarma_boyu,Tekfur (Uruz Kurtarma Boyu),kişi,tekfurun_beyleri,Tekfurun Beyleri,grup,ne yapalım,belirsiz,uncertain,UNCERTAIN,olay,1,nötr,yönlü,açık_ilişki,,12_salur_kazanin_tutsak_olup_oglu_uruzun_kurtardigi_boy.csv,,tekfur - beyleri (ne yapalım),ok,ne yapalım,unmatched_provenance_gap
DKR0726,S12,Salur Kazan'ın tutsak olup oğlu uruz'un kurtardığı boy,boy,749.0,beyler_uruz_kurtarma_boyu,Beyler (Uruz Kurtarma Boyu),grup,tekfur_uruz_kurtarma_boyu,Tekfur (Uruz Kurtarma Boyu),kişi,,ikna/müzakere,cooperation,SOCIAL,iletişim,3,nötr,yönlü,açık_ilişki,,12_salur_kazanin_tutsak_olup_oglu_uruzun_kurtardigi_boy.csv,,beyleri - tekfur (kazanı düşmanın üstüne gönderelim kazanı) ikna,ok,,unmatched_provenance_gap
DKR0727,S12,Salur Kazan'ın tutsak olup oğlu uruz'un kurtardığı boy,boy,750.0,tekfur_uruz_kurtarma_boyu,Tekfur (Uruz Kurtarma Boyu),kişi,salur_kazan,Salur Kazan,kişi,,ikna/müzakere,cooperation,SOCIAL,iletişim,3,nötr,yönlü,açık_ilişki,,12_salur_kazanin_tutsak_olup_oglu_uruzun_kurtardigi_boy.csv,,"tekfur - kazan (düşmanı kovarsan, bir daha üzerimize gelmemek şartıyla seni bırakırız) ikna",ok,,unmatched_provenance_gap
DKR0728,S12,Salur Kazan'ın tutsak olup oğlu uruz'un kurtardığı boy,boy,751.0,salur_kazan,Salur Kazan,kişi,tekfur_uruz_kurtarma_boyu,Tekfur (Uruz Kurtarma Boyu),kişi,and içti,belirsiz,uncertain,UNCERTAIN,olay,1,nötr,yönlü,açık_ilişki,,12_salur_kazanin_tutsak_olup_oglu_uruzun_kurtardigi_boy.csv,44,kazan - tekfur (and içti),ok,and içti,matched_unique
DKR0730,S12,Salur Kazan'ın tutsak olup oğlu uruz'un kurtardığı boy,boy,753.0,tekfur_uruz_kurtarma_boyu,Tekfur (Uruz Kurtarma Boyu),kişi,tekfurun_askerleri,Tekfurun Askerleri,grup,"emir; hareket, meydana gelip çadır diktirdi",otorite/emir,authority,AUTHORITY,otorite,3,nötr,yönlü,açık_ilişki,,12_salur_kazanin_tutsak_olup_oglu_uruzun_kurtardigi_boy.csv,,"tekfur - askerleri (emir; hareket, meydana gelip çadır diktirdi)",ok,"emir; hareket, meydana gelip çadır diktirdi",unmatched_provenance_gap
DKR0731,S12,Salur Kazan'ın tutsak olup oğlu uruz'un kurtardığı boy,boy,754.0,kafir_askeri,Kafir Askeri,kişi,salur_kazan,Salur Kazan,kişi,"kazanın üzerini donattılar, silah verdiler",belirsiz,uncertain,UNCERTAIN,olay,1,nötr,yönlü,açık_ilişki,,12_salur_kazanin_tutsak_olup_oglu_uruzun_kurtardigi_boy.csv,46,"kafir askeri - kazan (kazanın üzerini donattılar, silah verdiler)",ok,"kazanın üzerini donattılar, silah verdiler",matched_unique
DKR0734,S12,Salur Kazan'ın tutsak olup oğlu uruz'un kurtardığı boy,boy,757.0,salur_kazan,Salur Kazan,kişi,oguz_askerleri,Oğuz Askerleri,grup,er diledi,belirsiz,uncertain,UNCERTAIN,olay,1,nötr,yönlü,açık_ilişki,,12_salur_kazanin_tutsak_olup_oglu_uruzun_kurtardigi_boy.csv,47,kazan - oğuz askerleri (er diledi),ok,er diledi,matched_unique
DKR0735,S12,Salur Kazan'ın tutsak olup oğlu uruz'un kurtardığı boy,boy,758.0,salur_kazan,Salur Kazan,kişi,bamsi_beyrek,Bamsı Beyrek,kişi,sen kimsin,belirsiz,uncertain,UNCERTAIN,olay,1,nötr,yönlü,açık_ilişki,,12_salur_kazanin_tutsak_olup_oglu_uruzun_kurtardigi_boy.csv,48,kazan - beyrek (sen kimsin),ok,sen kimsin,matched_unique
DKR0736,S12,Salur Kazan'ın tutsak olup oğlu uruz'un kurtardığı boy,boy,759.0,bamsi_beyrek,Bamsı Beyrek,kişi,salur_kazan,Salur Kazan,kişi,pay püre han oğlu bamsı beyrekim,akrabalık,kinship,KINSHIP,akrabalık,5,pozitif,yönsüz,açık_ilişki,,12_salur_kazanin_tutsak_olup_oglu_uruzun_kurtardigi_boy.csv,49,beyrek - kazan (pay püre han oğlu bamsı beyrekim),ok,pay püre han oğlu bamsı beyrekim,matched_unique
DKR0737,S12,Salur Kazan'ın tutsak olup oğlu uruz'un kurtardığı boy,boy,760.0,salur_kazan,Salur Kazan,kişi,bamsi_beyrek,Bamsı Beyrek,kişi,"askerin önünde beyaz sancaklı, boz atlı olan kimdir",belirsiz,uncertain,UNCERTAIN,olay,1,nötr,yönlü,açık_ilişki,,12_salur_kazanin_tutsak_olup_oglu_uruzun_kurtardigi_boy.csv,50,"kazan - beyrek (askerin önünde beyaz sancaklı, boz atlı olan kimdir)",ok,"askerin önünde beyaz sancaklı, boz atlı olan kimdir",matched_unique
DKR0738,S12,Salur Kazan'ın tutsak olup oğlu uruz'un kurtardığı boy,boy,761.0,bamsi_beyrek,Bamsı Beyrek,kişi,salur_kazan,Salur Kazan,kişi,beyimiz kazanın oğludur,akrabalık,kinship,KINSHIP,akrabalık,5,pozitif,yönsüz,açık_ilişki,,12_salur_kazanin_tutsak_olup_oglu_uruzun_kurtardigi_boy.csv,51,beyrek - kazan (beyimiz kazanın oğludur),ok,beyimiz kazanın oğludur,matched_unique
DKR0740,S12,Salur Kazan'ın tutsak olup oğlu uruz'un kurtardığı boy,boy,763.0,bamsi_beyrek,Bamsı Beyrek,kişi,salur_kazan,Salur Kazan,kişi,bana neden onu bunu sorarsın diyip kazana hucüm etti,çatışma,conflict,SOCIAL,çatışma,5,negatif,yönsüz,açık_ilişki,,12_salur_kazanin_tutsak_olup_oglu_uruzun_kurtardigi_boy.csv,52,beyrek - kazan (bana neden onu bunu sorarsın diyip kazana hucüm etti),ok,bana neden onu bunu sorarsın diyip kazana hucüm etti,matched_unique
DKR0741,S12,Salur Kazan'ın tutsak olup oğlu uruz'un kurtardığı boy,boy,764.0,salur_kazan,Salur Kazan,kişi,bamsi_beyrek,Bamsı Beyrek,kişi,"çatışma; beyrek yenildi, kazan beyin gelsin dedi",çatışma,conflict,SOCIAL,çatışma,5,negatif,yönsüz,açık_ilişki,,12_salur_kazanin_tutsak_olup_oglu_uruzun_kurtardigi_boy.csv,53,"kazan - beyrek (çatışma; beyrek yenildi, kazan beyin gelsin dedi)",ok,"çatışma; beyrek yenildi, kazan beyin gelsin dedi",matched_unique
DKR0743,S12,Salur Kazan'ın tutsak olup oğlu uruz'un kurtardığı boy,boy,766.0,salur_kazan,Salur Kazan,kişi,eylik_koca_donebilmez_dulek_evren,Eylik Koca Dönebilmez Dülek Evren,kişi,adın nedir,diyalog_nötr,communication,SOCIAL,iletişim,2,nötr,yönlü,açık_ilişki,,12_salur_kazanin_tutsak_olup_oglu_uruzun_kurtardigi_boy.csv,54,kazan - eylik koca dönebilmez dülek evren (adın nedir),ok,adın nedir,matched_unique
DKR0744,S12,Salur Kazan'ın tutsak olup oğlu uruz'un kurtardığı boy,boy,767.0,donebilmez_dulek_evren,Dönebilmez Dülek Evren,kişi,salur_kazan,Salur Kazan,kişi,bana dönebilmez dülek evren derler,belirsiz,uncertain,UNCERTAIN,olay,1,nötr,yönlü,açık_ilişki,,12_salur_kazanin_tutsak_olup_oglu_uruzun_kurtardigi_boy.csv,55,dönebilmez dülek evren - kazan (bana dönebilmez dülek evren derler),ok,bana dönebilmez dülek evren derler,matched_unique
DKR0745,S12,Salur Kazan'ın tutsak olup oğlu uruz'un kurtardığı boy,boy,768.0,donebilmez_dulek_evren,Dönebilmez Dülek Evren,kişi,salur_kazan,Salur Kazan,kişi,,çatışma,conflict,SOCIAL,çatışma,5,nötr,yönsüz,açık_ilişki,,12_salur_kazanin_tutsak_olup_oglu_uruzun_kurtardigi_boy.csv,,dönebilmez dülek evren - kazan (kazana hucüm etti); çatışma,ok,,unmatched_provenance_gap
DKR0746,S12,Salur Kazan'ın tutsak olup oğlu uruz'un kurtardığı boy,boy,769.0,salur_kazan,Salur Kazan,kişi,donebilmez_dulerk_evren,Dönebilmez Dülerk Evren,kişi,kazan kazandı,belirsiz,uncertain,UNCERTAIN,olay,1,nötr,yönlü,açık_ilişki,,12_salur_kazanin_tutsak_olup_oglu_uruzun_kurtardigi_boy.csv,57,kazan - dönebilmez dülerk evren (kazan kazandı),ok,kazan kazandı,matched_unique
DKR0747,S12,Salur Kazan'ın tutsak olup oğlu uruz'un kurtardığı boy,boy,770.0,salur_kazan,Salur Kazan,kişi,donebilmez_dulek_evren,Dönebilmez Dülek Evren,kişi,söyle beyine gelsin - er diledi,belirsiz,uncertain,UNCERTAIN,olay,1,nötr,yönlü,açık_ilişki,,12_salur_kazanin_tutsak_olup_oglu_uruzun_kurtardigi_boy.csv,58,kazan - dönebilmez dülek evren (söyle beyine gelsin - er diledi),ok,söyle beyine gelsin - er diledi,matched_unique
DKR0749,S12,Salur Kazan'ın tutsak olup oğlu uruz'un kurtardığı boy,boy,772.0,salur_kazan,Salur Kazan,kişi,duzen_oglu_alp_rustem,Düzen Oğlu Alp Rüstem,kişi,adın nedir,diyalog_nötr,communication,SOCIAL,iletişim,2,nötr,yönlü,açık_ilişki,,12_salur_kazanin_tutsak_olup_oglu_uruzun_kurtardigi_boy.csv,59,kazan - düzen oğlu alp rüstem (adın nedir),ok,adın nedir,matched_unique
DKR0750,S12,Salur Kazan'ın tutsak olup oğlu uruz'un kurtardığı boy,boy,773.0,duzen_oglu_alp_rustem,Düzen Oğlu Alp Rüstem,kişi,salur_kazan,Salur Kazan,kişi,alp rüstemdir adım,belirsiz,uncertain,UNCERTAIN,olay,1,nötr,yönlü,açık_ilişki,,12_salur_kazanin_tutsak_olup_oglu_uruzun_kurtardigi_boy.csv,60,düzen oğlu alp rüstem - kazan (alp rüstemdir adım),ok,alp rüstemdir adım,matched_unique
DKR0751,S12,Salur Kazan'ın tutsak olup oğlu uruz'un kurtardığı boy,boy,774.0,alp_rustem,Alp Rüstem,kişi,salur_kazan,Salur Kazan,kişi,çatışma - kazanı alayım dedi alamadı,çatışma,conflict,SOCIAL,çatışma,5,negatif,yönsüz,açık_ilişki,,12_salur_kazanin_tutsak_olup_oglu_uruzun_kurtardigi_boy.csv,61,alp rüstem - kazan (çatışma - kazanı alayım dedi alamadı),ok,çatışma - kazanı alayım dedi alamadı,matched_unique
DKR0752,S12,Salur Kazan'ın tutsak olup oğlu uruz'un kurtardığı boy,boy,775.0,salur_kazan,Salur Kazan,kişi,alp_rustem,Alp Rüstem,kişi,kazan alp rüstemi yendi,belirsiz,uncertain,UNCERTAIN,olay,1,nötr,yönlü,açık_ilişki,,12_salur_kazanin_tutsak_olup_oglu_uruzun_kurtardigi_boy.csv,62,kazan - alp rüstem (kazan alp rüstemi yendi),ok,kazan alp rüstemi yendi,matched_unique
DKR0753,S12,Salur Kazan'ın tutsak olup oğlu uruz'un kurtardığı boy,boy,776.0,uruz,Uruz,kişi,salur_kazan,Salur Kazan,kişi,çatışma,çatışma,conflict,SOCIAL,çatışma,5,negatif,yönsüz,açık_ilişki,,12_salur_kazanin_tutsak_olup_oglu_uruzun_kurtardigi_boy.csv,63,uruz - kazan (çatışma),ok,çatışma,matched_unique
DKR0754,S12,Salur Kazan'ın tutsak olup oğlu uruz'un kurtardığı boy,boy,777.0,salur_kazan,Salur Kazan,kişi,uruz,Uruz,kişi,ben senin babanım,belirsiz,uncertain,UNCERTAIN,olay,1,nötr,yönlü,açık_ilişki,,12_salur_kazanin_tutsak_olup_oglu_uruzun_kurtardigi_boy.csv,64,kazan - uruz (ben senin babanım),ok,ben senin babanım,matched_unique
DKR0755,S12,Salur Kazan'ın tutsak olup oğlu uruz'un kurtardığı boy,boy,778.0,uruz,Uruz,kişi,salur_kazan,Salur Kazan,kişi,babasının elini öptü,akrabalık,kinship,KINSHIP,akrabalık,5,pozitif,yönsüz,açık_ilişki,,12_salur_kazanin_tutsak_olup_oglu_uruzun_kurtardigi_boy.csv,65,uruz - kazan (babasının elini öptü),ok,babasının elini öptü,matched_unique
DKR0756,S12,Salur Kazan'ın tutsak olup oğlu uruz'un kurtardığı boy,boy,779.0,beyler_uruz_kurtarma_boyu,Beyler (Uruz Kurtarma Boyu),grup,salur_kazan,Salur Kazan,kişi,beyler kazanın elini öpüp çevresini korudular,belirsiz,uncertain,UNCERTAIN,olay,1,nötr,yönlü,açık_ilişki,,12_salur_kazanin_tutsak_olup_oglu_uruzun_kurtardigi_boy.csv,66,beyler - kazan (beyler kazanın elini öpüp çevresini korudular),ok,beyler kazanın elini öpüp çevresini korudular,matched_unique
DKR0757,S12,Salur Kazan'ın tutsak olup oğlu uruz'un kurtardığı boy,boy,780.0,kazan_ve_beyler,Kazan ve Beyler,grup,kafirler_uruz_kurtarma_boyu,Kafirler (Uruz Kurtarma Boyu),grup,kafirlere saldırdılar,çatışma,conflict,SOCIAL,çatışma,5,negatif,yönsüz,açık_ilişki,,12_salur_kazanin_tutsak_olup_oglu_uruzun_kurtardigi_boy.csv,67,kazan ve beyler - kafirler (kafirlere saldırdılar),ok,kafirlere saldırdılar,matched_unique
DKR0764,S13,İç Oğuz'a Dış Oğuz'un Asi Olup Beyrek'i Öldürdüğü,boy,789.0,salur_kazan,Salur Kazan,kişi,kilbas,Kılbaş,kişi,dış oğuz neden gelmedi,belirsiz,uncertain,UNCERTAIN,olay,1,nötr,yönlü,açık_ilişki,,13_ic_oguza_dis_oguzun_asi_olup_beyreki_oldurdugu.csv,0,kazan - kılbaş (dış oğuz neden gelmedi),ok,dış oğuz neden gelmedi,matched_unique
DKR0765,S13,İç Oğuz'a Dış Oğuz'un Asi Olup Beyrek'i Öldürdüğü,boy,790.0,kilbas,Kılbaş,kişi,salur_kazan,Salur Kazan,kişi,evini dış oğuz olmadan yağmalattığın için gelmezler,belirsiz,uncertain,UNCERTAIN,olay,1,nötr,yönlü,açık_ilişki,,13_ic_oguza_dis_oguzun_asi_olup_beyreki_oldurdugu.csv,1,kılbaş - kazan (evini dış oğuz olmadan yağmalattığın için gelmezler),ok,evini dış oğuz olmadan yağmalattığın için gelmezler,matched_unique
DKR0766,S13,İç Oğuz'a Dış Oğuz'un Asi Olup Beyrek'i Öldürdüğü,boy,791.0,salur_kazan,Salur Kazan,kişi,kilbas,Kılbaş,kişi,"adavet bağladırlar, öyle mi?",hareket/eylem,other,OTHER,olay,2,nötr,yönlü,açık_ilişki,,13_ic_oguza_dis_oguzun_asi_olup_beyreki_oldurdugu.csv,2,"kazan - kılbaş (adavet bağladırlar, öyle mi?)",ok,"adavet bağladırlar, öyle mi?",matched_unique
DKR0767,S13,İç Oğuz'a Dış Oğuz'un Asi Olup Beyrek'i Öldürdüğü,boy,792.0,kilbas,Kılbaş,kişi,salur_kazan,Salur Kazan,kişi,"ben gideyim onların sana dostluğunu, düşmanlığını bildireyim",belirsiz,uncertain,UNCERTAIN,olay,1,nötr,yönlü,açık_ilişki,,13_ic_oguza_dis_oguzun_asi_olup_beyreki_oldurdugu.csv,3,"kılbaş - kazan (ben gideyim onların sana dostluğunu, düşmanlığını bildireyim)",ok,"ben gideyim onların sana dostluğunu, düşmanlığını bildireyim",matched_unique
DKR0768,S13,İç Oğuz'a Dış Oğuz'un Asi Olup Beyrek'i Öldürdüğü,boy,793.0,salur_kazan,Salur Kazan,kişi,kilbas,Kılbaş,kişi,sen bilirsin,belirsiz,uncertain,UNCERTAIN,olay,1,nötr,yönlü,açık_ilişki,,13_ic_oguza_dis_oguzun_asi_olup_beyreki_oldurdugu.csv,4,kazan - kılbaş (sen bilirsin),ok,sen bilirsin,matched_unique
DKR0772,S13,İç Oğuz'a Dış Oğuz'un Asi Olup Beyrek'i Öldürdüğü,boy,797.0,kilbas,Kılbaş,kişi,aruz,Aruz,kişi,"kazan, dayım aruz bana yetişsin düşman geldi",belirsiz,uncertain,UNCERTAIN,olay,1,nötr,yönlü,açık_ilişki,,13_ic_oguza_dis_oguzun_asi_olup_beyreki_oldurdugu.csv,5,"kılbaş - aruz (kazan, dayım aruz bana yetişsin düşman geldi)",ok,"kazan, dayım aruz bana yetişsin düşman geldi",matched_unique
DKR0773,S13,İç Oğuz'a Dış Oğuz'un Asi Olup Beyrek'i Öldürdüğü,boy,798.0,aruz,Aruz,kişi,kilbas,Kılbaş,kişi,"kazan bizi neden yağmaya çağırmadı, biz kazan'a düşmanız",belirsiz,uncertain,UNCERTAIN,olay,1,nötr,yönlü,açık_ilişki,,13_ic_oguza_dis_oguzun_asi_olup_beyreki_oldurdugu.csv,6,"aruz - kılbaş (kazan bizi neden yağmaya çağırmadı, biz kazan'a düşmanız)",ok,"kazan bizi neden yağmaya çağırmadı, biz kazan'a düşmanız",matched_unique
DKR0774,S13,İç Oğuz'a Dış Oğuz'un Asi Olup Beyrek'i Öldürdüğü,boy,799.0,kilbas,Kılbaş,kişi,aruz,Aruz,kişi,"düşman üstümüze gelmemişti, ben senin dostluğunu düşmanlığını sınadım",belirsiz,uncertain,UNCERTAIN,olay,1,nötr,yönlü,açık_ilişki,,13_ic_oguza_dis_oguzun_asi_olup_beyreki_oldurdugu.csv,7,"kılbaş - aruz (düşman üstümüze gelmemişti, ben senin dostluğunu düşmanlığını sınadım)",ok,"düşman üstümüze gelmemişti, ben senin dostluğunu düşmanlığını sınadım",matched_unique
DKR0775,S13,İç Oğuz'a Dış Oğuz'un Asi Olup Beyrek'i Öldürdüğü,boy,800.0,aruz,Aruz,kişi,saht_oldu,Saht Oldu,kişi,,belirsiz,uncertain,UNCERTAIN,olay,1,nötr,yönlü,açık_ilişki,,13_ic_oguza_dis_oguzun_asi_olup_beyreki_oldurdugu.csv,,aruz - saht oldu,ok,,unmatched_provenance_gap
DKR0776,S13,İç Oğuz'a Dış Oğuz'un Asi Olup Beyrek'i Öldürdüğü,boy,801.0,aruz,Aruz,kişi,dis_oguz_beyleri,Dış Oğuz Beyleri,grup,"emir; emen, alp rüstem, döne bilmez dülek evren geri kalan tüm beyler gelsin",otorite/emir,authority,AUTHORITY,otorite,3,nötr,yönlü,açık_ilişki,,13_ic_oguza_dis_oguzun_asi_olup_beyreki_oldurdugu.csv,9,"aruz - dış oğuz beyleri (emir; emen, alp rüstem, döne bilmez dülek evren geri kalan tüm beyler gelsin)",ok,"emir; emen, alp rüstem, döne bilmez dülek evren geri kalan tüm beyler gelsin",matched_unique
DKR0777,S13,İç Oğuz'a Dış Oğuz'un Asi Olup Beyrek'i Öldürdüğü,boy,802.0,aruz,Aruz,kişi,dis_oguz_beyleri,Dış Oğuz Beyleri,grup,toy verdi,tören/ritüel,other,OTHER,olay,2,pozitif,yönlü,açık_ilişki,,13_ic_oguza_dis_oguzun_asi_olup_beyreki_oldurdugu.csv,10,aruz - dış oğuz beyleri (toy verdi),ok,toy verdi,matched_unique
DKR0778,S13,İç Oğuz'a Dış Oğuz'un Asi Olup Beyrek'i Öldürdüğü,boy,803.0,aruz,Aruz,kişi,dis_oguz_beyleri,Dış Oğuz Beyleri,grup,yaşananları verdiği yanıtı anlattı,belirsiz,uncertain,UNCERTAIN,olay,1,nötr,yönlü,açık_ilişki,,13_ic_oguza_dis_oguzun_asi_olup_beyreki_oldurdugu.csv,11,aruz - dış oğuz beyleri (yaşananları verdiği yanıtı anlattı),ok,yaşananları verdiği yanıtı anlattı,matched_unique
DKR0779,S13,İç Oğuz'a Dış Oğuz'un Asi Olup Beyrek'i Öldürdüğü,boy,804.0,dis_oguz_beyleri,Dış Oğuz Beyleri,grup,aruz,Aruz,kişi,sen kazana düşman olduysan biz de düşmanız,belirsiz,uncertain,UNCERTAIN,olay,1,nötr,yönlü,açık_ilişki,,13_ic_oguza_dis_oguzun_asi_olup_beyreki_oldurdugu.csv,12,dış oğuz beyleri - aruz (sen kazana düşman olduysan biz de düşmanız),ok,sen kazana düşman olduysan biz de düşmanız,matched_unique
DKR0780,S13,İç Oğuz'a Dış Oğuz'un Asi Olup Beyrek'i Öldürdüğü,boy,805.0,dis_oguz_beyleri,Dış Oğuz Beyleri,grup,aruz,Aruz,kişi,kazana düşmanlık için mushafa el bastılar,destek/yardım,support,SOCIAL,olay,4,pozitif,yönlü,açık_ilişki,,13_ic_oguza_dis_oguzun_asi_olup_beyreki_oldurdugu.csv,13,dış oğuz beyleri - aruz (kazana düşmanlık için mushafa el bastılar),ok,kazana düşmanlık için mushafa el bastılar,matched_unique
DKR0781,S13,İç Oğuz'a Dış Oğuz'un Asi Olup Beyrek'i Öldürdüğü,boy,806.0,dis_oguz_beyleri,Dış Oğuz Beyleri,grup,aruz,Aruz,kişi,"beyrek bizden kız almıştır, güveyimizdir, gelsin bizi kazanla barıştırsın, eğer ikna olmazsa beyreği öldürelim; kazana bakarız",ikna/müzakere,cooperation,SOCIAL,iletişim,3,karışık,yönlü,açık_ilişki,,13_ic_oguza_dis_oguzun_asi_olup_beyreki_oldurdugu.csv,14,"dış oğuz beyleri - aruz (beyrek bizden kız almıştır, güveyimizdir, gelsin bizi kazanla barıştırsın, eğer ikna olmazsa beyreği öldürelim; kazana bakarız)",ok,"beyrek bizden kız almıştır, güveyimizdir, gelsin bizi kazanla barıştırsın, eğer ikna olmazsa beyreği öldürelim; kazana bakarız",matched_unique
DKR0782,S13,İç Oğuz'a Dış Oğuz'un Asi Olup Beyrek'i Öldürdüğü,boy,807.0,aruz,Aruz,kişi,bamsi_beyrek,Bamsı Beyrek,kişi,"beyreke adam gönderdi, kağıt geldi",belirsiz,uncertain,UNCERTAIN,olay,1,nötr,yönlü,açık_ilişki,,13_ic_oguza_dis_oguzun_asi_olup_beyreki_oldurdugu.csv,15,"aruz - beyrek (beyreke adam gönderdi, kağıt geldi)",ok,"beyreke adam gönderdi, kağıt geldi",matched_unique
DKR0783,S13,İç Oğuz'a Dış Oğuz'un Asi Olup Beyrek'i Öldürdüğü,boy,808.0,aruzun_habercisi,Aruzun Habercisi,kişi,beyerek,Beyerek,kişi,beyrek gelsin bizi kazanla barıştırsın diyor aruz,belirsiz,uncertain,UNCERTAIN,olay,1,nötr,yönlü,açık_ilişki,,13_ic_oguza_dis_oguzun_asi_olup_beyreki_oldurdugu.csv,16,aruzun habercisi - beyerek (beyrek gelsin bizi kazanla barıştırsın diyor aruz),ok,beyrek gelsin bizi kazanla barıştırsın diyor aruz,matched_unique
DKR0784,S13,İç Oğuz'a Dış Oğuz'un Asi Olup Beyrek'i Öldürdüğü,boy,809.0,bamsi_beyrek,Bamsı Beyrek,kişi,beyrekin_40_yigidi,Beyrek'in 40 Yiğidi,grup,aruzun evine geldi,belirsiz,uncertain,UNCERTAIN,olay,1,nötr,yönlü,açık_ilişki,,13_ic_oguza_dis_oguzun_asi_olup_beyreki_oldurdugu.csv,17,beyrek - beyrekin 40 yiğidi (aruzun evine geldi),ok,aruzun evine geldi,matched_unique
DKR0785,S13,İç Oğuz'a Dış Oğuz'un Asi Olup Beyrek'i Öldürdüğü,boy,810.0,bamsi_beyrek,Bamsı Beyrek,kişi,dis_oguz_beyleri,Dış Oğuz Beyleri,grup,dış oğuz beylerine selam verdi,belirsiz,uncertain,UNCERTAIN,olay,1,nötr,yönlü,açık_ilişki,,13_ic_oguza_dis_oguzun_asi_olup_beyreki_oldurdugu.csv,18,beyrek - dış oğuz beyleri (dış oğuz beylerine selam verdi),ok,dış oğuz beylerine selam verdi,matched_unique
DKR0786,S13,İç Oğuz'a Dış Oğuz'un Asi Olup Beyrek'i Öldürdüğü,boy,811.0,aruz,Aruz,kişi,bamsi_beyrek,Bamsı Beyrek,kişi,biz seni neden çağırdık biliyor musun,belirsiz,uncertain,UNCERTAIN,olay,1,nötr,yönlü,açık_ilişki,,13_ic_oguza_dis_oguzun_asi_olup_beyreki_oldurdugu.csv,19,aruz - beyrek (biz seni neden çağırdık biliyor musun),ok,biz seni neden çağırdık biliyor musun,matched_unique
DKR0787,S13,İç Oğuz'a Dış Oğuz'un Asi Olup Beyrek'i Öldürdüğü,boy,812.0,bamsi_beyrek,Bamsı Beyrek,kişi,aruz,Aruz,kişi,kırgınlığınızın sebebi nedir,belirsiz,uncertain,UNCERTAIN,olay,1,nötr,yönlü,açık_ilişki,,13_ic_oguza_dis_oguzun_asi_olup_beyreki_oldurdugu.csv,20,beyrek - aruz (kırgınlığınızın sebebi nedir),ok,kırgınlığınızın sebebi nedir,matched_unique
DKR0788,S13,İç Oğuz'a Dış Oğuz'un Asi Olup Beyrek'i Öldürdüğü,boy,813.0,aruz_ve_dis_oguz_beyleri,Aruz ve Dış Oğuz Beyleri,grup,bamsi_beyrek,Bamsı Beyrek,kişi,mushaf getirip kazana asi ol,destek/yardım,support,SOCIAL,olay,4,pozitif,yönlü,açık_ilişki,,13_ic_oguza_dis_oguzun_asi_olup_beyreki_oldurdugu.csv,21,aruz ve dış oğuz beyleri - beyrek (mushaf getirip kazana asi ol),ok,mushaf getirip kazana asi ol,matched_unique
DKR0789,S13,İç Oğuz'a Dış Oğuz'un Asi Olup Beyrek'i Öldürdüğü,boy,814.0,bamsi_beyrek,Bamsı Beyrek,kişi,aruz_ve_dis_oguz_beyleri,Aruz ve Dış Oğuz Beyleri,grup,ben kazana asi olmam,belirsiz,uncertain,UNCERTAIN,olay,1,nötr,yönlü,açık_ilişki,,13_ic_oguza_dis_oguzun_asi_olup_beyreki_oldurdugu.csv,22,beyrek - aruz ve dış oğuz beyleri (ben kazana asi olmam),ok,ben kazana asi olmam,matched_unique
DKR0790,S13,İç Oğuz'a Dış Oğuz'un Asi Olup Beyrek'i Öldürdüğü,boy,815.0,aruz,Aruz,kişi,bamsi_beyrek,Bamsı Beyrek,kişi,beyrekin sakalından yakadı; kılıcıyla sağ uyluğuna vurdu,belirsiz,uncertain,UNCERTAIN,olay,1,nötr,yönlü,açık_ilişki,,13_ic_oguza_dis_oguzun_asi_olup_beyreki_oldurdugu.csv,23,aruz - beyrek (beyrekin sakalından yakadı; kılıcıyla sağ uyluğuna vurdu),ok,beyrekin sakalından yakadı; kılıcıyla sağ uyluğuna vurdu,matched_unique
DKR0793,S13,İç Oğuz'a Dış Oğuz'un Asi Olup Beyrek'i Öldürdüğü,boy,818.0,bamsi_beyrek,Bamsı Beyrek,kişi,beyrekin_adamlari,Beyrek'in Adamları,grup,kazana gidin dayın aruz beyreke kıydı kanını yerde koyma diyin,belirsiz,uncertain,UNCERTAIN,olay,1,nötr,yönlü,açık_ilişki,,13_ic_oguza_dis_oguzun_asi_olup_beyreki_oldurdugu.csv,24,beyrek - beyrekin adamları (kazana gidin dayın aruz beyreke kıydı kanını yerde koyma diyin),ok,kazana gidin dayın aruz beyreke kıydı kanını yerde koyma diyin,matched_unique
DKR0794,S13,İç Oğuz'a Dış Oğuz'un Asi Olup Beyrek'i Öldürdüğü,boy,819.0,basat,Basat,kişi,aruz,Aruz,kişi,oğlu,akrabalık,kinship,KINSHIP,akrabalık,5,pozitif,yönsüz,çıkarımsal_akrabalık,,13_ic_oguza_dis_oguzun_asi_olup_beyreki_oldurdugu.csv,25,aruz oğlu basat,ok,,matched_unique
DKR0796,S13,İç Oğuz'a Dış Oğuz'un Asi Olup Beyrek'i Öldürdüğü,boy,821.0,beyrekin_anne_babasi,Beyrek'in Anne Babası,grup,salur_kazan,Salur Kazan,kişi,dış oğuz sana asi olmuş beyreki öldürdüler,belirsiz,uncertain,UNCERTAIN,olay,1,nötr,yönlü,açık_ilişki,,13_ic_oguza_dis_oguzun_asi_olup_beyreki_oldurdugu.csv,26,beyrekin anne babası - kazan (dış oğuz sana asi olmuş beyreki öldürdüler),ok,dış oğuz sana asi olmuş beyreki öldürdüler,matched_unique
DKR0799,S13,İç Oğuz'a Dış Oğuz'un Asi Olup Beyrek'i Öldürdüğü,boy,824.0,kazanin_kardesi_kara_gone,Kazanın Kardeşi Kara Göne,kişi,kilbas,Kılbaş,kişi,kalk abim kazan gelsin,belirsiz,uncertain,UNCERTAIN,olay,1,nötr,yönlü,açık_ilişki,,13_ic_oguza_dis_oguzun_asi_olup_beyreki_oldurdugu.csv,27,kazanın kardeşi kara göne - kılbaş (kalk abim kazan gelsin),ok,kalk abim kazan gelsin,matched_unique
DKR0800,S13,İç Oğuz'a Dış Oğuz'un Asi Olup Beyrek'i Öldürdüğü,boy,825.0,kilbas,Kılbaş,kişi,kara_gone,Kara Göne,kişi,sen kazanın kardeşisin sen git,akrabalık,kinship,KINSHIP,akrabalık,5,pozitif,yönsüz,açık_ilişki,,13_ic_oguza_dis_oguzun_asi_olup_beyreki_oldurdugu.csv,28,kılbaş - kara göne (sen kazanın kardeşisin sen git),ok,sen kazanın kardeşisin sen git,matched_unique
DKR0801,S13,İç Oğuz'a Dış Oğuz'un Asi Olup Beyrek'i Öldürdüğü,boy,826.0,kilbas_ve_kara_gone,Kılbaş ve Kara Göne,grup,salur_kazan,Salur Kazan,kişi,"selam verdiler, aramızdan bir yiğit ayrıldı; kanım alınsın diye vasiyet etmiş; ağlamakla nesne olmaz",belirsiz,uncertain,UNCERTAIN,olay,1,nötr,yönlü,açık_ilişki,,13_ic_oguza_dis_oguzun_asi_olup_beyreki_oldurdugu.csv,29,"kılbaş ve kara göne - kazan (selam verdiler, aramızdan bir yiğit ayrıldı; kanım alınsın diye vasiyet etmiş; ağlamakla nesne olmaz)",ok,"selam verdiler, aramızdan bir yiğit ayrıldı; kanım alınsın diye vasiyet etmiş; ağlamakla nesne olmaz",matched_unique
DKR0802,S13,İç Oğuz'a Dış Oğuz'un Asi Olup Beyrek'i Öldürdüğü,boy,827.0,salur_kazan,Salur Kazan,kişi,kilbas_ve_kara_gone,Kılbaş ve Kara Göne,grup,tez cephaneyi yüklesinler; tüm beyler hazırlansın,belirsiz,uncertain,UNCERTAIN,olay,1,nötr,yönlü,açık_ilişki,,13_ic_oguza_dis_oguzun_asi_olup_beyreki_oldurdugu.csv,30,kazan - kılbaş ve kara göne (tez cephaneyi yüklesinler; tüm beyler hazırlansın),ok,tez cephaneyi yüklesinler; tüm beyler hazırlansın,matched_unique
DKR0803,S13,İç Oğuz'a Dış Oğuz'un Asi Olup Beyrek'i Öldürdüğü,boy,828.0,salur_kazan,Salur Kazan,kişi,ic_oguz_beyleri,İç Oğuz Beyleri,grup,kazan öncülüğünde yola koyuldu,belirsiz,uncertain,UNCERTAIN,olay,1,nötr,yönlü,açık_ilişki,,13_ic_oguza_dis_oguzun_asi_olup_beyreki_oldurdugu.csv,,kazan - iç oğuz beyleri (kazan öncülüğünde yola koyuldu),ok,kazan öncülüğünde yola koyuldu,unmatched_provenance_gap
DKR0806,S13,İç Oğuz'a Dış Oğuz'un Asi Olup Beyrek'i Öldürdüğü,boy,831.0,aruz,Aruz,kişi,salur_kazan,Salur Kazan,kişi,düşman,belirsiz,uncertain,UNCERTAIN,olay,1,nötr,yönlü,açık_ilişki,,13_ic_oguza_dis_oguzun_asi_olup_beyreki_oldurdugu.csv,32,aruz - kazan (düşman),ok,düşman,matched_unique
DKR0807,S13,İç Oğuz'a Dış Oğuz'un Asi Olup Beyrek'i Öldürdüğü,boy,832.0,emen,Emen,kişi,ters_uzamis,Ters Uzamış,kişi,düşman,belirsiz,uncertain,UNCERTAIN,olay,1,nötr,yönlü,açık_ilişki,,13_ic_oguza_dis_oguzun_asi_olup_beyreki_oldurdugu.csv,33,emen - ters uzamış (düşman),ok,düşman,matched_unique
DKR0808,S13,İç Oğuz'a Dış Oğuz'un Asi Olup Beyrek'i Öldürdüğü,boy,833.0,alp_rustem,Alp Rüstem,kişi,ense_koca_oglu_okcu,Ense Koca Oğlu Okçu,kişi,düşman,belirsiz,uncertain,UNCERTAIN,olay,1,nötr,yönlü,açık_ilişki,,13_ic_oguza_dis_oguzun_asi_olup_beyreki_oldurdugu.csv,34,alp rüstem - ense koca oğlu okçu (düşman),ok,düşman,matched_unique
DKR0809,S13,İç Oğuz'a Dış Oğuz'un Asi Olup Beyrek'i Öldürdüğü,boy,834.0,aruz,Aruz,kişi,salur_kazan,Salur Kazan,kişi,çatışma,çatışma,conflict,SOCIAL,çatışma,5,negatif,yönsüz,açık_ilişki,,13_ic_oguza_dis_oguzun_asi_olup_beyreki_oldurdugu.csv,35,aruz - kazan (çatışma),ok,çatışma,matched_unique
DKR0810,S13,İç Oğuz'a Dış Oğuz'un Asi Olup Beyrek'i Öldürdüğü,boy,835.0,kara_gone,Kara Göne,kişi,aruz,Aruz,kişi,aruzu öldürdü,belirsiz,uncertain,UNCERTAIN,olay,1,nötr,yönlü,açık_ilişki,,13_ic_oguza_dis_oguzun_asi_olup_beyreki_oldurdugu.csv,36,kara göne - aruz (aruzu öldürdü),ok,aruzu öldürdü,matched_unique
DKR0811,S13,İç Oğuz'a Dış Oğuz'un Asi Olup Beyrek'i Öldürdüğü,boy,836.0,dis_oguz_beyleri,Dış Oğuz Beyleri,grup,salur_kazan,Salur Kazan,kişi,af dilediler,destek/yardım,support,SOCIAL,olay,4,pozitif,yönlü,açık_ilişki,,13_ic_oguza_dis_oguzun_asi_olup_beyreki_oldurdugu.csv,37,dış oğuz beyleri - kazan (af dilediler),ok,af dilediler,matched_unique
DKR0812,S13,İç Oğuz'a Dış Oğuz'un Asi Olup Beyrek'i Öldürdüğü,boy,837.0,salur_kazan,Salur Kazan,kişi,dis_oguz_beyleri,Dış Oğuz Beyleri,grup,affetti,destek/yardım,support,SOCIAL,olay,4,pozitif,yönlü,açık_ilişki,,13_ic_oguza_dis_oguzun_asi_olup_beyreki_oldurdugu.csv,38,kazan - dış oğuz beyleri (affetti),ok,affetti,matched_unique
DKR0816,S14,13. Boy: Salur Kazan'ın Yedi Başlı Ejderhayı Öldürmesi,boy,1.0,salur_kazan,Salur Kazan,kişi,bayindir_han,Bayındır Han,kişi,vekili,kimlik/unvan,identity_title,SEMANTIC,kimlik,2,pozitif,yönlü,açık_ilişki,,14_salur_kazanin_yedi_basli_ejderhayi_oldurmesi_boyu.csv,0,Salur Kazan - Bayındır Padişah (vekili),ok,Bayındır Padişah'ın vekili,matched_unique
DKR0817,S14,13. Boy: Salur Kazan'ın Yedi Başlı Ejderhayı Öldürmesi,boy,2.0,salur_kazan,Salur Kazan,kişi,turkistan,Türkistan,yer/coğrafya,Türkistan'ın direği,coğrafi_epitet,identity_title,SEMANTIC,mekân,4,pozitif,yönlü,epitet_aktarım,,14_salur_kazanin_yedi_basli_ejderhayi_oldurmesi_boyu.csv,1,Salur Kazan - Türkistan (Türkistan'ın direği),ok,epitet,matched_unique
DKR0818,S14,13. Boy: Salur Kazan'ın Yedi Başlı Ejderhayı Öldürmesi,boy,3.0,serhat_beylerinden_ulak,Serhat Beylerinden Ulak,grup,salur_kazan,Salur Kazan,kişi,düşman haberi verdi,diyalog_nötr,communication,SOCIAL,iletişim,2,nötr,yönlü,açık_ilişki,,14_salur_kazanin_yedi_basli_ejderhayi_oldurmesi_boyu.csv,2,Serhat beylerinden ulak - Salur Kazan (düşman haberi),ok,on bin düşman üstüne geliyor,matched_unique
DKR0819,S14,13. Boy: Salur Kazan'ın Yedi Başlı Ejderhayı Öldürmesi,boy,4.0,salur_kazan,Salur Kazan,kişi,han_afsar,Han Afşar,kişi,sağdan saldım,otorite/emir,authority,AUTHORITY,otorite,3,pozitif,yönlü,açık_ilişki,,14_salur_kazanin_yedi_basli_ejderhayi_oldurmesi_boyu.csv,3,Salur Kazan - Han Afşar (sağdan saldım),ok,komutan sevki,matched_unique
DKR0820,S14,13. Boy: Salur Kazan'ın Yedi Başlı Ejderhayı Öldürmesi,boy,5.0,salur_kazan,Salur Kazan,kişi,kiyan_oglu_deli_dundar,Kıyan Oğlu Deli Dündar,kişi,soldan saldım,otorite/emir,authority,AUTHORITY,otorite,3,pozitif,yönlü,açık_ilişki,,14_salur_kazanin_yedi_basli_ejderhayi_oldurmesi_boyu.csv,4,Salur Kazan - Kıyan Oğlu Deli Dündar (soldan saldım),ok,komutan sevki,matched_unique
DKR0821,S14,13. Boy: Salur Kazan'ın Yedi Başlı Ejderhayı Öldürmesi,boy,6.0,salur_kazan,Salur Kazan,kişi,ic_oguz_beyleri,İç Oğuz Beyleri,grup,sağdan saldım,otorite/emir,authority,AUTHORITY,otorite,3,pozitif,yönlü,açık_ilişki,,14_salur_kazanin_yedi_basli_ejderhayi_oldurmesi_boyu.csv,5,Salur Kazan - İç Oğuz beyleri (sağdan saldım),ok,komuta ilişkisi,matched_unique
DKR0822,S14,13. Boy: Salur Kazan'ın Yedi Başlı Ejderhayı Öldürmesi,boy,7.0,salur_kazan,Salur Kazan,kişi,dis_oguz_agalari,Dış Oğuz Ağaları,grup,soldan buyurdum,otorite/emir,authority,AUTHORITY,otorite,3,pozitif,yönlü,açık_ilişki,,14_salur_kazanin_yedi_basli_ejderhayi_oldurmesi_boyu.csv,6,Salur Kazan - Dış Oğuz ağaları (soldan buyurdum),ok,komuta ilişkisi,matched_unique
DKR0823,S14,13. Boy: Salur Kazan'ın Yedi Başlı Ejderhayı Öldürmesi,boy,8.0,salur_kazan,Salur Kazan,kişi,yuz_bin_kafir,Yüz Bin Kâfir,grup,savaş yaptı,çatışma,conflict,SOCIAL,çatışma,5,negatif,yönsüz,açık_ilişki,,14_salur_kazanin_yedi_basli_ejderhayi_oldurmesi_boyu.csv,7,Salur Kazan - yüz bin kâfir (savaş yaptı),ok,yedi gün yedi gece savaş,matched_unique
DKR0824,S14,13. Boy: Salur Kazan'ın Yedi Başlı Ejderhayı Öldürmesi,boy,9.0,salur_kazan,Salur Kazan,kişi,bas_acik,Baş Açık,kişi,esir aldı,çatışma,conflict,SOCIAL,çatışma,5,negatif,yönsüz,açık_ilişki,,14_salur_kazanin_yedi_basli_ejderhayi_oldurmesi_boyu.csv,8,Salur Kazan - Baş Açık (esir aldı),ok,esaret,matched_unique
DKR0825,S14,13. Boy: Salur Kazan'ın Yedi Başlı Ejderhayı Öldürmesi,boy,10.0,salur_kazan,Salur Kazan,kişi,lala_kilbas,Lala Kılbaş,kişi,daruga yaptı,otorite/emir,authority,AUTHORITY,otorite,3,pozitif,yönlü,açık_ilişki,,14_salur_kazanin_yedi_basli_ejderhayi_oldurmesi_boyu.csv,9,Salur Kazan - Lala Kılbaş (daruga yaptı),ok,Akça Kale Sürmeli'de daruga ataması,matched_unique
DKR0826,S14,13. Boy: Salur Kazan'ın Yedi Başlı Ejderhayı Öldürmesi,boy,11.0,salur_kazan,Salur Kazan,kişi,alti_bey_oglu,Altı Bey Oğlu,kişi,tuğra ve nekkare verip bey yaptı,ödül/değişim,cooperation,SOCIAL,otorite,3,pozitif,yönlü,açık_ilişki,,14_salur_kazanin_yedi_basli_ejderhayi_oldurmesi_boyu.csv,10,Salur Kazan - altı bey oğlu (bey yaptı),ok,yetki ve paye verme,matched_unique
DKR0827,S14,13. Boy: Salur Kazan'ın Yedi Başlı Ejderhayı Öldürmesi,boy,12.0,salur_kazan,Salur Kazan,kişi,ic_oguz_beyleri,İç Oğuz Beyleri,grup,ava çıktı,hareket/eylem,other,OTHER,olay,2,nötr,yönlü,açık_ilişki,,14_salur_kazanin_yedi_basli_ejderhayi_oldurmesi_boyu.csv,,Salur Kazan - beyleri (ava çıktı),ok,beyleriyle ava gitmesi,unmatched_provenance_gap
DKR0828,S14,13. Boy: Salur Kazan'ın Yedi Başlı Ejderhayı Öldürmesi,boy,13.0,salur_kazan,Salur Kazan,kişi,kazanin_askerleri,Kazanın Askerleri,grup,orduya geri dönün dedi,otorite/emir,authority,AUTHORITY,otorite,3,pozitif,yönlü,açık_ilişki,,14_salur_kazanin_yedi_basli_ejderhayi_oldurmesi_boyu.csv,,Salur Kazan - askerleri (orduya geri dönün),ok,yalnız avlanmak istedi,unmatched_provenance_gap
DKR0829,S14,13. Boy: Salur Kazan'ın Yedi Başlı Ejderhayı Öldürmesi,boy,14.0,lala_kilbas,Lala Kılbaş,kişi,salur_kazan,Salur Kazan,kişi,ardınca gitti,destek/yardım,support,SOCIAL,olay,4,pozitif,yönlü,açık_ilişki,,14_salur_kazanin_yedi_basli_ejderhayi_oldurmesi_boyu.csv,13,Lala Kılbaş - Salur Kazan (ardınca gitti),ok,yalnız bırakmadı,matched_unique
DKR0830,S14,13. Boy: Salur Kazan'ın Yedi Başlı Ejderhayı Öldürmesi,boy,15.0,salur_kazan,Salur Kazan,kişi,lala_kilbas,Lala Kılbaş,kişi,fikrini sordu,diyalog_nötr,communication,SOCIAL,iletişim,2,nötr,yönlü,açık_ilişki,,14_salur_kazanin_yedi_basli_ejderhayi_oldurmesi_boyu.csv,14,Salur Kazan - Lala Kılbaş (fikrini sordu),ok,ejderha karşısında danışma,matched_unique
DKR0831,S14,13. Boy: Salur Kazan'ın Yedi Başlı Ejderhayı Öldürmesi,boy,16.0,lala_kilbas,Lala Kılbaş,kişi,salur_kazan,Salur Kazan,kişi,üstüne varmasını öğütledi,ikna/müzakere,cooperation,SOCIAL,iletişim,3,pozitif,yönlü,açık_ilişki,,14_salur_kazanin_yedi_basli_ejderhayi_oldurmesi_boyu.csv,15,Lala Kılbaş - Salur Kazan (öğüt verdi),ok,ejderhadan kaçmamasını öğütledi,matched_unique
DKR0832,S14,13. Boy: Salur Kazan'ın Yedi Başlı Ejderhayı Öldürmesi,boy,17.0,salur_kazan,Salur Kazan,kişi,yedi_basli_ejderha,Yedi Başlı Ejderha,mitolojik/ilahi,karşılaştı,gerilim,conflict,SOCIAL,çatışma,4,negatif,yönsüz,açık_ilişki,,14_salur_kazanin_yedi_basli_ejderhayi_oldurmesi_boyu.csv,16,Salur Kazan - Yedi Başlı Ejderha (karşılaşma),ok,ava çıkarken ejderhaya rastladı,matched_unique
DKR0833,S14,13. Boy: Salur Kazan'ın Yedi Başlı Ejderhayı Öldürmesi,boy,18.0,yedi_basli_ejderha,Yedi Başlı Ejderha,mitolojik/ilahi,salur_kazan,Salur Kazan,kişi,yutmaya çalıştı,çatışma,conflict,SOCIAL,çatışma,5,negatif,yönsüz,açık_ilişki,,14_salur_kazanin_yedi_basli_ejderhayi_oldurmesi_boyu.csv,17,Yedi Başlı Ejderha - Salur Kazan (yutmaya çalıştı),ok,nefesiyle sürükledi,matched_unique
DKR0834,S14,13. Boy: Salur Kazan'ın Yedi Başlı Ejderhayı Öldürmesi,boy,19.0,salur_kazan,Salur Kazan,kişi,tanri,Tanrı,mitolojik/ilahi,yakarış,ikna/müzakere,cooperation,SOCIAL,iletişim,3,pozitif,yönlü,açık_ilişki,,14_salur_kazanin_yedi_basli_ejderhayi_oldurmesi_boyu.csv,18,Salur Kazan - Allah Tanrı (dua/yakarış),ok,kurtuluş yolu istedi,matched_unique
DKR0835,S14,13. Boy: Salur Kazan'ın Yedi Başlı Ejderhayı Öldürmesi,boy,20.0,tanri,Tanrı,mitolojik/ilahi,salur_kazan,Salur Kazan,kişi,kaya peyda etti,destek/yardım,support,SOCIAL,olay,4,pozitif,yönlü,açık_ilişki,,14_salur_kazanin_yedi_basli_ejderhayi_oldurmesi_boyu.csv,19,Allah Tanrı - Salur Kazan (yardım),ok,korunaklı kaya belirdi,matched_unique
DKR0836,S14,13. Boy: Salur Kazan'ın Yedi Başlı Ejderhayı Öldürmesi,boy,21.0,salur_kazan,Salur Kazan,kişi,yedi_basli_ejderha,Yedi Başlı Ejderha,mitolojik/ilahi,ok yağdırdı,çatışma,conflict,SOCIAL,çatışma,5,negatif,yönsüz,açık_ilişki,,14_salur_kazanin_yedi_basli_ejderhayi_oldurmesi_boyu.csv,20,Salur Kazan - Yedi Başlı Ejderha (ok yağdırdı),ok,seksen ok attı,matched_unique
DKR0837,S14,13. Boy: Salur Kazan'ın Yedi Başlı Ejderhayı Öldürmesi,boy,22.0,salur_kazan,Salur Kazan,kişi,yedi_basli_ejderha,Yedi Başlı Ejderha,mitolojik/ilahi,yedi başını kılıçla kesti,çatışma,conflict,SOCIAL,çatışma,5,negatif,yönsüz,açık_ilişki,,14_salur_kazanin_yedi_basli_ejderhayi_oldurmesi_boyu.csv,21,Salur Kazan - Yedi Başlı Ejderha (öldürdü),ok,öldürdü,matched_unique
DKR0838,S14,13. Boy: Salur Kazan'ın Yedi Başlı Ejderhayı Öldürmesi,boy,23.0,lala_kilbas,Lala Kılbaş,kişi,salur_kazan,Salur Kazan,kişi,erliğine yiğitliğine aferin dedi,diyalog_olumlu,communication,SOCIAL,iletişim,3,pozitif,yönlü,açık_ilişki,,14_salur_kazanin_yedi_basli_ejderhayi_oldurmesi_boyu.csv,22,Lala Kılbaş - Salur Kazan (övgü),ok,övgü,matched_unique
DKR0839,S14,13. Boy: Salur Kazan'ın Yedi Başlı Ejderhayı Öldürmesi,boy,24.0,salur_kazan,Salur Kazan,kişi,lala_kilbas,Lala Kılbaş,kişi,senin verdiğin cesaret ve güç öldürdü dedi,diyalog_olumlu,communication,SOCIAL,iletişim,3,pozitif,yönlü,açık_ilişki,,14_salur_kazanin_yedi_basli_ejderhayi_oldurmesi_boyu.csv,23,Salur Kazan - Lala Kılbaş (minnet/övgü),ok,başarıyı Lala'ya pay etti,matched_unique
DKR0840,S14,13. Boy: Salur Kazan'ın Yedi Başlı Ejderhayı Öldürmesi,boy,25.0,salur_kazan,Salur Kazan,kişi,ustalar,Ustalar,grup,ejderhanın derisini yüzdür dedi,otorite/emir,authority,AUTHORITY,otorite,3,pozitif,yönlü,açık_ilişki,,14_salur_kazanin_yedi_basli_ejderhayi_oldurmesi_boyu.csv,24,Salur Kazan - Ustalar (deriyi yüzdür),ok,ustaları çağırttı,matched_unique
DKR0841,S14,13. Boy: Salur Kazan'ın Yedi Başlı Ejderhayı Öldürmesi,boy,26.0,lala_kilbas,Lala Kılbaş,kişi,ustalar,Ustalar,grup,getirtip deriyi yüzdürdü,otorite/emir,authority,AUTHORITY,otorite,3,pozitif,yönlü,açık_ilişki,,14_salur_kazanin_yedi_basli_ejderhayi_oldurmesi_boyu.csv,25,Lala Kılbaş - Ustalar (getirtip yüzdürdü),ok,uygulama,matched_unique
DKR0842,S14,13. Boy: Salur Kazan'ın Yedi Başlı Ejderhayı Öldürmesi,boy,27.0,kara_budak,Kara Budak,kişi,salur_kazan,Salur Kazan,kişi,amcası,akrabalık,kinship,KINSHIP,akrabalık,5,pozitif,yönsüz,çıkarımsal_akrabalık,,14_salur_kazanin_yedi_basli_ejderhayi_oldurmesi_boyu.csv,26,Kara Budak - Salur Kazan (amca),ok,amcasına seslendi,matched_unique
DKR0843,S14,13. Boy: Salur Kazan'ın Yedi Başlı Ejderhayı Öldürmesi,boy,28.0,bayindir_han,Bayındır Han,kişi,salur_kazan,Salur Kazan,kişi,"benim vekilim, iyi yiğittir",diyalog_olumlu,communication,SOCIAL,iletişim,3,pozitif,yönlü,açık_ilişki,,14_salur_kazanin_yedi_basli_ejderhayi_oldurmesi_boyu.csv,27,Bayındır Padişah - Salur Kazan (övgü/güven),ok,savunma ve güven beyanı,matched_unique
DKR0844,S14,13. Boy: Salur Kazan'ın Yedi Başlı Ejderhayı Öldürmesi,boy,29.0,kara_budak,Kara Budak,kişi,salur_kazan,Salur Kazan,kişi,söyleşmezsen öldürürüm dedi,gerilim,conflict,SOCIAL,çatışma,4,negatif,yönsüz,açık_ilişki,,14_salur_kazanin_yedi_basli_ejderhayi_oldurmesi_boyu.csv,28,Kara Budak - Salur Kazan (meydan okuma),ok,kimlik sınaması,matched_unique
DKR0845,S14,13. Boy: Salur Kazan'ın Yedi Başlı Ejderhayı Öldürmesi,boy,30.0,salur_kazan,Salur Kazan,kişi,kara_budak,Kara Budak,kişi,kılıcını beline bağladı,destek/yardım,support,SOCIAL,olay,4,pozitif,yönlü,açık_ilişki,,14_salur_kazanin_yedi_basli_ejderhayi_oldurmesi_boyu.csv,29,Salur Kazan - Kara Budak (kılıç verdi),ok,güven ve paye,matched_unique
DKR0846,S14,13. Boy: Salur Kazan'ın Yedi Başlı Ejderhayı Öldürmesi,boy,31.0,kara_budak,Kara Budak,kişi,bayindir_han,Bayındır Han,kişi,haber verdi,diyalog_nötr,communication,SOCIAL,iletişim,2,nötr,yönlü,açık_ilişki,,14_salur_kazanin_yedi_basli_ejderhayi_oldurmesi_boyu.csv,30,Kara Budak - Bayındır Padişah (haber verdi),ok,Kazan ejderha öldürmüştür,matched_unique
DKR0847,S14,13. Boy: Salur Kazan'ın Yedi Başlı Ejderhayı Öldürmesi,boy,32.0,ic_oguz,İç Oğuz,grup,salur_kazan,Salur Kazan,kişi,karşıladı,diyalog_olumlu,communication,SOCIAL,iletişim,3,pozitif,yönlü,açık_ilişki,,14_salur_kazanin_yedi_basli_ejderhayi_oldurmesi_boyu.csv,,İç Oğuz - Salur Kazan (karşıladı),ok,topluca karşılama,unmatched_provenance_gap
DKR0848,S14,13. Boy: Salur Kazan'ın Yedi Başlı Ejderhayı Öldürmesi,boy,33.0,dis_oguz,Dış Oğuz,grup,salur_kazan,Salur Kazan,kişi,karşıladı,diyalog_olumlu,communication,SOCIAL,iletişim,3,pozitif,yönlü,açık_ilişki,,14_salur_kazanin_yedi_basli_ejderhayi_oldurmesi_boyu.csv,32,Dış Oğuz - Salur Kazan (karşıladı),ok,topluca karşılama,matched_unique
DKR0849,S14,13. Boy: Salur Kazan'ın Yedi Başlı Ejderhayı Öldürmesi,boy,34.0,salur_kazan,Salur Kazan,kişi,bayindir_han,Bayındır Han,kişi,ayağına kapandı,otorite/emir,authority,AUTHORITY,otorite,3,pozitif,yönlü,açık_ilişki,,14_salur_kazanin_yedi_basli_ejderhayi_oldurmesi_boyu.csv,33,Salur Kazan - Bayındır Padişah (ayağına kapandı),ok,bağlılık gösterisi,matched_unique
DKR0850,S14,13. Boy: Salur Kazan'ın Yedi Başlı Ejderhayı Öldürmesi,boy,35.0,salur_kazan,Salur Kazan,kişi,bayindir_han,Bayındır Han,kişi,ejderha derisinden gölgelik dikti ve konuk etti,ödül/değişim,cooperation,SOCIAL,otorite,3,pozitif,yönlü,açık_ilişki,,14_salur_kazanin_yedi_basli_ejderhayi_oldurmesi_boyu.csv,34,Salur Kazan - Bayındır Padişah (gölgelik/konukluk),ok,yedi gün yedi gece konuk etti,matched_unique
DKR0851,S14,13. Boy: Salur Kazan'ın Yedi Başlı Ejderhayı Öldürmesi,boy,36.0,dede_korkut,Dede Korkut,kişi,salur_kazan,Salur Kazan,kişi,koçak yiğit diye övdü,diyalog_olumlu,communication,SOCIAL,iletişim,3,pozitif,yönlü,açık_ilişki,,14_salur_kazanin_yedi_basli_ejderhayi_oldurmesi_boyu.csv,35,Dede Korkut - Salur Kazan (övgü),ok,son söz/övgü,matched_unique
